{"timestamp":"2026-07-13T07:59:11.637738Z","level":"info","event":"Filling up the DagBag from /opt/airflow/dags/scrape_dag.py","logger":"airflow.dag_processing.dagbag.BundleDagBag","filename":"dagbag.py","lineno":460}
{"timestamp":"2026-07-13T07:59:11.876811Z","level":"warning","event":"Setting email on a task is deprecated; please migrate to SmtpNotifier.","category":"UserWarning","filename":"/home/airflow/.local/lib/python3.13/site-packages/airflow/providers/standard/operators/python.py","lineno":194,"logger":"py.warnings"}
{"timestamp":"2026-07-13T07:59:11.877016Z","level":"warning","event":"Setting email_on_retry on a task is deprecated; please migrate to SmtpNotifier.","category":"UserWarning","filename":"/home/airflow/.local/lib/python3.13/site-packages/airflow/providers/standard/operators/python.py","lineno":194,"logger":"py.warnings"}
{"timestamp":"2026-07-13T07:59:11.877100Z","level":"warning","event":"Setting email_on_failure on a task is deprecated; please migrate to SmtpNotifier.","category":"UserWarning","filename":"/home/airflow/.local/lib/python3.13/site-packages/airflow/providers/standard/operators/python.py","lineno":194,"logger":"py.warnings"}
{"timestamp":"2026-07-13T07:59:43.151966Z","level":"info","event":"Filling up the DagBag from /opt/airflow/dags/scrape_dag.py","logger":"airflow.dag_processing.dagbag.BundleDagBag","filename":"dagbag.py","lineno":460}
{"timestamp":"2026-07-13T07:59:43.283932Z","level":"warning","event":"Setting email on a task is deprecated; please migrate to SmtpNotifier.","category":"UserWarning","filename":"/home/airflow/.local/lib/python3.13/site-packages/airflow/providers/standard/operators/python.py","lineno":194,"logger":"py.warnings"}
{"timestamp":"2026-07-13T07:59:43.284194Z","level":"warning","event":"Setting email_on_retry on a task is deprecated; please migrate to SmtpNotifier.","category":"UserWarning","filename":"/home/airflow/.local/lib/python3.13/site-packages/airflow/providers/standard/operators/python.py","lineno":194,"logger":"py.warnings"}
{"timestamp":"2026-07-13T07:59:43.284354Z","level":"warning","event":"Setting email_on_failure on a task is deprecated; please migrate to SmtpNotifier.","category":"UserWarning","filename":"/home/airflow/.local/lib/python3.13/site-packages/airflow/providers/standard/operators/python.py","lineno":194,"logger":"py.warnings"}
{"timestamp":"2026-07-13T08:00:13.724931Z","level":"info","event":"Filling up the DagBag from /opt/airflow/dags/scrape_dag.py","logger":"airflow.dag_processing.dagbag.BundleDagBag","filename":"dagbag.py","lineno":460}
{"timestamp":"2026-07-13T08:00:13.922591Z","level":"warning","event":"Setting email on a task is deprecated; please migrate to SmtpNotifier.","category":"UserWarning","filename":"/home/airflow/.local/lib/python3.13/site-packages/airflow/providers/standard/operators/python.py","lineno":194,"logger":"py.warnings"}
{"timestamp":"2026-07-13T08:00:13.922701Z","level":"warning","event":"Setting email_on_retry on a task is deprecated; please migrate to SmtpNotifier.","category":"UserWarning","filename":"/home/airflow/.local/lib/python3.13/site-packages/airflow/providers/standard/operators/python.py","lineno":194,"logger":"py.warnings"}
{"timestamp":"2026-07-13T08:00:13.922741Z","level":"warning","event":"Setting email_on_failure on a task is deprecated; please migrate to SmtpNotifier.","category":"UserWarning","filename":"/home/airflow/.local/lib/python3.13/site-packages/airflow/providers/standard/operators/python.py","lineno":194,"logger":"py.warnings"}
{"timestamp":"2026-07-13T08:00:44.317803Z","level":"info","event":"Filling up the DagBag from /opt/airflow/dags/scrape_dag.py","logger":"airflow.dag_processing.dagbag.BundleDagBag","filename":"dagbag.py","lineno":460}
{"timestamp":"2026-07-13T08:00:44.506725Z","level":"warning","event":"Setting email on a task is deprecated; please migrate to SmtpNotifier.","category":"UserWarning","filename":"/home/airflow/.local/lib/python3.13/site-packages/airflow/providers/standard/operators/python.py","lineno":194,"logger":"py.warnings"}
{"timestamp":"2026-07-13T08:00:44.506855Z","level":"warning","event":"Setting email_on_retry on a task is deprecated; please migrate to SmtpNotifier.","category":"UserWarning","filename":"/home/airflow/.local/lib/python3.13/site-packages/airflow/providers/standard/operators/python.py","lineno":194,"logger":"py.warnings"}
{"timestamp":"2026-07-13T08:00:44.506894Z","level":"warning","event":"Setting email_on_failure on a task is deprecated; please migrate to SmtpNotifier.","category":"UserWarning","filename":"/home/airflow/.local/lib/python3.13/site-packages/airflow/providers/standard/operators/python.py","lineno":194,"logger":"py.warnings"}
{"timestamp":"2026-07-13T08:01:15.331972Z","level":"info","event":"Filling up the DagBag from /opt/airflow/dags/scrape_dag.py","logger":"airflow.dag_processing.dagbag.BundleDagBag","filename":"dagbag.py","lineno":460}
{"timestamp":"2026-07-13T08:01:15.464570Z","level":"warning","event":"Setting email on a task is deprecated; please migrate to SmtpNotifier.","category":"UserWarning","filename":"/home/airflow/.local/lib/python3.13/site-packages/airflow/providers/standard/operators/python.py","lineno":194,"logger":"py.warnings"}
{"timestamp":"2026-07-13T08:01:15.465012Z","level":"warning","event":"Setting email_on_retry on a task is deprecated; please migrate to SmtpNotifier.","category":"UserWarning","filename":"/home/airflow/.local/lib/python3.13/site-packages/airflow/providers/standard/operators/python.py","lineno":194,"logger":"py.warnings"}
{"timestamp":"2026-07-13T08:01:15.465076Z","level":"warning","event":"Setting email_on_failure on a task is deprecated; please migrate to SmtpNotifier.","category":"UserWarning","filename":"/home/airflow/.local/lib/python3.13/site-packages/airflow/providers/standard/operators/python.py","lineno":194,"logger":"py.warnings"}
{"timestamp":"2026-07-13T08:01:46.518262Z","level":"info","event":"Filling up the DagBag from /opt/airflow/dags/scrape_dag.py","logger":"airflow.dag_processing.dagbag.BundleDagBag","filename":"dagbag.py","lineno":460}
{"timestamp":"2026-07-13T08:01:46.682076Z","level":"warning","event":"Setting email on a task is deprecated; please migrate to SmtpNotifier.","category":"UserWarning","filename":"/home/airflow/.local/lib/python3.13/site-packages/airflow/providers/standard/operators/python.py","lineno":194,"logger":"py.warnings"}
{"timestamp":"2026-07-13T08:01:46.682813Z","level":"warning","event":"Setting email_on_retry on a task is deprecated; please migrate to SmtpNotifier.","category":"UserWarning","filename":"/home/airflow/.local/lib/python3.13/site-packages/airflow/providers/standard/operators/python.py","lineno":194,"logger":"py.warnings"}
{"timestamp":"2026-07-13T08:01:46.683159Z","level":"warning","event":"Setting email_on_failure on a task is deprecated; please migrate to SmtpNotifier.","category":"UserWarning","filename":"/home/airflow/.local/lib/python3.13/site-packages/airflow/providers/standard/operators/python.py","lineno":194,"logger":"py.warnings"}
{"timestamp":"2026-07-13T08:02:17.261655Z","level":"info","event":"Filling up the DagBag from /opt/airflow/dags/scrape_dag.py","logger":"airflow.dag_processing.dagbag.BundleDagBag","filename":"dagbag.py","lineno":460}
{"timestamp":"2026-07-13T08:02:17.566602Z","level":"warning","event":"Setting email on a task is deprecated; please migrate to SmtpNotifier.","category":"UserWarning","filename":"/home/airflow/.local/lib/python3.13/site-packages/airflow/providers/standard/operators/python.py","lineno":194,"logger":"py.warnings"}
{"timestamp":"2026-07-13T08:02:17.569270Z","level":"warning","event":"Setting email_on_retry on a task is deprecated; please migrate to SmtpNotifier.","category":"UserWarning","filename":"/home/airflow/.local/lib/python3.13/site-packages/airflow/providers/standard/operators/python.py","lineno":194,"logger":"py.warnings"}
{"timestamp":"2026-07-13T08:02:17.569382Z","level":"warning","event":"Setting email_on_failure on a task is deprecated; please migrate to SmtpNotifier.","category":"UserWarning","filename":"/home/airflow/.local/lib/python3.13/site-packages/airflow/providers/standard/operators/python.py","lineno":194,"logger":"py.warnings"}
{"timestamp":"2026-07-13T08:02:48.311760Z","level":"info","event":"Filling up the DagBag from /opt/airflow/dags/scrape_dag.py","logger":"airflow.dag_processing.dagbag.BundleDagBag","filename":"dagbag.py","lineno":460}
{"timestamp":"2026-07-13T08:02:48.508777Z","level":"warning","event":"Setting email on a task is deprecated; please migrate to SmtpNotifier.","category":"UserWarning","filename":"/home/airflow/.local/lib/python3.13/site-packages/airflow/providers/standard/operators/python.py","lineno":194,"logger":"py.warnings"}
{"timestamp":"2026-07-13T08:02:48.508879Z","level":"warning","event":"Setting email_on_retry on a task is deprecated; please migrate to SmtpNotifier.","category":"UserWarning","filename":"/home/airflow/.local/lib/python3.13/site-packages/airflow/providers/standard/operators/python.py","lineno":194,"logger":"py.warnings"}
{"timestamp":"2026-07-13T08:02:48.508916Z","level":"warning","event":"Setting email_on_failure on a task is deprecated; please migrate to SmtpNotifier.","category":"UserWarning","filename":"/home/airflow/.local/lib/python3.13/site-packages/airflow/providers/standard/operators/python.py","lineno":194,"logger":"py.warnings"}
{"timestamp":"2026-07-13T08:03:18.986883Z","level":"info","event":"Filling up the DagBag from /opt/airflow/dags/scrape_dag.py","logger":"airflow.dag_processing.dagbag.BundleDagBag","filename":"dagbag.py","lineno":460}
{"timestamp":"2026-07-13T08:03:19.136625Z","level":"warning","event":"Setting email on a task is deprecated; please migrate to SmtpNotifier.","category":"UserWarning","filename":"/home/airflow/.local/lib/python3.13/site-packages/airflow/providers/standard/operators/python.py","lineno":194,"logger":"py.warnings"}
{"timestamp":"2026-07-13T08:03:19.136755Z","level":"warning","event":"Setting email_on_retry on a task is deprecated; please migrate to SmtpNotifier.","category":"UserWarning","filename":"/home/airflow/.local/lib/python3.13/site-packages/airflow/providers/standard/operators/python.py","lineno":194,"logger":"py.warnings"}
{"timestamp":"2026-07-13T08:03:19.136791Z","level":"warning","event":"Setting email_on_failure on a task is deprecated; please migrate to SmtpNotifier.","category":"UserWarning","filename":"/home/airflow/.local/lib/python3.13/site-packages/airflow/providers/standard/operators/python.py","lineno":194,"logger":"py.warnings"}
{"timestamp":"2026-07-13T08:03:49.702464Z","level":"info","event":"Filling up the DagBag from /opt/airflow/dags/scrape_dag.py","logger":"airflow.dag_processing.dagbag.BundleDagBag","filename":"dagbag.py","lineno":460}
{"timestamp":"2026-07-13T08:03:49.846063Z","level":"warning","event":"Setting email on a task is deprecated; please migrate to SmtpNotifier.","category":"UserWarning","filename":"/home/airflow/.local/lib/python3.13/site-packages/airflow/providers/standard/operators/python.py","lineno":194,"logger":"py.warnings"}
{"timestamp":"2026-07-13T08:03:49.846174Z","level":"warning","event":"Setting email_on_retry on a task is deprecated; please migrate to SmtpNotifier.","category":"UserWarning","filename":"/home/airflow/.local/lib/python3.13/site-packages/airflow/providers/standard/operators/python.py","lineno":194,"logger":"py.warnings"}
{"timestamp":"2026-07-13T08:03:49.846214Z","level":"warning","event":"Setting email_on_failure on a task is deprecated; please migrate to SmtpNotifier.","category":"UserWarning","filename":"/home/airflow/.local/lib/python3.13/site-packages/airflow/providers/standard/operators/python.py","lineno":194,"logger":"py.warnings"}
{"timestamp":"2026-07-13T08:04:20.875089Z","level":"info","event":"Filling up the DagBag from /opt/airflow/dags/scrape_dag.py","logger":"airflow.dag_processing.dagbag.BundleDagBag","filename":"dagbag.py","lineno":460}
{"timestamp":"2026-07-13T08:04:21.220131Z","level":"warning","event":"Setting email on a task is deprecated; please migrate to SmtpNotifier.","category":"UserWarning","filename":"/home/airflow/.local/lib/python3.13/site-packages/airflow/providers/standard/operators/python.py","lineno":194,"logger":"py.warnings"}
{"timestamp":"2026-07-13T08:04:21.223127Z","level":"warning","event":"Setting email_on_retry on a task is deprecated; please migrate to SmtpNotifier.","category":"UserWarning","filename":"/home/airflow/.local/lib/python3.13/site-packages/airflow/providers/standard/operators/python.py","lineno":194,"logger":"py.warnings"}
{"timestamp":"2026-07-13T08:04:21.223251Z","level":"warning","event":"Setting email_on_failure on a task is deprecated; please migrate to SmtpNotifier.","category":"UserWarning","filename":"/home/airflow/.local/lib/python3.13/site-packages/airflow/providers/standard/operators/python.py","lineno":194,"logger":"py.warnings"}
{"timestamp":"2026-07-13T08:04:52.156758Z","level":"info","event":"Filling up the DagBag from /opt/airflow/dags/scrape_dag.py","logger":"airflow.dag_processing.dagbag.BundleDagBag","filename":"dagbag.py","lineno":460}
{"timestamp":"2026-07-13T08:04:52.364502Z","level":"warning","event":"Setting email on a task is deprecated; please migrate to SmtpNotifier.","category":"UserWarning","filename":"/home/airflow/.local/lib/python3.13/site-packages/airflow/providers/standard/operators/python.py","lineno":194,"logger":"py.warnings"}
{"timestamp":"2026-07-13T08:04:52.364603Z","level":"warning","event":"Setting email_on_retry on a task is deprecated; please migrate to SmtpNotifier.","category":"UserWarning","filename":"/home/airflow/.local/lib/python3.13/site-packages/airflow/providers/standard/operators/python.py","lineno":194,"logger":"py.warnings"}
{"timestamp":"2026-07-13T08:04:52.364640Z","level":"warning","event":"Setting email_on_failure on a task is deprecated; please migrate to SmtpNotifier.","category":"UserWarning","filename":"/home/airflow/.local/lib/python3.13/site-packages/airflow/providers/standard/operators/python.py","lineno":194,"logger":"py.warnings"}
{"timestamp":"2026-07-13T08:05:22.442987Z","level":"info","event":"Filling up the DagBag from /opt/airflow/dags/scrape_dag.py","logger":"airflow.dag_processing.dagbag.BundleDagBag","filename":"dagbag.py","lineno":460}
{"timestamp":"2026-07-13T08:05:22.620941Z","level":"warning","event":"Setting email on a task is deprecated; please migrate to SmtpNotifier.","category":"UserWarning","filename":"/home/airflow/.local/lib/python3.13/site-packages/airflow/providers/standard/operators/python.py","lineno":194,"logger":"py.warnings"}
{"timestamp":"2026-07-13T08:05:22.621223Z","level":"warning","event":"Setting email_on_retry on a task is deprecated; please migrate to SmtpNotifier.","category":"UserWarning","filename":"/home/airflow/.local/lib/python3.13/site-packages/airflow/providers/standard/operators/python.py","lineno":194,"logger":"py.warnings"}
{"timestamp":"2026-07-13T08:05:22.621409Z","level":"warning","event":"Setting email_on_failure on a task is deprecated; please migrate to SmtpNotifier.","category":"UserWarning","filename":"/home/airflow/.local/lib/python3.13/site-packages/airflow/providers/standard/operators/python.py","lineno":194,"logger":"py.warnings"}
{"timestamp":"2026-07-13T08:05:53.122885Z","level":"info","event":"Filling up the DagBag from /opt/airflow/dags/scrape_dag.py","logger":"airflow.dag_processing.dagbag.BundleDagBag","filename":"dagbag.py","lineno":460}
{"timestamp":"2026-07-13T08:05:53.267548Z","level":"warning","event":"Setting email on a task is deprecated; please migrate to SmtpNotifier.","category":"UserWarning","filename":"/home/airflow/.local/lib/python3.13/site-packages/airflow/providers/standard/operators/python.py","lineno":194,"logger":"py.warnings"}
{"timestamp":"2026-07-13T08:05:53.267666Z","level":"warning","event":"Setting email_on_retry on a task is deprecated; please migrate to SmtpNotifier.","category":"UserWarning","filename":"/home/airflow/.local/lib/python3.13/site-packages/airflow/providers/standard/operators/python.py","lineno":194,"logger":"py.warnings"}
{"timestamp":"2026-07-13T08:05:53.267722Z","level":"warning","event":"Setting email_on_failure on a task is deprecated; please migrate to SmtpNotifier.","category":"UserWarning","filename":"/home/airflow/.local/lib/python3.13/site-packages/airflow/providers/standard/operators/python.py","lineno":194,"logger":"py.warnings"}
{"timestamp":"2026-07-13T08:06:23.924608Z","level":"info","event":"Filling up the DagBag from /opt/airflow/dags/scrape_dag.py","logger":"airflow.dag_processing.dagbag.BundleDagBag","filename":"dagbag.py","lineno":460}
{"timestamp":"2026-07-13T08:06:24.074718Z","level":"warning","event":"Setting email on a task is deprecated; please migrate to SmtpNotifier.","category":"UserWarning","filename":"/home/airflow/.local/lib/python3.13/site-packages/airflow/providers/standard/operators/python.py","lineno":194,"logger":"py.warnings"}
{"timestamp":"2026-07-13T08:06:24.074857Z","level":"warning","event":"Setting email_on_retry on a task is deprecated; please migrate to SmtpNotifier.","category":"UserWarning","filename":"/home/airflow/.local/lib/python3.13/site-packages/airflow/providers/standard/operators/python.py","lineno":194,"logger":"py.warnings"}
{"timestamp":"2026-07-13T08:06:24.074950Z","level":"warning","event":"Setting email_on_failure on a task is deprecated; please migrate to SmtpNotifier.","category":"UserWarning","filename":"/home/airflow/.local/lib/python3.13/site-packages/airflow/providers/standard/operators/python.py","lineno":194,"logger":"py.warnings"}
{"timestamp":"2026-07-13T08:06:54.414966Z","level":"info","event":"Filling up the DagBag from /opt/airflow/dags/scrape_dag.py","logger":"airflow.dag_processing.dagbag.BundleDagBag","filename":"dagbag.py","lineno":460}
{"timestamp":"2026-07-13T08:06:54.591678Z","level":"warning","event":"Setting email on a task is deprecated; please migrate to SmtpNotifier.","category":"UserWarning","filename":"/home/airflow/.local/lib/python3.13/site-packages/airflow/providers/standard/operators/python.py","lineno":194,"logger":"py.warnings"}
{"timestamp":"2026-07-13T08:06:54.591868Z","level":"warning","event":"Setting email_on_retry on a task is deprecated; please migrate to SmtpNotifier.","category":"UserWarning","filename":"/home/airflow/.local/lib/python3.13/site-packages/airflow/providers/standard/operators/python.py","lineno":194,"logger":"py.warnings"}
{"timestamp":"2026-07-13T08:06:54.591957Z","level":"warning","event":"Setting email_on_failure on a task is deprecated; please migrate to SmtpNotifier.","category":"UserWarning","filename":"/home/airflow/.local/lib/python3.13/site-packages/airflow/providers/standard/operators/python.py","lineno":194,"logger":"py.warnings"}
{"timestamp":"2026-07-13T08:07:25.357310Z","level":"info","event":"Filling up the DagBag from /opt/airflow/dags/scrape_dag.py","logger":"airflow.dag_processing.dagbag.BundleDagBag","filename":"dagbag.py","lineno":460}
{"timestamp":"2026-07-13T08:07:25.562607Z","level":"warning","event":"Setting email on a task is deprecated; please migrate to SmtpNotifier.","category":"UserWarning","filename":"/home/airflow/.local/lib/python3.13/site-packages/airflow/providers/standard/operators/python.py","lineno":194,"logger":"py.warnings"}
{"timestamp":"2026-07-13T08:07:25.562761Z","level":"warning","event":"Setting email_on_retry on a task is deprecated; please migrate to SmtpNotifier.","category":"UserWarning","filename":"/home/airflow/.local/lib/python3.13/site-packages/airflow/providers/standard/operators/python.py","lineno":194,"logger":"py.warnings"}
{"timestamp":"2026-07-13T08:07:25.562798Z","level":"warning","event":"Setting email_on_failure on a task is deprecated; please migrate to SmtpNotifier.","category":"UserWarning","filename":"/home/airflow/.local/lib/python3.13/site-packages/airflow/providers/standard/operators/python.py","lineno":194,"logger":"py.warnings"}
{"timestamp":"2026-07-13T08:08:01.396847Z","level":"info","event":"Filling up the DagBag from /opt/airflow/dags/scrape_dag.py","logger":"airflow.dag_processing.dagbag.BundleDagBag","filename":"dagbag.py","lineno":460}
{"timestamp":"2026-07-13T08:08:02.026620Z","level":"warning","event":"Setting email on a task is deprecated; please migrate to SmtpNotifier.","category":"UserWarning","filename":"/home/airflow/.local/lib/python3.13/site-packages/airflow/providers/standard/operators/python.py","lineno":194,"logger":"py.warnings"}
{"timestamp":"2026-07-13T08:08:02.027415Z","level":"warning","event":"Setting email_on_retry on a task is deprecated; please migrate to SmtpNotifier.","category":"UserWarning","filename":"/home/airflow/.local/lib/python3.13/site-packages/airflow/providers/standard/operators/python.py","lineno":194,"logger":"py.warnings"}
{"timestamp":"2026-07-13T08:08:02.027492Z","level":"warning","event":"Setting email_on_failure on a task is deprecated; please migrate to SmtpNotifier.","category":"UserWarning","filename":"/home/airflow/.local/lib/python3.13/site-packages/airflow/providers/standard/operators/python.py","lineno":194,"logger":"py.warnings"}
{"timestamp":"2026-07-13T08:09:52.828067Z","level":"info","event":"Filling up the DagBag from /opt/airflow/dags/scrape_dag.py","logger":"airflow.dag_processing.dagbag.BundleDagBag","filename":"dagbag.py","lineno":460}
{"timestamp":"2026-07-13T08:09:53.196785Z","level":"warning","event":"Setting email on a task is deprecated; please migrate to SmtpNotifier.","category":"UserWarning","filename":"/home/airflow/.local/lib/python3.13/site-packages/airflow/providers/standard/operators/python.py","lineno":194,"logger":"py.warnings"}
{"timestamp":"2026-07-13T08:09:53.196985Z","level":"warning","event":"Setting email_on_retry on a task is deprecated; please migrate to SmtpNotifier.","category":"UserWarning","filename":"/home/airflow/.local/lib/python3.13/site-packages/airflow/providers/standard/operators/python.py","lineno":194,"logger":"py.warnings"}
{"timestamp":"2026-07-13T08:09:53.197088Z","level":"warning","event":"Setting email_on_failure on a task is deprecated; please migrate to SmtpNotifier.","category":"UserWarning","filename":"/home/airflow/.local/lib/python3.13/site-packages/airflow/providers/standard/operators/python.py","lineno":194,"logger":"py.warnings"}
{"timestamp":"2026-07-13T08:10:24.687582Z","level":"info","event":"Filling up the DagBag from /opt/airflow/dags/scrape_dag.py","logger":"airflow.dag_processing.dagbag.BundleDagBag","filename":"dagbag.py","lineno":460}
{"timestamp":"2026-07-13T08:10:24.933305Z","level":"warning","event":"Setting email on a task is deprecated; please migrate to SmtpNotifier.","category":"UserWarning","filename":"/home/airflow/.local/lib/python3.13/site-packages/airflow/providers/standard/operators/python.py","lineno":194,"logger":"py.warnings"}
{"timestamp":"2026-07-13T08:10:24.933473Z","level":"warning","event":"Setting email_on_retry on a task is deprecated; please migrate to SmtpNotifier.","category":"UserWarning","filename":"/home/airflow/.local/lib/python3.13/site-packages/airflow/providers/standard/operators/python.py","lineno":194,"logger":"py.warnings"}
{"timestamp":"2026-07-13T08:10:24.933546Z","level":"warning","event":"Setting email_on_failure on a task is deprecated; please migrate to SmtpNotifier.","category":"UserWarning","filename":"/home/airflow/.local/lib/python3.13/site-packages/airflow/providers/standard/operators/python.py","lineno":194,"logger":"py.warnings"}
{"timestamp":"2026-07-13T08:10:55.370258Z","level":"info","event":"Filling up the DagBag from /opt/airflow/dags/scrape_dag.py","logger":"airflow.dag_processing.dagbag.BundleDagBag","filename":"dagbag.py","lineno":460}
{"timestamp":"2026-07-13T08:10:55.701159Z","level":"warning","event":"Setting email on a task is deprecated; please migrate to SmtpNotifier.","category":"UserWarning","filename":"/home/airflow/.local/lib/python3.13/site-packages/airflow/providers/standard/operators/python.py","lineno":194,"logger":"py.warnings"}
{"timestamp":"2026-07-13T08:10:55.701426Z","level":"warning","event":"Setting email_on_retry on a task is deprecated; please migrate to SmtpNotifier.","category":"UserWarning","filename":"/home/airflow/.local/lib/python3.13/site-packages/airflow/providers/standard/operators/python.py","lineno":194,"logger":"py.warnings"}
{"timestamp":"2026-07-13T08:10:55.701566Z","level":"warning","event":"Setting email_on_failure on a task is deprecated; please migrate to SmtpNotifier.","category":"UserWarning","filename":"/home/airflow/.local/lib/python3.13/site-packages/airflow/providers/standard/operators/python.py","lineno":194,"logger":"py.warnings"}
{"timestamp":"2026-07-13T08:11:25.998692Z","level":"info","event":"Filling up the DagBag from /opt/airflow/dags/scrape_dag.py","logger":"airflow.dag_processing.dagbag.BundleDagBag","filename":"dagbag.py","lineno":460}
{"timestamp":"2026-07-13T08:11:26.135217Z","level":"warning","event":"Setting email on a task is deprecated; please migrate to SmtpNotifier.","category":"UserWarning","filename":"/home/airflow/.local/lib/python3.13/site-packages/airflow/providers/standard/operators/python.py","lineno":194,"logger":"py.warnings"}
{"timestamp":"2026-07-13T08:11:26.135374Z","level":"warning","event":"Setting email_on_retry on a task is deprecated; please migrate to SmtpNotifier.","category":"UserWarning","filename":"/home/airflow/.local/lib/python3.13/site-packages/airflow/providers/standard/operators/python.py","lineno":194,"logger":"py.warnings"}
{"timestamp":"2026-07-13T08:11:26.135442Z","level":"warning","event":"Setting email_on_failure on a task is deprecated; please migrate to SmtpNotifier.","category":"UserWarning","filename":"/home/airflow/.local/lib/python3.13/site-packages/airflow/providers/standard/operators/python.py","lineno":194,"logger":"py.warnings"}
{"timestamp":"2026-07-13T08:11:56.697566Z","level":"info","event":"Filling up the DagBag from /opt/airflow/dags/scrape_dag.py","logger":"airflow.dag_processing.dagbag.BundleDagBag","filename":"dagbag.py","lineno":460}
{"timestamp":"2026-07-13T08:11:57.285525Z","level":"warning","event":"Setting email on a task is deprecated; please migrate to SmtpNotifier.","category":"UserWarning","filename":"/home/airflow/.local/lib/python3.13/site-packages/airflow/providers/standard/operators/python.py","lineno":194,"logger":"py.warnings"}
{"timestamp":"2026-07-13T08:11:57.286963Z","level":"warning","event":"Setting email_on_retry on a task is deprecated; please migrate to SmtpNotifier.","category":"UserWarning","filename":"/home/airflow/.local/lib/python3.13/site-packages/airflow/providers/standard/operators/python.py","lineno":194,"logger":"py.warnings"}
{"timestamp":"2026-07-13T08:11:57.287351Z","level":"warning","event":"Setting email_on_failure on a task is deprecated; please migrate to SmtpNotifier.","category":"UserWarning","filename":"/home/airflow/.local/lib/python3.13/site-packages/airflow/providers/standard/operators/python.py","lineno":194,"logger":"py.warnings"}
{"timestamp":"2026-07-13T08:12:28.252414Z","level":"info","event":"Filling up the DagBag from /opt/airflow/dags/scrape_dag.py","logger":"airflow.dag_processing.dagbag.BundleDagBag","filename":"dagbag.py","lineno":460}
{"timestamp":"2026-07-13T08:12:28.431142Z","level":"warning","event":"Setting email on a task is deprecated; please migrate to SmtpNotifier.","category":"UserWarning","filename":"/home/airflow/.local/lib/python3.13/site-packages/airflow/providers/standard/operators/python.py","lineno":194,"logger":"py.warnings"}
{"timestamp":"2026-07-13T08:12:28.431279Z","level":"warning","event":"Setting email_on_retry on a task is deprecated; please migrate to SmtpNotifier.","category":"UserWarning","filename":"/home/airflow/.local/lib/python3.13/site-packages/airflow/providers/standard/operators/python.py","lineno":194,"logger":"py.warnings"}
{"timestamp":"2026-07-13T08:12:28.431345Z","level":"warning","event":"Setting email_on_failure on a task is deprecated; please migrate to SmtpNotifier.","category":"UserWarning","filename":"/home/airflow/.local/lib/python3.13/site-packages/airflow/providers/standard/operators/python.py","lineno":194,"logger":"py.warnings"}
{"timestamp":"2026-07-13T08:12:59.079397Z","level":"info","event":"Filling up the DagBag from /opt/airflow/dags/scrape_dag.py","logger":"airflow.dag_processing.dagbag.BundleDagBag","filename":"dagbag.py","lineno":460}
{"timestamp":"2026-07-13T08:12:59.329889Z","level":"warning","event":"Setting email on a task is deprecated; please migrate to SmtpNotifier.","category":"UserWarning","filename":"/home/airflow/.local/lib/python3.13/site-packages/airflow/providers/standard/operators/python.py","lineno":194,"logger":"py.warnings"}
{"timestamp":"2026-07-13T08:12:59.330032Z","level":"warning","event":"Setting email_on_retry on a task is deprecated; please migrate to SmtpNotifier.","category":"UserWarning","filename":"/home/airflow/.local/lib/python3.13/site-packages/airflow/providers/standard/operators/python.py","lineno":194,"logger":"py.warnings"}
{"timestamp":"2026-07-13T08:12:59.330077Z","level":"warning","event":"Setting email_on_failure on a task is deprecated; please migrate to SmtpNotifier.","category":"UserWarning","filename":"/home/airflow/.local/lib/python3.13/site-packages/airflow/providers/standard/operators/python.py","lineno":194,"logger":"py.warnings"}
{"timestamp":"2026-07-13T08:13:29.589383Z","level":"info","event":"Filling up the DagBag from /opt/airflow/dags/scrape_dag.py","logger":"airflow.dag_processing.dagbag.BundleDagBag","filename":"dagbag.py","lineno":460}
{"timestamp":"2026-07-13T08:13:29.790566Z","level":"warning","event":"Setting email on a task is deprecated; please migrate to SmtpNotifier.","category":"UserWarning","filename":"/home/airflow/.local/lib/python3.13/site-packages/airflow/providers/standard/operators/python.py","lineno":194,"logger":"py.warnings"}
{"timestamp":"2026-07-13T08:13:29.790660Z","level":"warning","event":"Setting email_on_retry on a task is deprecated; please migrate to SmtpNotifier.","category":"UserWarning","filename":"/home/airflow/.local/lib/python3.13/site-packages/airflow/providers/standard/operators/python.py","lineno":194,"logger":"py.warnings"}
{"timestamp":"2026-07-13T08:13:29.790705Z","level":"warning","event":"Setting email_on_failure on a task is deprecated; please migrate to SmtpNotifier.","category":"UserWarning","filename":"/home/airflow/.local/lib/python3.13/site-packages/airflow/providers/standard/operators/python.py","lineno":194,"logger":"py.warnings"}
{"timestamp":"2026-07-13T08:14:00.397240Z","level":"info","event":"Filling up the DagBag from /opt/airflow/dags/scrape_dag.py","logger":"airflow.dag_processing.dagbag.BundleDagBag","filename":"dagbag.py","lineno":460}
{"timestamp":"2026-07-13T08:14:00.569746Z","level":"warning","event":"Setting email on a task is deprecated; please migrate to SmtpNotifier.","category":"UserWarning","filename":"/home/airflow/.local/lib/python3.13/site-packages/airflow/providers/standard/operators/python.py","lineno":194,"logger":"py.warnings"}
{"timestamp":"2026-07-13T08:14:00.569884Z","level":"warning","event":"Setting email_on_retry on a task is deprecated; please migrate to SmtpNotifier.","category":"UserWarning","filename":"/home/airflow/.local/lib/python3.13/site-packages/airflow/providers/standard/operators/python.py","lineno":194,"logger":"py.warnings"}
{"timestamp":"2026-07-13T08:14:00.569966Z","level":"warning","event":"Setting email_on_failure on a task is deprecated; please migrate to SmtpNotifier.","category":"UserWarning","filename":"/home/airflow/.local/lib/python3.13/site-packages/airflow/providers/standard/operators/python.py","lineno":194,"logger":"py.warnings"}
{"timestamp":"2026-07-13T08:14:33.521079Z","level":"info","event":"Filling up the DagBag from /opt/airflow/dags/scrape_dag.py","logger":"airflow.dag_processing.dagbag.BundleDagBag","filename":"dagbag.py","lineno":460}
{"timestamp":"2026-07-13T08:14:33.790475Z","level":"warning","event":"Setting email on a task is deprecated; please migrate to SmtpNotifier.","category":"UserWarning","filename":"/home/airflow/.local/lib/python3.13/site-packages/airflow/providers/standard/operators/python.py","lineno":194,"logger":"py.warnings"}
{"timestamp":"2026-07-13T08:14:33.790777Z","level":"warning","event":"Setting email_on_retry on a task is deprecated; please migrate to SmtpNotifier.","category":"UserWarning","filename":"/home/airflow/.local/lib/python3.13/site-packages/airflow/providers/standard/operators/python.py","lineno":194,"logger":"py.warnings"}
{"timestamp":"2026-07-13T08:14:33.791044Z","level":"warning","event":"Setting email_on_failure on a task is deprecated; please migrate to SmtpNotifier.","category":"UserWarning","filename":"/home/airflow/.local/lib/python3.13/site-packages/airflow/providers/standard/operators/python.py","lineno":194,"logger":"py.warnings"}
{"timestamp":"2026-07-13T08:15:04.181265Z","level":"info","event":"Filling up the DagBag from /opt/airflow/dags/scrape_dag.py","logger":"airflow.dag_processing.dagbag.BundleDagBag","filename":"dagbag.py","lineno":460}
{"timestamp":"2026-07-13T08:15:04.366867Z","level":"warning","event":"Setting email on a task is deprecated; please migrate to SmtpNotifier.","category":"UserWarning","filename":"/home/airflow/.local/lib/python3.13/site-packages/airflow/providers/standard/operators/python.py","lineno":194,"logger":"py.warnings"}
{"timestamp":"2026-07-13T08:15:04.366982Z","level":"warning","event":"Setting email_on_retry on a task is deprecated; please migrate to SmtpNotifier.","category":"UserWarning","filename":"/home/airflow/.local/lib/python3.13/site-packages/airflow/providers/standard/operators/python.py","lineno":194,"logger":"py.warnings"}
{"timestamp":"2026-07-13T08:15:04.367034Z","level":"warning","event":"Setting email_on_failure on a task is deprecated; please migrate to SmtpNotifier.","category":"UserWarning","filename":"/home/airflow/.local/lib/python3.13/site-packages/airflow/providers/standard/operators/python.py","lineno":194,"logger":"py.warnings"}
{"timestamp":"2026-07-13T08:15:43.900598Z","level":"info","event":"Filling up the DagBag from /opt/airflow/dags/scrape_dag.py","logger":"airflow.dag_processing.dagbag.BundleDagBag","filename":"dagbag.py","lineno":460}
{"timestamp":"2026-07-13T08:15:46.111161Z","level":"warning","event":"Setting email on a task is deprecated; please migrate to SmtpNotifier.","category":"UserWarning","filename":"/home/airflow/.local/lib/python3.13/site-packages/airflow/providers/standard/operators/python.py","lineno":194,"logger":"py.warnings"}
{"timestamp":"2026-07-13T08:15:46.113983Z","level":"warning","event":"Setting email_on_retry on a task is deprecated; please migrate to SmtpNotifier.","category":"UserWarning","filename":"/home/airflow/.local/lib/python3.13/site-packages/airflow/providers/standard/operators/python.py","lineno":194,"logger":"py.warnings"}
{"timestamp":"2026-07-13T08:15:46.114071Z","level":"warning","event":"Setting email_on_failure on a task is deprecated; please migrate to SmtpNotifier.","category":"UserWarning","filename":"/home/airflow/.local/lib/python3.13/site-packages/airflow/providers/standard/operators/python.py","lineno":194,"logger":"py.warnings"}
{"timestamp":"2026-07-13T08:16:01.596117Z","level":"info","event":"Filling up the DagBag from /opt/airflow/dags/scrape_dag.py","logger":"airflow.dag_processing.dagbag.BundleDagBag","filename":"dagbag.py","lineno":460}
{"timestamp":"2026-07-13T08:16:01.976158Z","level":"warning","event":"Setting email on a task is deprecated; please migrate to SmtpNotifier.","category":"UserWarning","filename":"/home/airflow/.local/lib/python3.13/site-packages/airflow/providers/standard/operators/python.py","lineno":194,"logger":"py.warnings"}
{"timestamp":"2026-07-13T08:16:01.976654Z","level":"warning","event":"Setting email_on_retry on a task is deprecated; please migrate to SmtpNotifier.","category":"UserWarning","filename":"/home/airflow/.local/lib/python3.13/site-packages/airflow/providers/standard/operators/python.py","lineno":194,"logger":"py.warnings"}
{"timestamp":"2026-07-13T08:16:01.976742Z","level":"warning","event":"Setting email_on_failure on a task is deprecated; please migrate to SmtpNotifier.","category":"UserWarning","filename":"/home/airflow/.local/lib/python3.13/site-packages/airflow/providers/standard/operators/python.py","lineno":194,"logger":"py.warnings"}
{"timestamp":"2026-07-13T08:16:32.652587Z","level":"info","event":"Filling up the DagBag from /opt/airflow/dags/scrape_dag.py","logger":"airflow.dag_processing.dagbag.BundleDagBag","filename":"dagbag.py","lineno":460}
{"timestamp":"2026-07-13T08:16:32.855736Z","level":"warning","event":"Setting email on a task is deprecated; please migrate to SmtpNotifier.","category":"UserWarning","filename":"/home/airflow/.local/lib/python3.13/site-packages/airflow/providers/standard/operators/python.py","lineno":194,"logger":"py.warnings"}
{"timestamp":"2026-07-13T08:16:32.855884Z","level":"warning","event":"Setting email_on_retry on a task is deprecated; please migrate to SmtpNotifier.","category":"UserWarning","filename":"/home/airflow/.local/lib/python3.13/site-packages/airflow/providers/standard/operators/python.py","lineno":194,"logger":"py.warnings"}
{"timestamp":"2026-07-13T08:16:32.855951Z","level":"warning","event":"Setting email_on_failure on a task is deprecated; please migrate to SmtpNotifier.","category":"UserWarning","filename":"/home/airflow/.local/lib/python3.13/site-packages/airflow/providers/standard/operators/python.py","lineno":194,"logger":"py.warnings"}
{"timestamp":"2026-07-13T08:17:03.351461Z","level":"info","event":"Filling up the DagBag from /opt/airflow/dags/scrape_dag.py","logger":"airflow.dag_processing.dagbag.BundleDagBag","filename":"dagbag.py","lineno":460}
{"timestamp":"2026-07-13T08:17:03.491876Z","level":"warning","event":"Setting email on a task is deprecated; please migrate to SmtpNotifier.","category":"UserWarning","filename":"/home/airflow/.local/lib/python3.13/site-packages/airflow/providers/standard/operators/python.py","lineno":194,"logger":"py.warnings"}
{"timestamp":"2026-07-13T08:17:03.492007Z","level":"warning","event":"Setting email_on_retry on a task is deprecated; please migrate to SmtpNotifier.","category":"UserWarning","filename":"/home/airflow/.local/lib/python3.13/site-packages/airflow/providers/standard/operators/python.py","lineno":194,"logger":"py.warnings"}
{"timestamp":"2026-07-13T08:17:03.492047Z","level":"warning","event":"Setting email_on_failure on a task is deprecated; please migrate to SmtpNotifier.","category":"UserWarning","filename":"/home/airflow/.local/lib/python3.13/site-packages/airflow/providers/standard/operators/python.py","lineno":194,"logger":"py.warnings"}
{"timestamp":"2026-07-13T08:17:34.199886Z","level":"info","event":"Filling up the DagBag from /opt/airflow/dags/scrape_dag.py","logger":"airflow.dag_processing.dagbag.BundleDagBag","filename":"dagbag.py","lineno":460}
{"timestamp":"2026-07-13T08:17:34.335917Z","level":"warning","event":"Setting email on a task is deprecated; please migrate to SmtpNotifier.","category":"UserWarning","filename":"/home/airflow/.local/lib/python3.13/site-packages/airflow/providers/standard/operators/python.py","lineno":194,"logger":"py.warnings"}
{"timestamp":"2026-07-13T08:17:34.336064Z","level":"warning","event":"Setting email_on_retry on a task is deprecated; please migrate to SmtpNotifier.","category":"UserWarning","filename":"/home/airflow/.local/lib/python3.13/site-packages/airflow/providers/standard/operators/python.py","lineno":194,"logger":"py.warnings"}
{"timestamp":"2026-07-13T08:17:34.336127Z","level":"warning","event":"Setting email_on_failure on a task is deprecated; please migrate to SmtpNotifier.","category":"UserWarning","filename":"/home/airflow/.local/lib/python3.13/site-packages/airflow/providers/standard/operators/python.py","lineno":194,"logger":"py.warnings"}
{"timestamp":"2026-07-13T08:18:08.891476Z","level":"info","event":"Filling up the DagBag from /opt/airflow/dags/scrape_dag.py","logger":"airflow.dag_processing.dagbag.BundleDagBag","filename":"dagbag.py","lineno":460}
{"timestamp":"2026-07-13T08:18:09.361993Z","level":"warning","event":"Setting email on a task is deprecated; please migrate to SmtpNotifier.","category":"UserWarning","filename":"/home/airflow/.local/lib/python3.13/site-packages/airflow/providers/standard/operators/python.py","lineno":194,"logger":"py.warnings"}
{"timestamp":"2026-07-13T08:18:09.363350Z","level":"warning","event":"Setting email_on_retry on a task is deprecated; please migrate to SmtpNotifier.","category":"UserWarning","filename":"/home/airflow/.local/lib/python3.13/site-packages/airflow/providers/standard/operators/python.py","lineno":194,"logger":"py.warnings"}
{"timestamp":"2026-07-13T08:18:09.364108Z","level":"warning","event":"Setting email_on_failure on a task is deprecated; please migrate to SmtpNotifier.","category":"UserWarning","filename":"/home/airflow/.local/lib/python3.13/site-packages/airflow/providers/standard/operators/python.py","lineno":194,"logger":"py.warnings"}
{"timestamp":"2026-07-13T08:18:41.841300Z","level":"info","event":"Filling up the DagBag from /opt/airflow/dags/scrape_dag.py","logger":"airflow.dag_processing.dagbag.BundleDagBag","filename":"dagbag.py","lineno":460}
{"timestamp":"2026-07-13T08:18:42.268903Z","level":"warning","event":"Setting email on a task is deprecated; please migrate to SmtpNotifier.","category":"UserWarning","filename":"/home/airflow/.local/lib/python3.13/site-packages/airflow/providers/standard/operators/python.py","lineno":194,"logger":"py.warnings"}
{"timestamp":"2026-07-13T08:18:42.269381Z","level":"warning","event":"Setting email_on_retry on a task is deprecated; please migrate to SmtpNotifier.","category":"UserWarning","filename":"/home/airflow/.local/lib/python3.13/site-packages/airflow/providers/standard/operators/python.py","lineno":194,"logger":"py.warnings"}
{"timestamp":"2026-07-13T08:18:42.269857Z","level":"warning","event":"Setting email_on_failure on a task is deprecated; please migrate to SmtpNotifier.","category":"UserWarning","filename":"/home/airflow/.local/lib/python3.13/site-packages/airflow/providers/standard/operators/python.py","lineno":194,"logger":"py.warnings"}
{"timestamp":"2026-07-13T08:19:17.107077Z","level":"info","event":"Filling up the DagBag from /opt/airflow/dags/scrape_dag.py","logger":"airflow.dag_processing.dagbag.BundleDagBag","filename":"dagbag.py","lineno":460}
{"timestamp":"2026-07-13T08:19:17.411696Z","level":"warning","event":"Setting email on a task is deprecated; please migrate to SmtpNotifier.","category":"UserWarning","filename":"/home/airflow/.local/lib/python3.13/site-packages/airflow/providers/standard/operators/python.py","lineno":194,"logger":"py.warnings"}
{"timestamp":"2026-07-13T08:19:17.411886Z","level":"warning","event":"Setting email_on_retry on a task is deprecated; please migrate to SmtpNotifier.","category":"UserWarning","filename":"/home/airflow/.local/lib/python3.13/site-packages/airflow/providers/standard/operators/python.py","lineno":194,"logger":"py.warnings"}
{"timestamp":"2026-07-13T08:19:17.411935Z","level":"warning","event":"Setting email_on_failure on a task is deprecated; please migrate to SmtpNotifier.","category":"UserWarning","filename":"/home/airflow/.local/lib/python3.13/site-packages/airflow/providers/standard/operators/python.py","lineno":194,"logger":"py.warnings"}
{"timestamp":"2026-07-13T08:19:49.358295Z","level":"info","event":"Filling up the DagBag from /opt/airflow/dags/scrape_dag.py","logger":"airflow.dag_processing.dagbag.BundleDagBag","filename":"dagbag.py","lineno":460}
{"timestamp":"2026-07-13T08:19:49.743772Z","level":"warning","event":"Setting email on a task is deprecated; please migrate to SmtpNotifier.","category":"UserWarning","filename":"/home/airflow/.local/lib/python3.13/site-packages/airflow/providers/standard/operators/python.py","lineno":194,"logger":"py.warnings"}
{"timestamp":"2026-07-13T08:19:49.744681Z","level":"warning","event":"Setting email_on_retry on a task is deprecated; please migrate to SmtpNotifier.","category":"UserWarning","filename":"/home/airflow/.local/lib/python3.13/site-packages/airflow/providers/standard/operators/python.py","lineno":194,"logger":"py.warnings"}
{"timestamp":"2026-07-13T08:19:49.745013Z","level":"warning","event":"Setting email_on_failure on a task is deprecated; please migrate to SmtpNotifier.","category":"UserWarning","filename":"/home/airflow/.local/lib/python3.13/site-packages/airflow/providers/standard/operators/python.py","lineno":194,"logger":"py.warnings"}
{"timestamp":"2026-07-13T08:20:28.082367Z","level":"info","event":"Filling up the DagBag from /opt/airflow/dags/scrape_dag.py","logger":"airflow.dag_processing.dagbag.BundleDagBag","filename":"dagbag.py","lineno":460}
{"timestamp":"2026-07-13T08:20:28.317184Z","level":"warning","event":"Setting email on a task is deprecated; please migrate to SmtpNotifier.","category":"UserWarning","filename":"/home/airflow/.local/lib/python3.13/site-packages/airflow/providers/standard/operators/python.py","lineno":194,"logger":"py.warnings"}
{"timestamp":"2026-07-13T08:20:28.317340Z","level":"warning","event":"Setting email_on_retry on a task is deprecated; please migrate to SmtpNotifier.","category":"UserWarning","filename":"/home/airflow/.local/lib/python3.13/site-packages/airflow/providers/standard/operators/python.py","lineno":194,"logger":"py.warnings"}
{"timestamp":"2026-07-13T08:20:28.317395Z","level":"warning","event":"Setting email_on_failure on a task is deprecated; please migrate to SmtpNotifier.","category":"UserWarning","filename":"/home/airflow/.local/lib/python3.13/site-packages/airflow/providers/standard/operators/python.py","lineno":194,"logger":"py.warnings"}
{"timestamp":"2026-07-13T08:20:58.961194Z","level":"info","event":"Filling up the DagBag from /opt/airflow/dags/scrape_dag.py","logger":"airflow.dag_processing.dagbag.BundleDagBag","filename":"dagbag.py","lineno":460}
{"timestamp":"2026-07-13T08:20:59.151583Z","level":"warning","event":"Setting email on a task is deprecated; please migrate to SmtpNotifier.","category":"UserWarning","filename":"/home/airflow/.local/lib/python3.13/site-packages/airflow/providers/standard/operators/python.py","lineno":194,"logger":"py.warnings"}
{"timestamp":"2026-07-13T08:20:59.151718Z","level":"warning","event":"Setting email_on_retry on a task is deprecated; please migrate to SmtpNotifier.","category":"UserWarning","filename":"/home/airflow/.local/lib/python3.13/site-packages/airflow/providers/standard/operators/python.py","lineno":194,"logger":"py.warnings"}
{"timestamp":"2026-07-13T08:20:59.151779Z","level":"warning","event":"Setting email_on_failure on a task is deprecated; please migrate to SmtpNotifier.","category":"UserWarning","filename":"/home/airflow/.local/lib/python3.13/site-packages/airflow/providers/standard/operators/python.py","lineno":194,"logger":"py.warnings"}
{"timestamp":"2026-07-13T08:21:29.919612Z","level":"info","event":"Filling up the DagBag from /opt/airflow/dags/scrape_dag.py","logger":"airflow.dag_processing.dagbag.BundleDagBag","filename":"dagbag.py","lineno":460}
{"timestamp":"2026-07-13T08:21:30.135703Z","level":"warning","event":"Setting email on a task is deprecated; please migrate to SmtpNotifier.","category":"UserWarning","filename":"/home/airflow/.local/lib/python3.13/site-packages/airflow/providers/standard/operators/python.py","lineno":194,"logger":"py.warnings"}
{"timestamp":"2026-07-13T08:21:30.138124Z","level":"warning","event":"Setting email_on_retry on a task is deprecated; please migrate to SmtpNotifier.","category":"UserWarning","filename":"/home/airflow/.local/lib/python3.13/site-packages/airflow/providers/standard/operators/python.py","lineno":194,"logger":"py.warnings"}
{"timestamp":"2026-07-13T08:21:30.138226Z","level":"warning","event":"Setting email_on_failure on a task is deprecated; please migrate to SmtpNotifier.","category":"UserWarning","filename":"/home/airflow/.local/lib/python3.13/site-packages/airflow/providers/standard/operators/python.py","lineno":194,"logger":"py.warnings"}
{"timestamp":"2026-07-13T08:22:00.956427Z","level":"info","event":"Filling up the DagBag from /opt/airflow/dags/scrape_dag.py","logger":"airflow.dag_processing.dagbag.BundleDagBag","filename":"dagbag.py","lineno":460}
{"timestamp":"2026-07-13T08:22:01.130014Z","level":"warning","event":"Setting email on a task is deprecated; please migrate to SmtpNotifier.","category":"UserWarning","filename":"/home/airflow/.local/lib/python3.13/site-packages/airflow/providers/standard/operators/python.py","lineno":194,"logger":"py.warnings"}
{"timestamp":"2026-07-13T08:22:01.130162Z","level":"warning","event":"Setting email_on_retry on a task is deprecated; please migrate to SmtpNotifier.","category":"UserWarning","filename":"/home/airflow/.local/lib/python3.13/site-packages/airflow/providers/standard/operators/python.py","lineno":194,"logger":"py.warnings"}
{"timestamp":"2026-07-13T08:22:01.130235Z","level":"warning","event":"Setting email_on_failure on a task is deprecated; please migrate to SmtpNotifier.","category":"UserWarning","filename":"/home/airflow/.local/lib/python3.13/site-packages/airflow/providers/standard/operators/python.py","lineno":194,"logger":"py.warnings"}
{"timestamp":"2026-07-13T08:22:31.224676Z","level":"info","event":"Filling up the DagBag from /opt/airflow/dags/scrape_dag.py","logger":"airflow.dag_processing.dagbag.BundleDagBag","filename":"dagbag.py","lineno":460}
{"timestamp":"2026-07-13T08:22:31.383682Z","level":"warning","event":"Setting email on a task is deprecated; please migrate to SmtpNotifier.","category":"UserWarning","filename":"/home/airflow/.local/lib/python3.13/site-packages/airflow/providers/standard/operators/python.py","lineno":194,"logger":"py.warnings"}
{"timestamp":"2026-07-13T08:22:31.383809Z","level":"warning","event":"Setting email_on_retry on a task is deprecated; please migrate to SmtpNotifier.","category":"UserWarning","filename":"/home/airflow/.local/lib/python3.13/site-packages/airflow/providers/standard/operators/python.py","lineno":194,"logger":"py.warnings"}
{"timestamp":"2026-07-13T08:22:31.383852Z","level":"warning","event":"Setting email_on_failure on a task is deprecated; please migrate to SmtpNotifier.","category":"UserWarning","filename":"/home/airflow/.local/lib/python3.13/site-packages/airflow/providers/standard/operators/python.py","lineno":194,"logger":"py.warnings"}
{"timestamp":"2026-07-13T08:23:02.008797Z","level":"info","event":"Filling up the DagBag from /opt/airflow/dags/scrape_dag.py","logger":"airflow.dag_processing.dagbag.BundleDagBag","filename":"dagbag.py","lineno":460}
{"timestamp":"2026-07-13T08:23:02.157524Z","level":"warning","event":"Setting email on a task is deprecated; please migrate to SmtpNotifier.","category":"UserWarning","filename":"/home/airflow/.local/lib/python3.13/site-packages/airflow/providers/standard/operators/python.py","lineno":194,"logger":"py.warnings"}
{"timestamp":"2026-07-13T08:23:02.157620Z","level":"warning","event":"Setting email_on_retry on a task is deprecated; please migrate to SmtpNotifier.","category":"UserWarning","filename":"/home/airflow/.local/lib/python3.13/site-packages/airflow/providers/standard/operators/python.py","lineno":194,"logger":"py.warnings"}
{"timestamp":"2026-07-13T08:23:02.157674Z","level":"warning","event":"Setting email_on_failure on a task is deprecated; please migrate to SmtpNotifier.","category":"UserWarning","filename":"/home/airflow/.local/lib/python3.13/site-packages/airflow/providers/standard/operators/python.py","lineno":194,"logger":"py.warnings"}
{"timestamp":"2026-07-13T08:23:33.098917Z","level":"info","event":"Filling up the DagBag from /opt/airflow/dags/scrape_dag.py","logger":"airflow.dag_processing.dagbag.BundleDagBag","filename":"dagbag.py","lineno":460}
{"timestamp":"2026-07-13T08:23:33.217055Z","level":"warning","event":"Setting email on a task is deprecated; please migrate to SmtpNotifier.","category":"UserWarning","filename":"/home/airflow/.local/lib/python3.13/site-packages/airflow/providers/standard/operators/python.py","lineno":194,"logger":"py.warnings"}
{"timestamp":"2026-07-13T08:23:33.217153Z","level":"warning","event":"Setting email_on_retry on a task is deprecated; please migrate to SmtpNotifier.","category":"UserWarning","filename":"/home/airflow/.local/lib/python3.13/site-packages/airflow/providers/standard/operators/python.py","lineno":194,"logger":"py.warnings"}
{"timestamp":"2026-07-13T08:23:33.217190Z","level":"warning","event":"Setting email_on_failure on a task is deprecated; please migrate to SmtpNotifier.","category":"UserWarning","filename":"/home/airflow/.local/lib/python3.13/site-packages/airflow/providers/standard/operators/python.py","lineno":194,"logger":"py.warnings"}
{"timestamp":"2026-07-13T08:24:03.735009Z","level":"info","event":"Filling up the DagBag from /opt/airflow/dags/scrape_dag.py","logger":"airflow.dag_processing.dagbag.BundleDagBag","filename":"dagbag.py","lineno":460}
{"timestamp":"2026-07-13T08:24:03.907223Z","level":"warning","event":"Setting email on a task is deprecated; please migrate to SmtpNotifier.","category":"UserWarning","filename":"/home/airflow/.local/lib/python3.13/site-packages/airflow/providers/standard/operators/python.py","lineno":194,"logger":"py.warnings"}
{"timestamp":"2026-07-13T08:24:03.908137Z","level":"warning","event":"Setting email_on_retry on a task is deprecated; please migrate to SmtpNotifier.","category":"UserWarning","filename":"/home/airflow/.local/lib/python3.13/site-packages/airflow/providers/standard/operators/python.py","lineno":194,"logger":"py.warnings"}
{"timestamp":"2026-07-13T08:24:03.909623Z","level":"warning","event":"Setting email_on_failure on a task is deprecated; please migrate to SmtpNotifier.","category":"UserWarning","filename":"/home/airflow/.local/lib/python3.13/site-packages/airflow/providers/standard/operators/python.py","lineno":194,"logger":"py.warnings"}
{"timestamp":"2026-07-13T08:24:34.281472Z","level":"info","event":"Filling up the DagBag from /opt/airflow/dags/scrape_dag.py","logger":"airflow.dag_processing.dagbag.BundleDagBag","filename":"dagbag.py","lineno":460}
{"timestamp":"2026-07-13T08:24:34.750173Z","level":"warning","event":"Setting email on a task is deprecated; please migrate to SmtpNotifier.","category":"UserWarning","filename":"/home/airflow/.local/lib/python3.13/site-packages/airflow/providers/standard/operators/python.py","lineno":194,"logger":"py.warnings"}
{"timestamp":"2026-07-13T08:24:34.750792Z","level":"warning","event":"Setting email_on_retry on a task is deprecated; please migrate to SmtpNotifier.","category":"UserWarning","filename":"/home/airflow/.local/lib/python3.13/site-packages/airflow/providers/standard/operators/python.py","lineno":194,"logger":"py.warnings"}
{"timestamp":"2026-07-13T08:24:34.750896Z","level":"warning","event":"Setting email_on_failure on a task is deprecated; please migrate to SmtpNotifier.","category":"UserWarning","filename":"/home/airflow/.local/lib/python3.13/site-packages/airflow/providers/standard/operators/python.py","lineno":194,"logger":"py.warnings"}
{"timestamp":"2026-07-13T08:25:05.906695Z","level":"info","event":"Filling up the DagBag from /opt/airflow/dags/scrape_dag.py","logger":"airflow.dag_processing.dagbag.BundleDagBag","filename":"dagbag.py","lineno":460}
{"timestamp":"2026-07-13T08:25:06.090824Z","level":"warning","event":"Setting email on a task is deprecated; please migrate to SmtpNotifier.","category":"UserWarning","filename":"/home/airflow/.local/lib/python3.13/site-packages/airflow/providers/standard/operators/python.py","lineno":194,"logger":"py.warnings"}
{"timestamp":"2026-07-13T08:25:06.090960Z","level":"warning","event":"Setting email_on_retry on a task is deprecated; please migrate to SmtpNotifier.","category":"UserWarning","filename":"/home/airflow/.local/lib/python3.13/site-packages/airflow/providers/standard/operators/python.py","lineno":194,"logger":"py.warnings"}
{"timestamp":"2026-07-13T08:25:06.091051Z","level":"warning","event":"Setting email_on_failure on a task is deprecated; please migrate to SmtpNotifier.","category":"UserWarning","filename":"/home/airflow/.local/lib/python3.13/site-packages/airflow/providers/standard/operators/python.py","lineno":194,"logger":"py.warnings"}
{"timestamp":"2026-07-13T08:25:36.341265Z","level":"info","event":"Filling up the DagBag from /opt/airflow/dags/scrape_dag.py","logger":"airflow.dag_processing.dagbag.BundleDagBag","filename":"dagbag.py","lineno":460}
{"timestamp":"2026-07-13T08:25:36.490329Z","level":"warning","event":"Setting email on a task is deprecated; please migrate to SmtpNotifier.","category":"UserWarning","filename":"/home/airflow/.local/lib/python3.13/site-packages/airflow/providers/standard/operators/python.py","lineno":194,"logger":"py.warnings"}
{"timestamp":"2026-07-13T08:25:36.490427Z","level":"warning","event":"Setting email_on_retry on a task is deprecated; please migrate to SmtpNotifier.","category":"UserWarning","filename":"/home/airflow/.local/lib/python3.13/site-packages/airflow/providers/standard/operators/python.py","lineno":194,"logger":"py.warnings"}
{"timestamp":"2026-07-13T08:25:36.490465Z","level":"warning","event":"Setting email_on_failure on a task is deprecated; please migrate to SmtpNotifier.","category":"UserWarning","filename":"/home/airflow/.local/lib/python3.13/site-packages/airflow/providers/standard/operators/python.py","lineno":194,"logger":"py.warnings"}
{"timestamp":"2026-07-13T08:26:07.393184Z","level":"info","event":"Filling up the DagBag from /opt/airflow/dags/scrape_dag.py","logger":"airflow.dag_processing.dagbag.BundleDagBag","filename":"dagbag.py","lineno":460}
{"timestamp":"2026-07-13T08:26:07.565738Z","level":"warning","event":"Setting email on a task is deprecated; please migrate to SmtpNotifier.","category":"UserWarning","filename":"/home/airflow/.local/lib/python3.13/site-packages/airflow/providers/standard/operators/python.py","lineno":194,"logger":"py.warnings"}
{"timestamp":"2026-07-13T08:26:07.566041Z","level":"warning","event":"Setting email_on_retry on a task is deprecated; please migrate to SmtpNotifier.","category":"UserWarning","filename":"/home/airflow/.local/lib/python3.13/site-packages/airflow/providers/standard/operators/python.py","lineno":194,"logger":"py.warnings"}
{"timestamp":"2026-07-13T08:26:07.566101Z","level":"warning","event":"Setting email_on_failure on a task is deprecated; please migrate to SmtpNotifier.","category":"UserWarning","filename":"/home/airflow/.local/lib/python3.13/site-packages/airflow/providers/standard/operators/python.py","lineno":194,"logger":"py.warnings"}
{"timestamp":"2026-07-13T08:26:38.321769Z","level":"info","event":"Filling up the DagBag from /opt/airflow/dags/scrape_dag.py","logger":"airflow.dag_processing.dagbag.BundleDagBag","filename":"dagbag.py","lineno":460}
{"timestamp":"2026-07-13T08:26:38.479880Z","level":"warning","event":"Setting email on a task is deprecated; please migrate to SmtpNotifier.","category":"UserWarning","filename":"/home/airflow/.local/lib/python3.13/site-packages/airflow/providers/standard/operators/python.py","lineno":194,"logger":"py.warnings"}
{"timestamp":"2026-07-13T08:26:38.480014Z","level":"warning","event":"Setting email_on_retry on a task is deprecated; please migrate to SmtpNotifier.","category":"UserWarning","filename":"/home/airflow/.local/lib/python3.13/site-packages/airflow/providers/standard/operators/python.py","lineno":194,"logger":"py.warnings"}
{"timestamp":"2026-07-13T08:26:38.480054Z","level":"warning","event":"Setting email_on_failure on a task is deprecated; please migrate to SmtpNotifier.","category":"UserWarning","filename":"/home/airflow/.local/lib/python3.13/site-packages/airflow/providers/standard/operators/python.py","lineno":194,"logger":"py.warnings"}
{"timestamp":"2026-07-13T08:27:08.570181Z","level":"info","event":"Filling up the DagBag from /opt/airflow/dags/scrape_dag.py","logger":"airflow.dag_processing.dagbag.BundleDagBag","filename":"dagbag.py","lineno":460}
{"timestamp":"2026-07-13T08:27:08.726991Z","level":"warning","event":"Setting email on a task is deprecated; please migrate to SmtpNotifier.","category":"UserWarning","filename":"/home/airflow/.local/lib/python3.13/site-packages/airflow/providers/standard/operators/python.py","lineno":194,"logger":"py.warnings"}
{"timestamp":"2026-07-13T08:27:08.727463Z","level":"warning","event":"Setting email_on_retry on a task is deprecated; please migrate to SmtpNotifier.","category":"UserWarning","filename":"/home/airflow/.local/lib/python3.13/site-packages/airflow/providers/standard/operators/python.py","lineno":194,"logger":"py.warnings"}
{"timestamp":"2026-07-13T08:27:08.727524Z","level":"warning","event":"Setting email_on_failure on a task is deprecated; please migrate to SmtpNotifier.","category":"UserWarning","filename":"/home/airflow/.local/lib/python3.13/site-packages/airflow/providers/standard/operators/python.py","lineno":194,"logger":"py.warnings"}
{"timestamp":"2026-07-13T08:27:39.532912Z","level":"info","event":"Filling up the DagBag from /opt/airflow/dags/scrape_dag.py","logger":"airflow.dag_processing.dagbag.BundleDagBag","filename":"dagbag.py","lineno":460}
{"timestamp":"2026-07-13T08:27:39.658870Z","level":"warning","event":"Setting email on a task is deprecated; please migrate to SmtpNotifier.","category":"UserWarning","filename":"/home/airflow/.local/lib/python3.13/site-packages/airflow/providers/standard/operators/python.py","lineno":194,"logger":"py.warnings"}
{"timestamp":"2026-07-13T08:27:39.659357Z","level":"warning","event":"Setting email_on_retry on a task is deprecated; please migrate to SmtpNotifier.","category":"UserWarning","filename":"/home/airflow/.local/lib/python3.13/site-packages/airflow/providers/standard/operators/python.py","lineno":194,"logger":"py.warnings"}
{"timestamp":"2026-07-13T08:27:39.659425Z","level":"warning","event":"Setting email_on_failure on a task is deprecated; please migrate to SmtpNotifier.","category":"UserWarning","filename":"/home/airflow/.local/lib/python3.13/site-packages/airflow/providers/standard/operators/python.py","lineno":194,"logger":"py.warnings"}
{"timestamp":"2026-07-13T08:28:10.102177Z","level":"info","event":"Filling up the DagBag from /opt/airflow/dags/scrape_dag.py","logger":"airflow.dag_processing.dagbag.BundleDagBag","filename":"dagbag.py","lineno":460}
{"timestamp":"2026-07-13T08:28:10.197511Z","level":"warning","event":"Setting email on a task is deprecated; please migrate to SmtpNotifier.","category":"UserWarning","filename":"/home/airflow/.local/lib/python3.13/site-packages/airflow/providers/standard/operators/python.py","lineno":194,"logger":"py.warnings"}
{"timestamp":"2026-07-13T08:28:10.197613Z","level":"warning","event":"Setting email_on_retry on a task is deprecated; please migrate to SmtpNotifier.","category":"UserWarning","filename":"/home/airflow/.local/lib/python3.13/site-packages/airflow/providers/standard/operators/python.py","lineno":194,"logger":"py.warnings"}
{"timestamp":"2026-07-13T08:28:10.197650Z","level":"warning","event":"Setting email_on_failure on a task is deprecated; please migrate to SmtpNotifier.","category":"UserWarning","filename":"/home/airflow/.local/lib/python3.13/site-packages/airflow/providers/standard/operators/python.py","lineno":194,"logger":"py.warnings"}
{"timestamp":"2026-07-13T08:28:40.407601Z","level":"info","event":"Filling up the DagBag from /opt/airflow/dags/scrape_dag.py","logger":"airflow.dag_processing.dagbag.BundleDagBag","filename":"dagbag.py","lineno":460}
{"timestamp":"2026-07-13T08:28:40.565430Z","level":"warning","event":"Setting email on a task is deprecated; please migrate to SmtpNotifier.","category":"UserWarning","filename":"/home/airflow/.local/lib/python3.13/site-packages/airflow/providers/standard/operators/python.py","lineno":194,"logger":"py.warnings"}
{"timestamp":"2026-07-13T08:28:40.565734Z","level":"warning","event":"Setting email_on_retry on a task is deprecated; please migrate to SmtpNotifier.","category":"UserWarning","filename":"/home/airflow/.local/lib/python3.13/site-packages/airflow/providers/standard/operators/python.py","lineno":194,"logger":"py.warnings"}
{"timestamp":"2026-07-13T08:28:40.565794Z","level":"warning","event":"Setting email_on_failure on a task is deprecated; please migrate to SmtpNotifier.","category":"UserWarning","filename":"/home/airflow/.local/lib/python3.13/site-packages/airflow/providers/standard/operators/python.py","lineno":194,"logger":"py.warnings"}
{"timestamp":"2026-07-13T08:29:10.724960Z","level":"info","event":"Filling up the DagBag from /opt/airflow/dags/scrape_dag.py","logger":"airflow.dag_processing.dagbag.BundleDagBag","filename":"dagbag.py","lineno":460}
{"timestamp":"2026-07-13T08:29:10.918091Z","level":"warning","event":"Setting email on a task is deprecated; please migrate to SmtpNotifier.","category":"UserWarning","filename":"/home/airflow/.local/lib/python3.13/site-packages/airflow/providers/standard/operators/python.py","lineno":194,"logger":"py.warnings"}
{"timestamp":"2026-07-13T08:29:10.918277Z","level":"warning","event":"Setting email_on_retry on a task is deprecated; please migrate to SmtpNotifier.","category":"UserWarning","filename":"/home/airflow/.local/lib/python3.13/site-packages/airflow/providers/standard/operators/python.py","lineno":194,"logger":"py.warnings"}
{"timestamp":"2026-07-13T08:29:10.918336Z","level":"warning","event":"Setting email_on_failure on a task is deprecated; please migrate to SmtpNotifier.","category":"UserWarning","filename":"/home/airflow/.local/lib/python3.13/site-packages/airflow/providers/standard/operators/python.py","lineno":194,"logger":"py.warnings"}
{"timestamp":"2026-07-13T08:29:41.816877Z","level":"info","event":"Filling up the DagBag from /opt/airflow/dags/scrape_dag.py","logger":"airflow.dag_processing.dagbag.BundleDagBag","filename":"dagbag.py","lineno":460}
{"timestamp":"2026-07-13T08:29:42.065891Z","level":"warning","event":"Setting email on a task is deprecated; please migrate to SmtpNotifier.","category":"UserWarning","filename":"/home/airflow/.local/lib/python3.13/site-packages/airflow/providers/standard/operators/python.py","lineno":194,"logger":"py.warnings"}
{"timestamp":"2026-07-13T08:29:42.066048Z","level":"warning","event":"Setting email_on_retry on a task is deprecated; please migrate to SmtpNotifier.","category":"UserWarning","filename":"/home/airflow/.local/lib/python3.13/site-packages/airflow/providers/standard/operators/python.py","lineno":194,"logger":"py.warnings"}
{"timestamp":"2026-07-13T08:29:42.066135Z","level":"warning","event":"Setting email_on_failure on a task is deprecated; please migrate to SmtpNotifier.","category":"UserWarning","filename":"/home/airflow/.local/lib/python3.13/site-packages/airflow/providers/standard/operators/python.py","lineno":194,"logger":"py.warnings"}
{"timestamp":"2026-07-13T08:30:13.113572Z","level":"info","event":"Filling up the DagBag from /opt/airflow/dags/scrape_dag.py","logger":"airflow.dag_processing.dagbag.BundleDagBag","filename":"dagbag.py","lineno":460}
{"timestamp":"2026-07-13T08:30:13.346550Z","level":"warning","event":"Setting email on a task is deprecated; please migrate to SmtpNotifier.","category":"UserWarning","filename":"/home/airflow/.local/lib/python3.13/site-packages/airflow/providers/standard/operators/python.py","lineno":194,"logger":"py.warnings"}
{"timestamp":"2026-07-13T08:30:13.346729Z","level":"warning","event":"Setting email_on_retry on a task is deprecated; please migrate to SmtpNotifier.","category":"UserWarning","filename":"/home/airflow/.local/lib/python3.13/site-packages/airflow/providers/standard/operators/python.py","lineno":194,"logger":"py.warnings"}
{"timestamp":"2026-07-13T08:30:13.346799Z","level":"warning","event":"Setting email_on_failure on a task is deprecated; please migrate to SmtpNotifier.","category":"UserWarning","filename":"/home/airflow/.local/lib/python3.13/site-packages/airflow/providers/standard/operators/python.py","lineno":194,"logger":"py.warnings"}
{"timestamp":"2026-07-13T08:30:43.528145Z","level":"info","event":"Filling up the DagBag from /opt/airflow/dags/scrape_dag.py","logger":"airflow.dag_processing.dagbag.BundleDagBag","filename":"dagbag.py","lineno":460}
{"timestamp":"2026-07-13T08:30:43.938541Z","level":"warning","event":"Setting email on a task is deprecated; please migrate to SmtpNotifier.","category":"UserWarning","filename":"/home/airflow/.local/lib/python3.13/site-packages/airflow/providers/standard/operators/python.py","lineno":194,"logger":"py.warnings"}
{"timestamp":"2026-07-13T08:30:43.938879Z","level":"warning","event":"Setting email_on_retry on a task is deprecated; please migrate to SmtpNotifier.","category":"UserWarning","filename":"/home/airflow/.local/lib/python3.13/site-packages/airflow/providers/standard/operators/python.py","lineno":194,"logger":"py.warnings"}
{"timestamp":"2026-07-13T08:30:43.938975Z","level":"warning","event":"Setting email_on_failure on a task is deprecated; please migrate to SmtpNotifier.","category":"UserWarning","filename":"/home/airflow/.local/lib/python3.13/site-packages/airflow/providers/standard/operators/python.py","lineno":194,"logger":"py.warnings"}
{"timestamp":"2026-07-13T08:31:14.215239Z","level":"info","event":"Filling up the DagBag from /opt/airflow/dags/scrape_dag.py","logger":"airflow.dag_processing.dagbag.BundleDagBag","filename":"dagbag.py","lineno":460}
{"timestamp":"2026-07-13T08:31:14.382790Z","level":"warning","event":"Setting email on a task is deprecated; please migrate to SmtpNotifier.","category":"UserWarning","filename":"/home/airflow/.local/lib/python3.13/site-packages/airflow/providers/standard/operators/python.py","lineno":194,"logger":"py.warnings"}
{"timestamp":"2026-07-13T08:31:14.382911Z","level":"warning","event":"Setting email_on_retry on a task is deprecated; please migrate to SmtpNotifier.","category":"UserWarning","filename":"/home/airflow/.local/lib/python3.13/site-packages/airflow/providers/standard/operators/python.py","lineno":194,"logger":"py.warnings"}
{"timestamp":"2026-07-13T08:31:14.382978Z","level":"warning","event":"Setting email_on_failure on a task is deprecated; please migrate to SmtpNotifier.","category":"UserWarning","filename":"/home/airflow/.local/lib/python3.13/site-packages/airflow/providers/standard/operators/python.py","lineno":194,"logger":"py.warnings"}
{"timestamp":"2026-07-13T08:31:44.800264Z","level":"info","event":"Filling up the DagBag from /opt/airflow/dags/scrape_dag.py","logger":"airflow.dag_processing.dagbag.BundleDagBag","filename":"dagbag.py","lineno":460}
{"timestamp":"2026-07-13T08:31:44.922474Z","level":"warning","event":"Setting email on a task is deprecated; please migrate to SmtpNotifier.","category":"UserWarning","filename":"/home/airflow/.local/lib/python3.13/site-packages/airflow/providers/standard/operators/python.py","lineno":194,"logger":"py.warnings"}
{"timestamp":"2026-07-13T08:31:44.922589Z","level":"warning","event":"Setting email_on_retry on a task is deprecated; please migrate to SmtpNotifier.","category":"UserWarning","filename":"/home/airflow/.local/lib/python3.13/site-packages/airflow/providers/standard/operators/python.py","lineno":194,"logger":"py.warnings"}
{"timestamp":"2026-07-13T08:31:44.922645Z","level":"warning","event":"Setting email_on_failure on a task is deprecated; please migrate to SmtpNotifier.","category":"UserWarning","filename":"/home/airflow/.local/lib/python3.13/site-packages/airflow/providers/standard/operators/python.py","lineno":194,"logger":"py.warnings"}
{"timestamp":"2026-07-13T08:32:15.443212Z","level":"info","event":"Filling up the DagBag from /opt/airflow/dags/scrape_dag.py","logger":"airflow.dag_processing.dagbag.BundleDagBag","filename":"dagbag.py","lineno":460}
{"timestamp":"2026-07-13T08:32:15.567201Z","level":"warning","event":"Setting email on a task is deprecated; please migrate to SmtpNotifier.","category":"UserWarning","filename":"/home/airflow/.local/lib/python3.13/site-packages/airflow/providers/standard/operators/python.py","lineno":194,"logger":"py.warnings"}
{"timestamp":"2026-07-13T08:32:15.567337Z","level":"warning","event":"Setting email_on_retry on a task is deprecated; please migrate to SmtpNotifier.","category":"UserWarning","filename":"/home/airflow/.local/lib/python3.13/site-packages/airflow/providers/standard/operators/python.py","lineno":194,"logger":"py.warnings"}
{"timestamp":"2026-07-13T08:32:15.567446Z","level":"warning","event":"Setting email_on_failure on a task is deprecated; please migrate to SmtpNotifier.","category":"UserWarning","filename":"/home/airflow/.local/lib/python3.13/site-packages/airflow/providers/standard/operators/python.py","lineno":194,"logger":"py.warnings"}
{"timestamp":"2026-07-13T08:32:46.194277Z","level":"info","event":"Filling up the DagBag from /opt/airflow/dags/scrape_dag.py","logger":"airflow.dag_processing.dagbag.BundleDagBag","filename":"dagbag.py","lineno":460}
{"timestamp":"2026-07-13T08:32:46.346842Z","level":"warning","event":"Setting email on a task is deprecated; please migrate to SmtpNotifier.","category":"UserWarning","filename":"/home/airflow/.local/lib/python3.13/site-packages/airflow/providers/standard/operators/python.py","lineno":194,"logger":"py.warnings"}
{"timestamp":"2026-07-13T08:32:46.347315Z","level":"warning","event":"Setting email_on_retry on a task is deprecated; please migrate to SmtpNotifier.","category":"UserWarning","filename":"/home/airflow/.local/lib/python3.13/site-packages/airflow/providers/standard/operators/python.py","lineno":194,"logger":"py.warnings"}
{"timestamp":"2026-07-13T08:32:46.347401Z","level":"warning","event":"Setting email_on_failure on a task is deprecated; please migrate to SmtpNotifier.","category":"UserWarning","filename":"/home/airflow/.local/lib/python3.13/site-packages/airflow/providers/standard/operators/python.py","lineno":194,"logger":"py.warnings"}
{"timestamp":"2026-07-13T08:33:16.780218Z","level":"info","event":"Filling up the DagBag from /opt/airflow/dags/scrape_dag.py","logger":"airflow.dag_processing.dagbag.BundleDagBag","filename":"dagbag.py","lineno":460}
{"timestamp":"2026-07-13T08:33:17.002121Z","level":"warning","event":"Setting email on a task is deprecated; please migrate to SmtpNotifier.","category":"UserWarning","filename":"/home/airflow/.local/lib/python3.13/site-packages/airflow/providers/standard/operators/python.py","lineno":194,"logger":"py.warnings"}
{"timestamp":"2026-07-13T08:33:17.002244Z","level":"warning","event":"Setting email_on_retry on a task is deprecated; please migrate to SmtpNotifier.","category":"UserWarning","filename":"/home/airflow/.local/lib/python3.13/site-packages/airflow/providers/standard/operators/python.py","lineno":194,"logger":"py.warnings"}
{"timestamp":"2026-07-13T08:33:17.002318Z","level":"warning","event":"Setting email_on_failure on a task is deprecated; please migrate to SmtpNotifier.","category":"UserWarning","filename":"/home/airflow/.local/lib/python3.13/site-packages/airflow/providers/standard/operators/python.py","lineno":194,"logger":"py.warnings"}
{"timestamp":"2026-07-13T08:33:47.295652Z","level":"info","event":"Filling up the DagBag from /opt/airflow/dags/scrape_dag.py","logger":"airflow.dag_processing.dagbag.BundleDagBag","filename":"dagbag.py","lineno":460}
{"timestamp":"2026-07-13T08:33:47.415053Z","level":"warning","event":"Setting email on a task is deprecated; please migrate to SmtpNotifier.","category":"UserWarning","filename":"/home/airflow/.local/lib/python3.13/site-packages/airflow/providers/standard/operators/python.py","lineno":194,"logger":"py.warnings"}
{"timestamp":"2026-07-13T08:33:47.415163Z","level":"warning","event":"Setting email_on_retry on a task is deprecated; please migrate to SmtpNotifier.","category":"UserWarning","filename":"/home/airflow/.local/lib/python3.13/site-packages/airflow/providers/standard/operators/python.py","lineno":194,"logger":"py.warnings"}
{"timestamp":"2026-07-13T08:33:47.415226Z","level":"warning","event":"Setting email_on_failure on a task is deprecated; please migrate to SmtpNotifier.","category":"UserWarning","filename":"/home/airflow/.local/lib/python3.13/site-packages/airflow/providers/standard/operators/python.py","lineno":194,"logger":"py.warnings"}
{"timestamp":"2026-07-13T08:34:18.057737Z","level":"info","event":"Filling up the DagBag from /opt/airflow/dags/scrape_dag.py","logger":"airflow.dag_processing.dagbag.BundleDagBag","filename":"dagbag.py","lineno":460}
{"timestamp":"2026-07-13T08:34:18.284766Z","level":"warning","event":"Setting email on a task is deprecated; please migrate to SmtpNotifier.","category":"UserWarning","filename":"/home/airflow/.local/lib/python3.13/site-packages/airflow/providers/standard/operators/python.py","lineno":194,"logger":"py.warnings"}
{"timestamp":"2026-07-13T08:34:18.284919Z","level":"warning","event":"Setting email_on_retry on a task is deprecated; please migrate to SmtpNotifier.","category":"UserWarning","filename":"/home/airflow/.local/lib/python3.13/site-packages/airflow/providers/standard/operators/python.py","lineno":194,"logger":"py.warnings"}
{"timestamp":"2026-07-13T08:34:18.284976Z","level":"warning","event":"Setting email_on_failure on a task is deprecated; please migrate to SmtpNotifier.","category":"UserWarning","filename":"/home/airflow/.local/lib/python3.13/site-packages/airflow/providers/standard/operators/python.py","lineno":194,"logger":"py.warnings"}
{"timestamp":"2026-07-13T08:34:48.933291Z","level":"info","event":"Filling up the DagBag from /opt/airflow/dags/scrape_dag.py","logger":"airflow.dag_processing.dagbag.BundleDagBag","filename":"dagbag.py","lineno":460}
{"timestamp":"2026-07-13T08:34:49.088078Z","level":"warning","event":"Setting email on a task is deprecated; please migrate to SmtpNotifier.","category":"UserWarning","filename":"/home/airflow/.local/lib/python3.13/site-packages/airflow/providers/standard/operators/python.py","lineno":194,"logger":"py.warnings"}
{"timestamp":"2026-07-13T08:34:49.088181Z","level":"warning","event":"Setting email_on_retry on a task is deprecated; please migrate to SmtpNotifier.","category":"UserWarning","filename":"/home/airflow/.local/lib/python3.13/site-packages/airflow/providers/standard/operators/python.py","lineno":194,"logger":"py.warnings"}
{"timestamp":"2026-07-13T08:34:49.088239Z","level":"warning","event":"Setting email_on_failure on a task is deprecated; please migrate to SmtpNotifier.","category":"UserWarning","filename":"/home/airflow/.local/lib/python3.13/site-packages/airflow/providers/standard/operators/python.py","lineno":194,"logger":"py.warnings"}
{"timestamp":"2026-07-13T08:35:19.673249Z","level":"info","event":"Filling up the DagBag from /opt/airflow/dags/scrape_dag.py","logger":"airflow.dag_processing.dagbag.BundleDagBag","filename":"dagbag.py","lineno":460}
{"timestamp":"2026-07-13T08:35:19.875558Z","level":"warning","event":"Setting email on a task is deprecated; please migrate to SmtpNotifier.","category":"UserWarning","filename":"/home/airflow/.local/lib/python3.13/site-packages/airflow/providers/standard/operators/python.py","lineno":194,"logger":"py.warnings"}
{"timestamp":"2026-07-13T08:35:19.875694Z","level":"warning","event":"Setting email_on_retry on a task is deprecated; please migrate to SmtpNotifier.","category":"UserWarning","filename":"/home/airflow/.local/lib/python3.13/site-packages/airflow/providers/standard/operators/python.py","lineno":194,"logger":"py.warnings"}
{"timestamp":"2026-07-13T08:35:19.875804Z","level":"warning","event":"Setting email_on_failure on a task is deprecated; please migrate to SmtpNotifier.","category":"UserWarning","filename":"/home/airflow/.local/lib/python3.13/site-packages/airflow/providers/standard/operators/python.py","lineno":194,"logger":"py.warnings"}
{"timestamp":"2026-07-13T08:35:50.790020Z","level":"info","event":"Filling up the DagBag from /opt/airflow/dags/scrape_dag.py","logger":"airflow.dag_processing.dagbag.BundleDagBag","filename":"dagbag.py","lineno":460}
{"timestamp":"2026-07-13T08:35:50.981644Z","level":"warning","event":"Setting email on a task is deprecated; please migrate to SmtpNotifier.","category":"UserWarning","filename":"/home/airflow/.local/lib/python3.13/site-packages/airflow/providers/standard/operators/python.py","lineno":194,"logger":"py.warnings"}
{"timestamp":"2026-07-13T08:35:50.981767Z","level":"warning","event":"Setting email_on_retry on a task is deprecated; please migrate to SmtpNotifier.","category":"UserWarning","filename":"/home/airflow/.local/lib/python3.13/site-packages/airflow/providers/standard/operators/python.py","lineno":194,"logger":"py.warnings"}
{"timestamp":"2026-07-13T08:35:50.981835Z","level":"warning","event":"Setting email_on_failure on a task is deprecated; please migrate to SmtpNotifier.","category":"UserWarning","filename":"/home/airflow/.local/lib/python3.13/site-packages/airflow/providers/standard/operators/python.py","lineno":194,"logger":"py.warnings"}
{"timestamp":"2026-07-13T08:36:21.813877Z","level":"info","event":"Filling up the DagBag from /opt/airflow/dags/scrape_dag.py","logger":"airflow.dag_processing.dagbag.BundleDagBag","filename":"dagbag.py","lineno":460}
{"timestamp":"2026-07-13T08:36:22.004094Z","level":"warning","event":"Setting email on a task is deprecated; please migrate to SmtpNotifier.","category":"UserWarning","filename":"/home/airflow/.local/lib/python3.13/site-packages/airflow/providers/standard/operators/python.py","lineno":194,"logger":"py.warnings"}
{"timestamp":"2026-07-13T08:36:22.004729Z","level":"warning","event":"Setting email_on_retry on a task is deprecated; please migrate to SmtpNotifier.","category":"UserWarning","filename":"/home/airflow/.local/lib/python3.13/site-packages/airflow/providers/standard/operators/python.py","lineno":194,"logger":"py.warnings"}
{"timestamp":"2026-07-13T08:36:22.004837Z","level":"warning","event":"Setting email_on_failure on a task is deprecated; please migrate to SmtpNotifier.","category":"UserWarning","filename":"/home/airflow/.local/lib/python3.13/site-packages/airflow/providers/standard/operators/python.py","lineno":194,"logger":"py.warnings"}
{"timestamp":"2026-07-13T08:36:52.342832Z","level":"info","event":"Filling up the DagBag from /opt/airflow/dags/scrape_dag.py","logger":"airflow.dag_processing.dagbag.BundleDagBag","filename":"dagbag.py","lineno":460}
{"timestamp":"2026-07-13T08:36:52.550176Z","level":"warning","event":"Setting email on a task is deprecated; please migrate to SmtpNotifier.","category":"UserWarning","filename":"/home/airflow/.local/lib/python3.13/site-packages/airflow/providers/standard/operators/python.py","lineno":194,"logger":"py.warnings"}
{"timestamp":"2026-07-13T08:36:52.550358Z","level":"warning","event":"Setting email_on_retry on a task is deprecated; please migrate to SmtpNotifier.","category":"UserWarning","filename":"/home/airflow/.local/lib/python3.13/site-packages/airflow/providers/standard/operators/python.py","lineno":194,"logger":"py.warnings"}
{"timestamp":"2026-07-13T08:36:52.550477Z","level":"warning","event":"Setting email_on_failure on a task is deprecated; please migrate to SmtpNotifier.","category":"UserWarning","filename":"/home/airflow/.local/lib/python3.13/site-packages/airflow/providers/standard/operators/python.py","lineno":194,"logger":"py.warnings"}
{"timestamp":"2026-07-13T08:37:22.696714Z","level":"info","event":"Filling up the DagBag from /opt/airflow/dags/scrape_dag.py","logger":"airflow.dag_processing.dagbag.BundleDagBag","filename":"dagbag.py","lineno":460}
{"timestamp":"2026-07-13T08:37:22.817565Z","level":"warning","event":"Setting email on a task is deprecated; please migrate to SmtpNotifier.","category":"UserWarning","filename":"/home/airflow/.local/lib/python3.13/site-packages/airflow/providers/standard/operators/python.py","lineno":194,"logger":"py.warnings"}
{"timestamp":"2026-07-13T08:37:22.817689Z","level":"warning","event":"Setting email_on_retry on a task is deprecated; please migrate to SmtpNotifier.","category":"UserWarning","filename":"/home/airflow/.local/lib/python3.13/site-packages/airflow/providers/standard/operators/python.py","lineno":194,"logger":"py.warnings"}
{"timestamp":"2026-07-13T08:37:22.817726Z","level":"warning","event":"Setting email_on_failure on a task is deprecated; please migrate to SmtpNotifier.","category":"UserWarning","filename":"/home/airflow/.local/lib/python3.13/site-packages/airflow/providers/standard/operators/python.py","lineno":194,"logger":"py.warnings"}
{"timestamp":"2026-07-13T08:37:53.265771Z","level":"info","event":"Filling up the DagBag from /opt/airflow/dags/scrape_dag.py","logger":"airflow.dag_processing.dagbag.BundleDagBag","filename":"dagbag.py","lineno":460}
{"timestamp":"2026-07-13T08:37:53.395317Z","level":"warning","event":"Setting email on a task is deprecated; please migrate to SmtpNotifier.","category":"UserWarning","filename":"/home/airflow/.local/lib/python3.13/site-packages/airflow/providers/standard/operators/python.py","lineno":194,"logger":"py.warnings"}
{"timestamp":"2026-07-13T08:37:53.395451Z","level":"warning","event":"Setting email_on_retry on a task is deprecated; please migrate to SmtpNotifier.","category":"UserWarning","filename":"/home/airflow/.local/lib/python3.13/site-packages/airflow/providers/standard/operators/python.py","lineno":194,"logger":"py.warnings"}
{"timestamp":"2026-07-13T08:37:53.395513Z","level":"warning","event":"Setting email_on_failure on a task is deprecated; please migrate to SmtpNotifier.","category":"UserWarning","filename":"/home/airflow/.local/lib/python3.13/site-packages/airflow/providers/standard/operators/python.py","lineno":194,"logger":"py.warnings"}
{"timestamp":"2026-07-13T08:38:24.460268Z","level":"info","event":"Filling up the DagBag from /opt/airflow/dags/scrape_dag.py","logger":"airflow.dag_processing.dagbag.BundleDagBag","filename":"dagbag.py","lineno":460}
{"timestamp":"2026-07-13T08:38:24.598862Z","level":"warning","event":"Setting email on a task is deprecated; please migrate to SmtpNotifier.","category":"UserWarning","filename":"/home/airflow/.local/lib/python3.13/site-packages/airflow/providers/standard/operators/python.py","lineno":194,"logger":"py.warnings"}
{"timestamp":"2026-07-13T08:38:24.599029Z","level":"warning","event":"Setting email_on_retry on a task is deprecated; please migrate to SmtpNotifier.","category":"UserWarning","filename":"/home/airflow/.local/lib/python3.13/site-packages/airflow/providers/standard/operators/python.py","lineno":194,"logger":"py.warnings"}
{"timestamp":"2026-07-13T08:38:24.599109Z","level":"warning","event":"Setting email_on_failure on a task is deprecated; please migrate to SmtpNotifier.","category":"UserWarning","filename":"/home/airflow/.local/lib/python3.13/site-packages/airflow/providers/standard/operators/python.py","lineno":194,"logger":"py.warnings"}
{"timestamp":"2026-07-13T08:38:55.312698Z","level":"info","event":"Filling up the DagBag from /opt/airflow/dags/scrape_dag.py","logger":"airflow.dag_processing.dagbag.BundleDagBag","filename":"dagbag.py","lineno":460}
{"timestamp":"2026-07-13T08:38:55.476420Z","level":"warning","event":"Setting email on a task is deprecated; please migrate to SmtpNotifier.","category":"UserWarning","filename":"/home/airflow/.local/lib/python3.13/site-packages/airflow/providers/standard/operators/python.py","lineno":194,"logger":"py.warnings"}
{"timestamp":"2026-07-13T08:38:55.476539Z","level":"warning","event":"Setting email_on_retry on a task is deprecated; please migrate to SmtpNotifier.","category":"UserWarning","filename":"/home/airflow/.local/lib/python3.13/site-packages/airflow/providers/standard/operators/python.py","lineno":194,"logger":"py.warnings"}
{"timestamp":"2026-07-13T08:38:55.476595Z","level":"warning","event":"Setting email_on_failure on a task is deprecated; please migrate to SmtpNotifier.","category":"UserWarning","filename":"/home/airflow/.local/lib/python3.13/site-packages/airflow/providers/standard/operators/python.py","lineno":194,"logger":"py.warnings"}
{"timestamp":"2026-07-13T08:39:26.027727Z","level":"info","event":"Filling up the DagBag from /opt/airflow/dags/scrape_dag.py","logger":"airflow.dag_processing.dagbag.BundleDagBag","filename":"dagbag.py","lineno":460}
{"timestamp":"2026-07-13T08:39:26.241432Z","level":"warning","event":"Setting email on a task is deprecated; please migrate to SmtpNotifier.","category":"UserWarning","filename":"/home/airflow/.local/lib/python3.13/site-packages/airflow/providers/standard/operators/python.py","lineno":194,"logger":"py.warnings"}
{"timestamp":"2026-07-13T08:39:26.242022Z","level":"warning","event":"Setting email_on_retry on a task is deprecated; please migrate to SmtpNotifier.","category":"UserWarning","filename":"/home/airflow/.local/lib/python3.13/site-packages/airflow/providers/standard/operators/python.py","lineno":194,"logger":"py.warnings"}
{"timestamp":"2026-07-13T08:39:26.242117Z","level":"warning","event":"Setting email_on_failure on a task is deprecated; please migrate to SmtpNotifier.","category":"UserWarning","filename":"/home/airflow/.local/lib/python3.13/site-packages/airflow/providers/standard/operators/python.py","lineno":194,"logger":"py.warnings"}
{"timestamp":"2026-07-13T08:39:57.076848Z","level":"info","event":"Filling up the DagBag from /opt/airflow/dags/scrape_dag.py","logger":"airflow.dag_processing.dagbag.BundleDagBag","filename":"dagbag.py","lineno":460}
{"timestamp":"2026-07-13T08:39:57.336980Z","level":"warning","event":"Setting email on a task is deprecated; please migrate to SmtpNotifier.","category":"UserWarning","filename":"/home/airflow/.local/lib/python3.13/site-packages/airflow/providers/standard/operators/python.py","lineno":194,"logger":"py.warnings"}
{"timestamp":"2026-07-13T08:39:57.337151Z","level":"warning","event":"Setting email_on_retry on a task is deprecated; please migrate to SmtpNotifier.","category":"UserWarning","filename":"/home/airflow/.local/lib/python3.13/site-packages/airflow/providers/standard/operators/python.py","lineno":194,"logger":"py.warnings"}
{"timestamp":"2026-07-13T08:39:57.337270Z","level":"warning","event":"Setting email_on_failure on a task is deprecated; please migrate to SmtpNotifier.","category":"UserWarning","filename":"/home/airflow/.local/lib/python3.13/site-packages/airflow/providers/standard/operators/python.py","lineno":194,"logger":"py.warnings"}
{"timestamp":"2026-07-13T08:40:27.406391Z","level":"info","event":"Filling up the DagBag from /opt/airflow/dags/scrape_dag.py","logger":"airflow.dag_processing.dagbag.BundleDagBag","filename":"dagbag.py","lineno":460}
{"timestamp":"2026-07-13T08:40:27.532349Z","level":"warning","event":"Setting email on a task is deprecated; please migrate to SmtpNotifier.","category":"UserWarning","filename":"/home/airflow/.local/lib/python3.13/site-packages/airflow/providers/standard/operators/python.py","lineno":194,"logger":"py.warnings"}
{"timestamp":"2026-07-13T08:40:27.532456Z","level":"warning","event":"Setting email_on_retry on a task is deprecated; please migrate to SmtpNotifier.","category":"UserWarning","filename":"/home/airflow/.local/lib/python3.13/site-packages/airflow/providers/standard/operators/python.py","lineno":194,"logger":"py.warnings"}
{"timestamp":"2026-07-13T08:40:27.532495Z","level":"warning","event":"Setting email_on_failure on a task is deprecated; please migrate to SmtpNotifier.","category":"UserWarning","filename":"/home/airflow/.local/lib/python3.13/site-packages/airflow/providers/standard/operators/python.py","lineno":194,"logger":"py.warnings"}
{"timestamp":"2026-07-13T08:40:57.831917Z","level":"info","event":"Filling up the DagBag from /opt/airflow/dags/scrape_dag.py","logger":"airflow.dag_processing.dagbag.BundleDagBag","filename":"dagbag.py","lineno":460}
{"timestamp":"2026-07-13T08:40:57.998085Z","level":"warning","event":"Setting email on a task is deprecated; please migrate to SmtpNotifier.","category":"UserWarning","filename":"/home/airflow/.local/lib/python3.13/site-packages/airflow/providers/standard/operators/python.py","lineno":194,"logger":"py.warnings"}
{"timestamp":"2026-07-13T08:40:57.998203Z","level":"warning","event":"Setting email_on_retry on a task is deprecated; please migrate to SmtpNotifier.","category":"UserWarning","filename":"/home/airflow/.local/lib/python3.13/site-packages/airflow/providers/standard/operators/python.py","lineno":194,"logger":"py.warnings"}
{"timestamp":"2026-07-13T08:40:57.998242Z","level":"warning","event":"Setting email_on_failure on a task is deprecated; please migrate to SmtpNotifier.","category":"UserWarning","filename":"/home/airflow/.local/lib/python3.13/site-packages/airflow/providers/standard/operators/python.py","lineno":194,"logger":"py.warnings"}
{"timestamp":"2026-07-13T08:41:28.800990Z","level":"info","event":"Filling up the DagBag from /opt/airflow/dags/scrape_dag.py","logger":"airflow.dag_processing.dagbag.BundleDagBag","filename":"dagbag.py","lineno":460}
{"timestamp":"2026-07-13T08:41:28.949930Z","level":"warning","event":"Setting email on a task is deprecated; please migrate to SmtpNotifier.","category":"UserWarning","filename":"/home/airflow/.local/lib/python3.13/site-packages/airflow/providers/standard/operators/python.py","lineno":194,"logger":"py.warnings"}
{"timestamp":"2026-07-13T08:41:28.950071Z","level":"warning","event":"Setting email_on_retry on a task is deprecated; please migrate to SmtpNotifier.","category":"UserWarning","filename":"/home/airflow/.local/lib/python3.13/site-packages/airflow/providers/standard/operators/python.py","lineno":194,"logger":"py.warnings"}
{"timestamp":"2026-07-13T08:41:28.950126Z","level":"warning","event":"Setting email_on_failure on a task is deprecated; please migrate to SmtpNotifier.","category":"UserWarning","filename":"/home/airflow/.local/lib/python3.13/site-packages/airflow/providers/standard/operators/python.py","lineno":194,"logger":"py.warnings"}
{"timestamp":"2026-07-13T08:41:59.376535Z","level":"info","event":"Filling up the DagBag from /opt/airflow/dags/scrape_dag.py","logger":"airflow.dag_processing.dagbag.BundleDagBag","filename":"dagbag.py","lineno":460}
{"timestamp":"2026-07-13T08:41:59.595388Z","level":"warning","event":"Setting email on a task is deprecated; please migrate to SmtpNotifier.","category":"UserWarning","filename":"/home/airflow/.local/lib/python3.13/site-packages/airflow/providers/standard/operators/python.py","lineno":194,"logger":"py.warnings"}
{"timestamp":"2026-07-13T08:41:59.595507Z","level":"warning","event":"Setting email_on_retry on a task is deprecated; please migrate to SmtpNotifier.","category":"UserWarning","filename":"/home/airflow/.local/lib/python3.13/site-packages/airflow/providers/standard/operators/python.py","lineno":194,"logger":"py.warnings"}
{"timestamp":"2026-07-13T08:41:59.595558Z","level":"warning","event":"Setting email_on_failure on a task is deprecated; please migrate to SmtpNotifier.","category":"UserWarning","filename":"/home/airflow/.local/lib/python3.13/site-packages/airflow/providers/standard/operators/python.py","lineno":194,"logger":"py.warnings"}
{"timestamp":"2026-07-13T08:42:30.904820Z","level":"info","event":"Filling up the DagBag from /opt/airflow/dags/scrape_dag.py","logger":"airflow.dag_processing.dagbag.BundleDagBag","filename":"dagbag.py","lineno":460}
{"timestamp":"2026-07-13T08:42:31.020989Z","level":"warning","event":"Setting email on a task is deprecated; please migrate to SmtpNotifier.","category":"UserWarning","filename":"/home/airflow/.local/lib/python3.13/site-packages/airflow/providers/standard/operators/python.py","lineno":194,"logger":"py.warnings"}
{"timestamp":"2026-07-13T08:42:31.021086Z","level":"warning","event":"Setting email_on_retry on a task is deprecated; please migrate to SmtpNotifier.","category":"UserWarning","filename":"/home/airflow/.local/lib/python3.13/site-packages/airflow/providers/standard/operators/python.py","lineno":194,"logger":"py.warnings"}
{"timestamp":"2026-07-13T08:42:31.021128Z","level":"warning","event":"Setting email_on_failure on a task is deprecated; please migrate to SmtpNotifier.","category":"UserWarning","filename":"/home/airflow/.local/lib/python3.13/site-packages/airflow/providers/standard/operators/python.py","lineno":194,"logger":"py.warnings"}
{"timestamp":"2026-07-13T08:43:01.865238Z","level":"info","event":"Filling up the DagBag from /opt/airflow/dags/scrape_dag.py","logger":"airflow.dag_processing.dagbag.BundleDagBag","filename":"dagbag.py","lineno":460}
{"timestamp":"2026-07-13T08:43:01.981583Z","level":"warning","event":"Setting email on a task is deprecated; please migrate to SmtpNotifier.","category":"UserWarning","filename":"/home/airflow/.local/lib/python3.13/site-packages/airflow/providers/standard/operators/python.py","lineno":194,"logger":"py.warnings"}
{"timestamp":"2026-07-13T08:43:01.981683Z","level":"warning","event":"Setting email_on_retry on a task is deprecated; please migrate to SmtpNotifier.","category":"UserWarning","filename":"/home/airflow/.local/lib/python3.13/site-packages/airflow/providers/standard/operators/python.py","lineno":194,"logger":"py.warnings"}
{"timestamp":"2026-07-13T08:43:01.981744Z","level":"warning","event":"Setting email_on_failure on a task is deprecated; please migrate to SmtpNotifier.","category":"UserWarning","filename":"/home/airflow/.local/lib/python3.13/site-packages/airflow/providers/standard/operators/python.py","lineno":194,"logger":"py.warnings"}
{"timestamp":"2026-07-13T08:43:32.231220Z","level":"info","event":"Filling up the DagBag from /opt/airflow/dags/scrape_dag.py","logger":"airflow.dag_processing.dagbag.BundleDagBag","filename":"dagbag.py","lineno":460}
{"timestamp":"2026-07-13T08:43:32.389214Z","level":"warning","event":"Setting email on a task is deprecated; please migrate to SmtpNotifier.","category":"UserWarning","filename":"/home/airflow/.local/lib/python3.13/site-packages/airflow/providers/standard/operators/python.py","lineno":194,"logger":"py.warnings"}
{"timestamp":"2026-07-13T08:43:32.389302Z","level":"warning","event":"Setting email_on_retry on a task is deprecated; please migrate to SmtpNotifier.","category":"UserWarning","filename":"/home/airflow/.local/lib/python3.13/site-packages/airflow/providers/standard/operators/python.py","lineno":194,"logger":"py.warnings"}
{"timestamp":"2026-07-13T08:43:32.389337Z","level":"warning","event":"Setting email_on_failure on a task is deprecated; please migrate to SmtpNotifier.","category":"UserWarning","filename":"/home/airflow/.local/lib/python3.13/site-packages/airflow/providers/standard/operators/python.py","lineno":194,"logger":"py.warnings"}
{"timestamp":"2026-07-13T08:44:03.309259Z","level":"info","event":"Filling up the DagBag from /opt/airflow/dags/scrape_dag.py","logger":"airflow.dag_processing.dagbag.BundleDagBag","filename":"dagbag.py","lineno":460}
{"timestamp":"2026-07-13T08:44:03.388611Z","level":"warning","event":"Setting email on a task is deprecated; please migrate to SmtpNotifier.","category":"UserWarning","filename":"/home/airflow/.local/lib/python3.13/site-packages/airflow/providers/standard/operators/python.py","lineno":194,"logger":"py.warnings"}
{"timestamp":"2026-07-13T08:44:03.388691Z","level":"warning","event":"Setting email_on_retry on a task is deprecated; please migrate to SmtpNotifier.","category":"UserWarning","filename":"/home/airflow/.local/lib/python3.13/site-packages/airflow/providers/standard/operators/python.py","lineno":194,"logger":"py.warnings"}
{"timestamp":"2026-07-13T08:44:03.388729Z","level":"warning","event":"Setting email_on_failure on a task is deprecated; please migrate to SmtpNotifier.","category":"UserWarning","filename":"/home/airflow/.local/lib/python3.13/site-packages/airflow/providers/standard/operators/python.py","lineno":194,"logger":"py.warnings"}
{"timestamp":"2026-07-13T08:44:34.036875Z","level":"info","event":"Filling up the DagBag from /opt/airflow/dags/scrape_dag.py","logger":"airflow.dag_processing.dagbag.BundleDagBag","filename":"dagbag.py","lineno":460}
{"timestamp":"2026-07-13T08:44:34.161194Z","level":"warning","event":"Setting email on a task is deprecated; please migrate to SmtpNotifier.","category":"UserWarning","filename":"/home/airflow/.local/lib/python3.13/site-packages/airflow/providers/standard/operators/python.py","lineno":194,"logger":"py.warnings"}
{"timestamp":"2026-07-13T08:44:34.161299Z","level":"warning","event":"Setting email_on_retry on a task is deprecated; please migrate to SmtpNotifier.","category":"UserWarning","filename":"/home/airflow/.local/lib/python3.13/site-packages/airflow/providers/standard/operators/python.py","lineno":194,"logger":"py.warnings"}
{"timestamp":"2026-07-13T08:44:34.161338Z","level":"warning","event":"Setting email_on_failure on a task is deprecated; please migrate to SmtpNotifier.","category":"UserWarning","filename":"/home/airflow/.local/lib/python3.13/site-packages/airflow/providers/standard/operators/python.py","lineno":194,"logger":"py.warnings"}
{"timestamp":"2026-07-13T08:45:04.480599Z","level":"info","event":"Filling up the DagBag from /opt/airflow/dags/scrape_dag.py","logger":"airflow.dag_processing.dagbag.BundleDagBag","filename":"dagbag.py","lineno":460}
{"timestamp":"2026-07-13T08:45:04.608993Z","level":"warning","event":"Setting email on a task is deprecated; please migrate to SmtpNotifier.","category":"UserWarning","filename":"/home/airflow/.local/lib/python3.13/site-packages/airflow/providers/standard/operators/python.py","lineno":194,"logger":"py.warnings"}
{"timestamp":"2026-07-13T08:45:04.609137Z","level":"warning","event":"Setting email_on_retry on a task is deprecated; please migrate to SmtpNotifier.","category":"UserWarning","filename":"/home/airflow/.local/lib/python3.13/site-packages/airflow/providers/standard/operators/python.py","lineno":194,"logger":"py.warnings"}
{"timestamp":"2026-07-13T08:45:04.609198Z","level":"warning","event":"Setting email_on_failure on a task is deprecated; please migrate to SmtpNotifier.","category":"UserWarning","filename":"/home/airflow/.local/lib/python3.13/site-packages/airflow/providers/standard/operators/python.py","lineno":194,"logger":"py.warnings"}
{"timestamp":"2026-07-13T08:45:35.144937Z","level":"info","event":"Filling up the DagBag from /opt/airflow/dags/scrape_dag.py","logger":"airflow.dag_processing.dagbag.BundleDagBag","filename":"dagbag.py","lineno":460}
{"timestamp":"2026-07-13T08:45:35.332153Z","level":"warning","event":"Setting email on a task is deprecated; please migrate to SmtpNotifier.","category":"UserWarning","filename":"/home/airflow/.local/lib/python3.13/site-packages/airflow/providers/standard/operators/python.py","lineno":194,"logger":"py.warnings"}
{"timestamp":"2026-07-13T08:45:35.332315Z","level":"warning","event":"Setting email_on_retry on a task is deprecated; please migrate to SmtpNotifier.","category":"UserWarning","filename":"/home/airflow/.local/lib/python3.13/site-packages/airflow/providers/standard/operators/python.py","lineno":194,"logger":"py.warnings"}
{"timestamp":"2026-07-13T08:45:35.332368Z","level":"warning","event":"Setting email_on_failure on a task is deprecated; please migrate to SmtpNotifier.","category":"UserWarning","filename":"/home/airflow/.local/lib/python3.13/site-packages/airflow/providers/standard/operators/python.py","lineno":194,"logger":"py.warnings"}
{"timestamp":"2026-07-13T08:46:05.776884Z","level":"info","event":"Filling up the DagBag from /opt/airflow/dags/scrape_dag.py","logger":"airflow.dag_processing.dagbag.BundleDagBag","filename":"dagbag.py","lineno":460}
{"timestamp":"2026-07-13T08:46:05.925090Z","level":"warning","event":"Setting email on a task is deprecated; please migrate to SmtpNotifier.","category":"UserWarning","filename":"/home/airflow/.local/lib/python3.13/site-packages/airflow/providers/standard/operators/python.py","lineno":194,"logger":"py.warnings"}
{"timestamp":"2026-07-13T08:46:05.925234Z","level":"warning","event":"Setting email_on_retry on a task is deprecated; please migrate to SmtpNotifier.","category":"UserWarning","filename":"/home/airflow/.local/lib/python3.13/site-packages/airflow/providers/standard/operators/python.py","lineno":194,"logger":"py.warnings"}
{"timestamp":"2026-07-13T08:46:05.925318Z","level":"warning","event":"Setting email_on_failure on a task is deprecated; please migrate to SmtpNotifier.","category":"UserWarning","filename":"/home/airflow/.local/lib/python3.13/site-packages/airflow/providers/standard/operators/python.py","lineno":194,"logger":"py.warnings"}
{"timestamp":"2026-07-13T08:46:36.221322Z","level":"info","event":"Filling up the DagBag from /opt/airflow/dags/scrape_dag.py","logger":"airflow.dag_processing.dagbag.BundleDagBag","filename":"dagbag.py","lineno":460}
{"timestamp":"2026-07-13T08:46:36.400877Z","level":"warning","event":"Setting email on a task is deprecated; please migrate to SmtpNotifier.","category":"UserWarning","filename":"/home/airflow/.local/lib/python3.13/site-packages/airflow/providers/standard/operators/python.py","lineno":194,"logger":"py.warnings"}
{"timestamp":"2026-07-13T08:46:36.400983Z","level":"warning","event":"Setting email_on_retry on a task is deprecated; please migrate to SmtpNotifier.","category":"UserWarning","filename":"/home/airflow/.local/lib/python3.13/site-packages/airflow/providers/standard/operators/python.py","lineno":194,"logger":"py.warnings"}
{"timestamp":"2026-07-13T08:46:36.401063Z","level":"warning","event":"Setting email_on_failure on a task is deprecated; please migrate to SmtpNotifier.","category":"UserWarning","filename":"/home/airflow/.local/lib/python3.13/site-packages/airflow/providers/standard/operators/python.py","lineno":194,"logger":"py.warnings"}
{"timestamp":"2026-07-13T08:47:07.311084Z","level":"info","event":"Filling up the DagBag from /opt/airflow/dags/scrape_dag.py","logger":"airflow.dag_processing.dagbag.BundleDagBag","filename":"dagbag.py","lineno":460}
{"timestamp":"2026-07-13T08:47:07.497595Z","level":"warning","event":"Setting email on a task is deprecated; please migrate to SmtpNotifier.","category":"UserWarning","filename":"/home/airflow/.local/lib/python3.13/site-packages/airflow/providers/standard/operators/python.py","lineno":194,"logger":"py.warnings"}
{"timestamp":"2026-07-13T08:47:07.497768Z","level":"warning","event":"Setting email_on_retry on a task is deprecated; please migrate to SmtpNotifier.","category":"UserWarning","filename":"/home/airflow/.local/lib/python3.13/site-packages/airflow/providers/standard/operators/python.py","lineno":194,"logger":"py.warnings"}
{"timestamp":"2026-07-13T08:47:07.497825Z","level":"warning","event":"Setting email_on_failure on a task is deprecated; please migrate to SmtpNotifier.","category":"UserWarning","filename":"/home/airflow/.local/lib/python3.13/site-packages/airflow/providers/standard/operators/python.py","lineno":194,"logger":"py.warnings"}
{"timestamp":"2026-07-13T08:47:38.146815Z","level":"info","event":"Filling up the DagBag from /opt/airflow/dags/scrape_dag.py","logger":"airflow.dag_processing.dagbag.BundleDagBag","filename":"dagbag.py","lineno":460}
{"timestamp":"2026-07-13T08:47:38.371165Z","level":"warning","event":"Setting email on a task is deprecated; please migrate to SmtpNotifier.","category":"UserWarning","filename":"/home/airflow/.local/lib/python3.13/site-packages/airflow/providers/standard/operators/python.py","lineno":194,"logger":"py.warnings"}
{"timestamp":"2026-07-13T08:47:38.371313Z","level":"warning","event":"Setting email_on_retry on a task is deprecated; please migrate to SmtpNotifier.","category":"UserWarning","filename":"/home/airflow/.local/lib/python3.13/site-packages/airflow/providers/standard/operators/python.py","lineno":194,"logger":"py.warnings"}
{"timestamp":"2026-07-13T08:47:38.371379Z","level":"warning","event":"Setting email_on_failure on a task is deprecated; please migrate to SmtpNotifier.","category":"UserWarning","filename":"/home/airflow/.local/lib/python3.13/site-packages/airflow/providers/standard/operators/python.py","lineno":194,"logger":"py.warnings"}
{"timestamp":"2026-07-13T08:48:09.005888Z","level":"info","event":"Filling up the DagBag from /opt/airflow/dags/scrape_dag.py","logger":"airflow.dag_processing.dagbag.BundleDagBag","filename":"dagbag.py","lineno":460}
{"timestamp":"2026-07-13T08:48:09.179805Z","level":"warning","event":"Setting email on a task is deprecated; please migrate to SmtpNotifier.","category":"UserWarning","filename":"/home/airflow/.local/lib/python3.13/site-packages/airflow/providers/standard/operators/python.py","lineno":194,"logger":"py.warnings"}
{"timestamp":"2026-07-13T08:48:09.180694Z","level":"warning","event":"Setting email_on_retry on a task is deprecated; please migrate to SmtpNotifier.","category":"UserWarning","filename":"/home/airflow/.local/lib/python3.13/site-packages/airflow/providers/standard/operators/python.py","lineno":194,"logger":"py.warnings"}
{"timestamp":"2026-07-13T08:48:09.180767Z","level":"warning","event":"Setting email_on_failure on a task is deprecated; please migrate to SmtpNotifier.","category":"UserWarning","filename":"/home/airflow/.local/lib/python3.13/site-packages/airflow/providers/standard/operators/python.py","lineno":194,"logger":"py.warnings"}
{"timestamp":"2026-07-13T08:48:39.295603Z","level":"info","event":"Filling up the DagBag from /opt/airflow/dags/scrape_dag.py","logger":"airflow.dag_processing.dagbag.BundleDagBag","filename":"dagbag.py","lineno":460}
{"timestamp":"2026-07-13T08:48:39.427723Z","level":"warning","event":"Setting email on a task is deprecated; please migrate to SmtpNotifier.","category":"UserWarning","filename":"/home/airflow/.local/lib/python3.13/site-packages/airflow/providers/standard/operators/python.py","lineno":194,"logger":"py.warnings"}
{"timestamp":"2026-07-13T08:48:39.427836Z","level":"warning","event":"Setting email_on_retry on a task is deprecated; please migrate to SmtpNotifier.","category":"UserWarning","filename":"/home/airflow/.local/lib/python3.13/site-packages/airflow/providers/standard/operators/python.py","lineno":194,"logger":"py.warnings"}
{"timestamp":"2026-07-13T08:48:39.427907Z","level":"warning","event":"Setting email_on_failure on a task is deprecated; please migrate to SmtpNotifier.","category":"UserWarning","filename":"/home/airflow/.local/lib/python3.13/site-packages/airflow/providers/standard/operators/python.py","lineno":194,"logger":"py.warnings"}
{"timestamp":"2026-07-13T08:49:10.182495Z","level":"info","event":"Filling up the DagBag from /opt/airflow/dags/scrape_dag.py","logger":"airflow.dag_processing.dagbag.BundleDagBag","filename":"dagbag.py","lineno":460}
{"timestamp":"2026-07-13T08:49:10.345906Z","level":"warning","event":"Setting email on a task is deprecated; please migrate to SmtpNotifier.","category":"UserWarning","filename":"/home/airflow/.local/lib/python3.13/site-packages/airflow/providers/standard/operators/python.py","lineno":194,"logger":"py.warnings"}
{"timestamp":"2026-07-13T08:49:10.346044Z","level":"warning","event":"Setting email_on_retry on a task is deprecated; please migrate to SmtpNotifier.","category":"UserWarning","filename":"/home/airflow/.local/lib/python3.13/site-packages/airflow/providers/standard/operators/python.py","lineno":194,"logger":"py.warnings"}
{"timestamp":"2026-07-13T08:49:10.346101Z","level":"warning","event":"Setting email_on_failure on a task is deprecated; please migrate to SmtpNotifier.","category":"UserWarning","filename":"/home/airflow/.local/lib/python3.13/site-packages/airflow/providers/standard/operators/python.py","lineno":194,"logger":"py.warnings"}
{"timestamp":"2026-07-13T08:49:40.551045Z","level":"info","event":"Filling up the DagBag from /opt/airflow/dags/scrape_dag.py","logger":"airflow.dag_processing.dagbag.BundleDagBag","filename":"dagbag.py","lineno":460}
{"timestamp":"2026-07-13T08:49:40.696587Z","level":"warning","event":"Setting email on a task is deprecated; please migrate to SmtpNotifier.","category":"UserWarning","filename":"/home/airflow/.local/lib/python3.13/site-packages/airflow/providers/standard/operators/python.py","lineno":194,"logger":"py.warnings"}
{"timestamp":"2026-07-13T08:49:40.696693Z","level":"warning","event":"Setting email_on_retry on a task is deprecated; please migrate to SmtpNotifier.","category":"UserWarning","filename":"/home/airflow/.local/lib/python3.13/site-packages/airflow/providers/standard/operators/python.py","lineno":194,"logger":"py.warnings"}
{"timestamp":"2026-07-13T08:49:40.696758Z","level":"warning","event":"Setting email_on_failure on a task is deprecated; please migrate to SmtpNotifier.","category":"UserWarning","filename":"/home/airflow/.local/lib/python3.13/site-packages/airflow/providers/standard/operators/python.py","lineno":194,"logger":"py.warnings"}
{"timestamp":"2026-07-13T08:50:11.398498Z","level":"info","event":"Filling up the DagBag from /opt/airflow/dags/scrape_dag.py","logger":"airflow.dag_processing.dagbag.BundleDagBag","filename":"dagbag.py","lineno":460}
{"timestamp":"2026-07-13T08:50:11.545721Z","level":"warning","event":"Setting email on a task is deprecated; please migrate to SmtpNotifier.","category":"UserWarning","filename":"/home/airflow/.local/lib/python3.13/site-packages/airflow/providers/standard/operators/python.py","lineno":194,"logger":"py.warnings"}
{"timestamp":"2026-07-13T08:50:11.545893Z","level":"warning","event":"Setting email_on_retry on a task is deprecated; please migrate to SmtpNotifier.","category":"UserWarning","filename":"/home/airflow/.local/lib/python3.13/site-packages/airflow/providers/standard/operators/python.py","lineno":194,"logger":"py.warnings"}
{"timestamp":"2026-07-13T08:50:11.545986Z","level":"warning","event":"Setting email_on_failure on a task is deprecated; please migrate to SmtpNotifier.","category":"UserWarning","filename":"/home/airflow/.local/lib/python3.13/site-packages/airflow/providers/standard/operators/python.py","lineno":194,"logger":"py.warnings"}
{"timestamp":"2026-07-13T08:50:41.664190Z","level":"info","event":"Filling up the DagBag from /opt/airflow/dags/scrape_dag.py","logger":"airflow.dag_processing.dagbag.BundleDagBag","filename":"dagbag.py","lineno":460}
{"timestamp":"2026-07-13T08:50:41.838287Z","level":"warning","event":"Setting email on a task is deprecated; please migrate to SmtpNotifier.","category":"UserWarning","filename":"/home/airflow/.local/lib/python3.13/site-packages/airflow/providers/standard/operators/python.py","lineno":194,"logger":"py.warnings"}
{"timestamp":"2026-07-13T08:50:41.838473Z","level":"warning","event":"Setting email_on_retry on a task is deprecated; please migrate to SmtpNotifier.","category":"UserWarning","filename":"/home/airflow/.local/lib/python3.13/site-packages/airflow/providers/standard/operators/python.py","lineno":194,"logger":"py.warnings"}
{"timestamp":"2026-07-13T08:50:41.838595Z","level":"warning","event":"Setting email_on_failure on a task is deprecated; please migrate to SmtpNotifier.","category":"UserWarning","filename":"/home/airflow/.local/lib/python3.13/site-packages/airflow/providers/standard/operators/python.py","lineno":194,"logger":"py.warnings"}
{"timestamp":"2026-07-13T08:51:12.318578Z","level":"info","event":"Filling up the DagBag from /opt/airflow/dags/scrape_dag.py","logger":"airflow.dag_processing.dagbag.BundleDagBag","filename":"dagbag.py","lineno":460}
{"timestamp":"2026-07-13T08:51:12.438637Z","level":"warning","event":"Setting email on a task is deprecated; please migrate to SmtpNotifier.","category":"UserWarning","filename":"/home/airflow/.local/lib/python3.13/site-packages/airflow/providers/standard/operators/python.py","lineno":194,"logger":"py.warnings"}
{"timestamp":"2026-07-13T08:51:12.438730Z","level":"warning","event":"Setting email_on_retry on a task is deprecated; please migrate to SmtpNotifier.","category":"UserWarning","filename":"/home/airflow/.local/lib/python3.13/site-packages/airflow/providers/standard/operators/python.py","lineno":194,"logger":"py.warnings"}
{"timestamp":"2026-07-13T08:51:12.438774Z","level":"warning","event":"Setting email_on_failure on a task is deprecated; please migrate to SmtpNotifier.","category":"UserWarning","filename":"/home/airflow/.local/lib/python3.13/site-packages/airflow/providers/standard/operators/python.py","lineno":194,"logger":"py.warnings"}
{"timestamp":"2026-07-13T08:51:42.802436Z","level":"info","event":"Filling up the DagBag from /opt/airflow/dags/scrape_dag.py","logger":"airflow.dag_processing.dagbag.BundleDagBag","filename":"dagbag.py","lineno":460}
{"timestamp":"2026-07-13T08:51:42.919476Z","level":"warning","event":"Setting email on a task is deprecated; please migrate to SmtpNotifier.","category":"UserWarning","filename":"/home/airflow/.local/lib/python3.13/site-packages/airflow/providers/standard/operators/python.py","lineno":194,"logger":"py.warnings"}
{"timestamp":"2026-07-13T08:51:42.920512Z","level":"warning","event":"Setting email_on_retry on a task is deprecated; please migrate to SmtpNotifier.","category":"UserWarning","filename":"/home/airflow/.local/lib/python3.13/site-packages/airflow/providers/standard/operators/python.py","lineno":194,"logger":"py.warnings"}
{"timestamp":"2026-07-13T08:51:42.920616Z","level":"warning","event":"Setting email_on_failure on a task is deprecated; please migrate to SmtpNotifier.","category":"UserWarning","filename":"/home/airflow/.local/lib/python3.13/site-packages/airflow/providers/standard/operators/python.py","lineno":194,"logger":"py.warnings"}
{"timestamp":"2026-07-13T08:52:13.297509Z","level":"info","event":"Filling up the DagBag from /opt/airflow/dags/scrape_dag.py","logger":"airflow.dag_processing.dagbag.BundleDagBag","filename":"dagbag.py","lineno":460}
{"timestamp":"2026-07-13T08:52:13.441512Z","level":"warning","event":"Setting email on a task is deprecated; please migrate to SmtpNotifier.","category":"UserWarning","filename":"/home/airflow/.local/lib/python3.13/site-packages/airflow/providers/standard/operators/python.py","lineno":194,"logger":"py.warnings"}
{"timestamp":"2026-07-13T08:52:13.441694Z","level":"warning","event":"Setting email_on_retry on a task is deprecated; please migrate to SmtpNotifier.","category":"UserWarning","filename":"/home/airflow/.local/lib/python3.13/site-packages/airflow/providers/standard/operators/python.py","lineno":194,"logger":"py.warnings"}
{"timestamp":"2026-07-13T08:52:13.441771Z","level":"warning","event":"Setting email_on_failure on a task is deprecated; please migrate to SmtpNotifier.","category":"UserWarning","filename":"/home/airflow/.local/lib/python3.13/site-packages/airflow/providers/standard/operators/python.py","lineno":194,"logger":"py.warnings"}
{"timestamp":"2026-07-13T08:52:44.495861Z","level":"info","event":"Filling up the DagBag from /opt/airflow/dags/scrape_dag.py","logger":"airflow.dag_processing.dagbag.BundleDagBag","filename":"dagbag.py","lineno":460}
{"timestamp":"2026-07-13T08:52:44.638920Z","level":"warning","event":"Setting email on a task is deprecated; please migrate to SmtpNotifier.","category":"UserWarning","filename":"/home/airflow/.local/lib/python3.13/site-packages/airflow/providers/standard/operators/python.py","lineno":194,"logger":"py.warnings"}
{"timestamp":"2026-07-13T08:52:44.639034Z","level":"warning","event":"Setting email_on_retry on a task is deprecated; please migrate to SmtpNotifier.","category":"UserWarning","filename":"/home/airflow/.local/lib/python3.13/site-packages/airflow/providers/standard/operators/python.py","lineno":194,"logger":"py.warnings"}
{"timestamp":"2026-07-13T08:52:44.639070Z","level":"warning","event":"Setting email_on_failure on a task is deprecated; please migrate to SmtpNotifier.","category":"UserWarning","filename":"/home/airflow/.local/lib/python3.13/site-packages/airflow/providers/standard/operators/python.py","lineno":194,"logger":"py.warnings"}
{"timestamp":"2026-07-13T08:53:14.967715Z","level":"info","event":"Filling up the DagBag from /opt/airflow/dags/scrape_dag.py","logger":"airflow.dag_processing.dagbag.BundleDagBag","filename":"dagbag.py","lineno":460}
{"timestamp":"2026-07-13T08:53:15.149801Z","level":"warning","event":"Setting email on a task is deprecated; please migrate to SmtpNotifier.","category":"UserWarning","filename":"/home/airflow/.local/lib/python3.13/site-packages/airflow/providers/standard/operators/python.py","lineno":194,"logger":"py.warnings"}
{"timestamp":"2026-07-13T08:53:15.150245Z","level":"warning","event":"Setting email_on_retry on a task is deprecated; please migrate to SmtpNotifier.","category":"UserWarning","filename":"/home/airflow/.local/lib/python3.13/site-packages/airflow/providers/standard/operators/python.py","lineno":194,"logger":"py.warnings"}
{"timestamp":"2026-07-13T08:53:15.150307Z","level":"warning","event":"Setting email_on_failure on a task is deprecated; please migrate to SmtpNotifier.","category":"UserWarning","filename":"/home/airflow/.local/lib/python3.13/site-packages/airflow/providers/standard/operators/python.py","lineno":194,"logger":"py.warnings"}
{"timestamp":"2026-07-13T08:53:45.463865Z","level":"info","event":"Filling up the DagBag from /opt/airflow/dags/scrape_dag.py","logger":"airflow.dag_processing.dagbag.BundleDagBag","filename":"dagbag.py","lineno":460}
{"timestamp":"2026-07-13T08:53:45.588411Z","level":"warning","event":"Setting email on a task is deprecated; please migrate to SmtpNotifier.","category":"UserWarning","filename":"/home/airflow/.local/lib/python3.13/site-packages/airflow/providers/standard/operators/python.py","lineno":194,"logger":"py.warnings"}
{"timestamp":"2026-07-13T08:53:45.588520Z","level":"warning","event":"Setting email_on_retry on a task is deprecated; please migrate to SmtpNotifier.","category":"UserWarning","filename":"/home/airflow/.local/lib/python3.13/site-packages/airflow/providers/standard/operators/python.py","lineno":194,"logger":"py.warnings"}
{"timestamp":"2026-07-13T08:53:45.588555Z","level":"warning","event":"Setting email_on_failure on a task is deprecated; please migrate to SmtpNotifier.","category":"UserWarning","filename":"/home/airflow/.local/lib/python3.13/site-packages/airflow/providers/standard/operators/python.py","lineno":194,"logger":"py.warnings"}
{"timestamp":"2026-07-13T08:54:16.592620Z","level":"info","event":"Filling up the DagBag from /opt/airflow/dags/scrape_dag.py","logger":"airflow.dag_processing.dagbag.BundleDagBag","filename":"dagbag.py","lineno":460}
{"timestamp":"2026-07-13T08:54:16.717526Z","level":"warning","event":"Setting email on a task is deprecated; please migrate to SmtpNotifier.","category":"UserWarning","filename":"/home/airflow/.local/lib/python3.13/site-packages/airflow/providers/standard/operators/python.py","lineno":194,"logger":"py.warnings"}
{"timestamp":"2026-07-13T08:54:16.717689Z","level":"warning","event":"Setting email_on_retry on a task is deprecated; please migrate to SmtpNotifier.","category":"UserWarning","filename":"/home/airflow/.local/lib/python3.13/site-packages/airflow/providers/standard/operators/python.py","lineno":194,"logger":"py.warnings"}
{"timestamp":"2026-07-13T08:54:16.717729Z","level":"warning","event":"Setting email_on_failure on a task is deprecated; please migrate to SmtpNotifier.","category":"UserWarning","filename":"/home/airflow/.local/lib/python3.13/site-packages/airflow/providers/standard/operators/python.py","lineno":194,"logger":"py.warnings"}
{"timestamp":"2026-07-13T08:54:46.943026Z","level":"info","event":"Filling up the DagBag from /opt/airflow/dags/scrape_dag.py","logger":"airflow.dag_processing.dagbag.BundleDagBag","filename":"dagbag.py","lineno":460}
{"timestamp":"2026-07-13T08:54:47.112444Z","level":"warning","event":"Setting email on a task is deprecated; please migrate to SmtpNotifier.","category":"UserWarning","filename":"/home/airflow/.local/lib/python3.13/site-packages/airflow/providers/standard/operators/python.py","lineno":194,"logger":"py.warnings"}
{"timestamp":"2026-07-13T08:54:47.112539Z","level":"warning","event":"Setting email_on_retry on a task is deprecated; please migrate to SmtpNotifier.","category":"UserWarning","filename":"/home/airflow/.local/lib/python3.13/site-packages/airflow/providers/standard/operators/python.py","lineno":194,"logger":"py.warnings"}
{"timestamp":"2026-07-13T08:54:47.112576Z","level":"warning","event":"Setting email_on_failure on a task is deprecated; please migrate to SmtpNotifier.","category":"UserWarning","filename":"/home/airflow/.local/lib/python3.13/site-packages/airflow/providers/standard/operators/python.py","lineno":194,"logger":"py.warnings"}
{"timestamp":"2026-07-13T08:55:17.400050Z","level":"info","event":"Filling up the DagBag from /opt/airflow/dags/scrape_dag.py","logger":"airflow.dag_processing.dagbag.BundleDagBag","filename":"dagbag.py","lineno":460}
{"timestamp":"2026-07-13T08:55:17.547090Z","level":"warning","event":"Setting email on a task is deprecated; please migrate to SmtpNotifier.","category":"UserWarning","filename":"/home/airflow/.local/lib/python3.13/site-packages/airflow/providers/standard/operators/python.py","lineno":194,"logger":"py.warnings"}
{"timestamp":"2026-07-13T08:55:17.547243Z","level":"warning","event":"Setting email_on_retry on a task is deprecated; please migrate to SmtpNotifier.","category":"UserWarning","filename":"/home/airflow/.local/lib/python3.13/site-packages/airflow/providers/standard/operators/python.py","lineno":194,"logger":"py.warnings"}
{"timestamp":"2026-07-13T08:55:17.547303Z","level":"warning","event":"Setting email_on_failure on a task is deprecated; please migrate to SmtpNotifier.","category":"UserWarning","filename":"/home/airflow/.local/lib/python3.13/site-packages/airflow/providers/standard/operators/python.py","lineno":194,"logger":"py.warnings"}
{"timestamp":"2026-07-13T08:55:48.401783Z","level":"info","event":"Filling up the DagBag from /opt/airflow/dags/scrape_dag.py","logger":"airflow.dag_processing.dagbag.BundleDagBag","filename":"dagbag.py","lineno":460}
{"timestamp":"2026-07-13T08:55:48.513668Z","level":"warning","event":"Setting email on a task is deprecated; please migrate to SmtpNotifier.","category":"UserWarning","filename":"/home/airflow/.local/lib/python3.13/site-packages/airflow/providers/standard/operators/python.py","lineno":194,"logger":"py.warnings"}
{"timestamp":"2026-07-13T08:55:48.513773Z","level":"warning","event":"Setting email_on_retry on a task is deprecated; please migrate to SmtpNotifier.","category":"UserWarning","filename":"/home/airflow/.local/lib/python3.13/site-packages/airflow/providers/standard/operators/python.py","lineno":194,"logger":"py.warnings"}
{"timestamp":"2026-07-13T08:55:48.513812Z","level":"warning","event":"Setting email_on_failure on a task is deprecated; please migrate to SmtpNotifier.","category":"UserWarning","filename":"/home/airflow/.local/lib/python3.13/site-packages/airflow/providers/standard/operators/python.py","lineno":194,"logger":"py.warnings"}
{"timestamp":"2026-07-13T08:56:19.505264Z","level":"info","event":"Filling up the DagBag from /opt/airflow/dags/scrape_dag.py","logger":"airflow.dag_processing.dagbag.BundleDagBag","filename":"dagbag.py","lineno":460}
{"timestamp":"2026-07-13T08:56:19.677653Z","level":"warning","event":"Setting email on a task is deprecated; please migrate to SmtpNotifier.","category":"UserWarning","filename":"/home/airflow/.local/lib/python3.13/site-packages/airflow/providers/standard/operators/python.py","lineno":194,"logger":"py.warnings"}
{"timestamp":"2026-07-13T08:56:19.677790Z","level":"warning","event":"Setting email_on_retry on a task is deprecated; please migrate to SmtpNotifier.","category":"UserWarning","filename":"/home/airflow/.local/lib/python3.13/site-packages/airflow/providers/standard/operators/python.py","lineno":194,"logger":"py.warnings"}
{"timestamp":"2026-07-13T08:56:19.677865Z","level":"warning","event":"Setting email_on_failure on a task is deprecated; please migrate to SmtpNotifier.","category":"UserWarning","filename":"/home/airflow/.local/lib/python3.13/site-packages/airflow/providers/standard/operators/python.py","lineno":194,"logger":"py.warnings"}
{"timestamp":"2026-07-13T08:56:50.414365Z","level":"info","event":"Filling up the DagBag from /opt/airflow/dags/scrape_dag.py","logger":"airflow.dag_processing.dagbag.BundleDagBag","filename":"dagbag.py","lineno":460}
{"timestamp":"2026-07-13T08:56:50.651376Z","level":"warning","event":"Setting email on a task is deprecated; please migrate to SmtpNotifier.","category":"UserWarning","filename":"/home/airflow/.local/lib/python3.13/site-packages/airflow/providers/standard/operators/python.py","lineno":194,"logger":"py.warnings"}
{"timestamp":"2026-07-13T08:56:50.651474Z","level":"warning","event":"Setting email_on_retry on a task is deprecated; please migrate to SmtpNotifier.","category":"UserWarning","filename":"/home/airflow/.local/lib/python3.13/site-packages/airflow/providers/standard/operators/python.py","lineno":194,"logger":"py.warnings"}
{"timestamp":"2026-07-13T08:56:50.651527Z","level":"warning","event":"Setting email_on_failure on a task is deprecated; please migrate to SmtpNotifier.","category":"UserWarning","filename":"/home/airflow/.local/lib/python3.13/site-packages/airflow/providers/standard/operators/python.py","lineno":194,"logger":"py.warnings"}
{"timestamp":"2026-07-13T08:57:21.048993Z","level":"info","event":"Filling up the DagBag from /opt/airflow/dags/scrape_dag.py","logger":"airflow.dag_processing.dagbag.BundleDagBag","filename":"dagbag.py","lineno":460}
{"timestamp":"2026-07-13T08:57:21.194430Z","level":"warning","event":"Setting email on a task is deprecated; please migrate to SmtpNotifier.","category":"UserWarning","filename":"/home/airflow/.local/lib/python3.13/site-packages/airflow/providers/standard/operators/python.py","lineno":194,"logger":"py.warnings"}
{"timestamp":"2026-07-13T08:57:21.194534Z","level":"warning","event":"Setting email_on_retry on a task is deprecated; please migrate to SmtpNotifier.","category":"UserWarning","filename":"/home/airflow/.local/lib/python3.13/site-packages/airflow/providers/standard/operators/python.py","lineno":194,"logger":"py.warnings"}
{"timestamp":"2026-07-13T08:57:21.194599Z","level":"warning","event":"Setting email_on_failure on a task is deprecated; please migrate to SmtpNotifier.","category":"UserWarning","filename":"/home/airflow/.local/lib/python3.13/site-packages/airflow/providers/standard/operators/python.py","lineno":194,"logger":"py.warnings"}
{"timestamp":"2026-07-13T08:57:51.887785Z","level":"info","event":"Filling up the DagBag from /opt/airflow/dags/scrape_dag.py","logger":"airflow.dag_processing.dagbag.BundleDagBag","filename":"dagbag.py","lineno":460}
{"timestamp":"2026-07-13T08:57:52.076004Z","level":"warning","event":"Setting email on a task is deprecated; please migrate to SmtpNotifier.","category":"UserWarning","filename":"/home/airflow/.local/lib/python3.13/site-packages/airflow/providers/standard/operators/python.py","lineno":194,"logger":"py.warnings"}
{"timestamp":"2026-07-13T08:57:52.076131Z","level":"warning","event":"Setting email_on_retry on a task is deprecated; please migrate to SmtpNotifier.","category":"UserWarning","filename":"/home/airflow/.local/lib/python3.13/site-packages/airflow/providers/standard/operators/python.py","lineno":194,"logger":"py.warnings"}
{"timestamp":"2026-07-13T08:57:52.076187Z","level":"warning","event":"Setting email_on_failure on a task is deprecated; please migrate to SmtpNotifier.","category":"UserWarning","filename":"/home/airflow/.local/lib/python3.13/site-packages/airflow/providers/standard/operators/python.py","lineno":194,"logger":"py.warnings"}
{"timestamp":"2026-07-13T08:58:22.385168Z","level":"info","event":"Filling up the DagBag from /opt/airflow/dags/scrape_dag.py","logger":"airflow.dag_processing.dagbag.BundleDagBag","filename":"dagbag.py","lineno":460}
{"timestamp":"2026-07-13T08:58:22.552947Z","level":"warning","event":"Setting email on a task is deprecated; please migrate to SmtpNotifier.","category":"UserWarning","filename":"/home/airflow/.local/lib/python3.13/site-packages/airflow/providers/standard/operators/python.py","lineno":194,"logger":"py.warnings"}
{"timestamp":"2026-07-13T08:58:22.553047Z","level":"warning","event":"Setting email_on_retry on a task is deprecated; please migrate to SmtpNotifier.","category":"UserWarning","filename":"/home/airflow/.local/lib/python3.13/site-packages/airflow/providers/standard/operators/python.py","lineno":194,"logger":"py.warnings"}
{"timestamp":"2026-07-13T08:58:22.553142Z","level":"warning","event":"Setting email_on_failure on a task is deprecated; please migrate to SmtpNotifier.","category":"UserWarning","filename":"/home/airflow/.local/lib/python3.13/site-packages/airflow/providers/standard/operators/python.py","lineno":194,"logger":"py.warnings"}
{"timestamp":"2026-07-13T08:58:53.155746Z","level":"info","event":"Filling up the DagBag from /opt/airflow/dags/scrape_dag.py","logger":"airflow.dag_processing.dagbag.BundleDagBag","filename":"dagbag.py","lineno":460}
{"timestamp":"2026-07-13T08:58:53.355790Z","level":"warning","event":"Setting email on a task is deprecated; please migrate to SmtpNotifier.","category":"UserWarning","filename":"/home/airflow/.local/lib/python3.13/site-packages/airflow/providers/standard/operators/python.py","lineno":194,"logger":"py.warnings"}
{"timestamp":"2026-07-13T08:58:53.355971Z","level":"warning","event":"Setting email_on_retry on a task is deprecated; please migrate to SmtpNotifier.","category":"UserWarning","filename":"/home/airflow/.local/lib/python3.13/site-packages/airflow/providers/standard/operators/python.py","lineno":194,"logger":"py.warnings"}
{"timestamp":"2026-07-13T08:58:53.356090Z","level":"warning","event":"Setting email_on_failure on a task is deprecated; please migrate to SmtpNotifier.","category":"UserWarning","filename":"/home/airflow/.local/lib/python3.13/site-packages/airflow/providers/standard/operators/python.py","lineno":194,"logger":"py.warnings"}
{"timestamp":"2026-07-13T08:59:23.739306Z","level":"info","event":"Filling up the DagBag from /opt/airflow/dags/scrape_dag.py","logger":"airflow.dag_processing.dagbag.BundleDagBag","filename":"dagbag.py","lineno":460}
{"timestamp":"2026-07-13T08:59:23.878912Z","level":"warning","event":"Setting email on a task is deprecated; please migrate to SmtpNotifier.","category":"UserWarning","filename":"/home/airflow/.local/lib/python3.13/site-packages/airflow/providers/standard/operators/python.py","lineno":194,"logger":"py.warnings"}
{"timestamp":"2026-07-13T08:59:23.879065Z","level":"warning","event":"Setting email_on_retry on a task is deprecated; please migrate to SmtpNotifier.","category":"UserWarning","filename":"/home/airflow/.local/lib/python3.13/site-packages/airflow/providers/standard/operators/python.py","lineno":194,"logger":"py.warnings"}
{"timestamp":"2026-07-13T08:59:23.879158Z","level":"warning","event":"Setting email_on_failure on a task is deprecated; please migrate to SmtpNotifier.","category":"UserWarning","filename":"/home/airflow/.local/lib/python3.13/site-packages/airflow/providers/standard/operators/python.py","lineno":194,"logger":"py.warnings"}
{"timestamp":"2026-07-13T08:59:54.659896Z","level":"info","event":"Filling up the DagBag from /opt/airflow/dags/scrape_dag.py","logger":"airflow.dag_processing.dagbag.BundleDagBag","filename":"dagbag.py","lineno":460}
{"timestamp":"2026-07-13T08:59:54.794793Z","level":"warning","event":"Setting email on a task is deprecated; please migrate to SmtpNotifier.","category":"UserWarning","filename":"/home/airflow/.local/lib/python3.13/site-packages/airflow/providers/standard/operators/python.py","lineno":194,"logger":"py.warnings"}
{"timestamp":"2026-07-13T08:59:54.794927Z","level":"warning","event":"Setting email_on_retry on a task is deprecated; please migrate to SmtpNotifier.","category":"UserWarning","filename":"/home/airflow/.local/lib/python3.13/site-packages/airflow/providers/standard/operators/python.py","lineno":194,"logger":"py.warnings"}
{"timestamp":"2026-07-13T08:59:54.794991Z","level":"warning","event":"Setting email_on_failure on a task is deprecated; please migrate to SmtpNotifier.","category":"UserWarning","filename":"/home/airflow/.local/lib/python3.13/site-packages/airflow/providers/standard/operators/python.py","lineno":194,"logger":"py.warnings"}
{"timestamp":"2026-07-13T09:00:25.022339Z","level":"info","event":"Filling up the DagBag from /opt/airflow/dags/scrape_dag.py","logger":"airflow.dag_processing.dagbag.BundleDagBag","filename":"dagbag.py","lineno":460}
{"timestamp":"2026-07-13T09:00:25.159492Z","level":"warning","event":"Setting email on a task is deprecated; please migrate to SmtpNotifier.","category":"UserWarning","filename":"/home/airflow/.local/lib/python3.13/site-packages/airflow/providers/standard/operators/python.py","lineno":194,"logger":"py.warnings"}
{"timestamp":"2026-07-13T09:00:25.159662Z","level":"warning","event":"Setting email_on_retry on a task is deprecated; please migrate to SmtpNotifier.","category":"UserWarning","filename":"/home/airflow/.local/lib/python3.13/site-packages/airflow/providers/standard/operators/python.py","lineno":194,"logger":"py.warnings"}
{"timestamp":"2026-07-13T09:00:25.159788Z","level":"warning","event":"Setting email_on_failure on a task is deprecated; please migrate to SmtpNotifier.","category":"UserWarning","filename":"/home/airflow/.local/lib/python3.13/site-packages/airflow/providers/standard/operators/python.py","lineno":194,"logger":"py.warnings"}
{"timestamp":"2026-07-13T09:00:55.282478Z","level":"info","event":"Filling up the DagBag from /opt/airflow/dags/scrape_dag.py","logger":"airflow.dag_processing.dagbag.BundleDagBag","filename":"dagbag.py","lineno":460}
{"timestamp":"2026-07-13T09:00:55.378302Z","level":"warning","event":"Setting email on a task is deprecated; please migrate to SmtpNotifier.","category":"UserWarning","filename":"/home/airflow/.local/lib/python3.13/site-packages/airflow/providers/standard/operators/python.py","lineno":194,"logger":"py.warnings"}
{"timestamp":"2026-07-13T09:00:55.378584Z","level":"warning","event":"Setting email_on_retry on a task is deprecated; please migrate to SmtpNotifier.","category":"UserWarning","filename":"/home/airflow/.local/lib/python3.13/site-packages/airflow/providers/standard/operators/python.py","lineno":194,"logger":"py.warnings"}
{"timestamp":"2026-07-13T09:00:55.378653Z","level":"warning","event":"Setting email_on_failure on a task is deprecated; please migrate to SmtpNotifier.","category":"UserWarning","filename":"/home/airflow/.local/lib/python3.13/site-packages/airflow/providers/standard/operators/python.py","lineno":194,"logger":"py.warnings"}
{"timestamp":"2026-07-13T09:01:25.633287Z","level":"info","event":"Filling up the DagBag from /opt/airflow/dags/scrape_dag.py","logger":"airflow.dag_processing.dagbag.BundleDagBag","filename":"dagbag.py","lineno":460}
{"timestamp":"2026-07-13T09:01:25.791611Z","level":"warning","event":"Setting email on a task is deprecated; please migrate to SmtpNotifier.","category":"UserWarning","filename":"/home/airflow/.local/lib/python3.13/site-packages/airflow/providers/standard/operators/python.py","lineno":194,"logger":"py.warnings"}
{"timestamp":"2026-07-13T09:01:25.791709Z","level":"warning","event":"Setting email_on_retry on a task is deprecated; please migrate to SmtpNotifier.","category":"UserWarning","filename":"/home/airflow/.local/lib/python3.13/site-packages/airflow/providers/standard/operators/python.py","lineno":194,"logger":"py.warnings"}
{"timestamp":"2026-07-13T09:01:25.791746Z","level":"warning","event":"Setting email_on_failure on a task is deprecated; please migrate to SmtpNotifier.","category":"UserWarning","filename":"/home/airflow/.local/lib/python3.13/site-packages/airflow/providers/standard/operators/python.py","lineno":194,"logger":"py.warnings"}
{"timestamp":"2026-07-13T09:01:56.254625Z","level":"info","event":"Filling up the DagBag from /opt/airflow/dags/scrape_dag.py","logger":"airflow.dag_processing.dagbag.BundleDagBag","filename":"dagbag.py","lineno":460}
{"timestamp":"2026-07-13T09:01:56.414200Z","level":"warning","event":"Setting email on a task is deprecated; please migrate to SmtpNotifier.","category":"UserWarning","filename":"/home/airflow/.local/lib/python3.13/site-packages/airflow/providers/standard/operators/python.py","lineno":194,"logger":"py.warnings"}
{"timestamp":"2026-07-13T09:01:56.414300Z","level":"warning","event":"Setting email_on_retry on a task is deprecated; please migrate to SmtpNotifier.","category":"UserWarning","filename":"/home/airflow/.local/lib/python3.13/site-packages/airflow/providers/standard/operators/python.py","lineno":194,"logger":"py.warnings"}
{"timestamp":"2026-07-13T09:01:56.414341Z","level":"warning","event":"Setting email_on_failure on a task is deprecated; please migrate to SmtpNotifier.","category":"UserWarning","filename":"/home/airflow/.local/lib/python3.13/site-packages/airflow/providers/standard/operators/python.py","lineno":194,"logger":"py.warnings"}
{"timestamp":"2026-07-13T09:02:27.211942Z","level":"info","event":"Filling up the DagBag from /opt/airflow/dags/scrape_dag.py","logger":"airflow.dag_processing.dagbag.BundleDagBag","filename":"dagbag.py","lineno":460}
{"timestamp":"2026-07-13T09:02:27.383948Z","level":"warning","event":"Setting email on a task is deprecated; please migrate to SmtpNotifier.","category":"UserWarning","filename":"/home/airflow/.local/lib/python3.13/site-packages/airflow/providers/standard/operators/python.py","lineno":194,"logger":"py.warnings"}
{"timestamp":"2026-07-13T09:02:27.384045Z","level":"warning","event":"Setting email_on_retry on a task is deprecated; please migrate to SmtpNotifier.","category":"UserWarning","filename":"/home/airflow/.local/lib/python3.13/site-packages/airflow/providers/standard/operators/python.py","lineno":194,"logger":"py.warnings"}
{"timestamp":"2026-07-13T09:02:27.384081Z","level":"warning","event":"Setting email_on_failure on a task is deprecated; please migrate to SmtpNotifier.","category":"UserWarning","filename":"/home/airflow/.local/lib/python3.13/site-packages/airflow/providers/standard/operators/python.py","lineno":194,"logger":"py.warnings"}
{"timestamp":"2026-07-13T09:02:58.189383Z","level":"info","event":"Filling up the DagBag from /opt/airflow/dags/scrape_dag.py","logger":"airflow.dag_processing.dagbag.BundleDagBag","filename":"dagbag.py","lineno":460}
{"timestamp":"2026-07-13T09:02:58.351904Z","level":"warning","event":"Setting email on a task is deprecated; please migrate to SmtpNotifier.","category":"UserWarning","filename":"/home/airflow/.local/lib/python3.13/site-packages/airflow/providers/standard/operators/python.py","lineno":194,"logger":"py.warnings"}
{"timestamp":"2026-07-13T09:02:58.352511Z","level":"warning","event":"Setting email_on_retry on a task is deprecated; please migrate to SmtpNotifier.","category":"UserWarning","filename":"/home/airflow/.local/lib/python3.13/site-packages/airflow/providers/standard/operators/python.py","lineno":194,"logger":"py.warnings"}
{"timestamp":"2026-07-13T09:02:58.352557Z","level":"warning","event":"Setting email_on_failure on a task is deprecated; please migrate to SmtpNotifier.","category":"UserWarning","filename":"/home/airflow/.local/lib/python3.13/site-packages/airflow/providers/standard/operators/python.py","lineno":194,"logger":"py.warnings"}
{"timestamp":"2026-07-13T09:03:28.571874Z","level":"info","event":"Filling up the DagBag from /opt/airflow/dags/scrape_dag.py","logger":"airflow.dag_processing.dagbag.BundleDagBag","filename":"dagbag.py","lineno":460}
{"timestamp":"2026-07-13T09:03:28.701391Z","level":"warning","event":"Setting email on a task is deprecated; please migrate to SmtpNotifier.","category":"UserWarning","filename":"/home/airflow/.local/lib/python3.13/site-packages/airflow/providers/standard/operators/python.py","lineno":194,"logger":"py.warnings"}
{"timestamp":"2026-07-13T09:03:28.701534Z","level":"warning","event":"Setting email_on_retry on a task is deprecated; please migrate to SmtpNotifier.","category":"UserWarning","filename":"/home/airflow/.local/lib/python3.13/site-packages/airflow/providers/standard/operators/python.py","lineno":194,"logger":"py.warnings"}
{"timestamp":"2026-07-13T09:03:28.701581Z","level":"warning","event":"Setting email_on_failure on a task is deprecated; please migrate to SmtpNotifier.","category":"UserWarning","filename":"/home/airflow/.local/lib/python3.13/site-packages/airflow/providers/standard/operators/python.py","lineno":194,"logger":"py.warnings"}
{"timestamp":"2026-07-13T09:03:58.908586Z","level":"info","event":"Filling up the DagBag from /opt/airflow/dags/scrape_dag.py","logger":"airflow.dag_processing.dagbag.BundleDagBag","filename":"dagbag.py","lineno":460}
{"timestamp":"2026-07-13T09:03:59.029876Z","level":"warning","event":"Setting email on a task is deprecated; please migrate to SmtpNotifier.","category":"UserWarning","filename":"/home/airflow/.local/lib/python3.13/site-packages/airflow/providers/standard/operators/python.py","lineno":194,"logger":"py.warnings"}
{"timestamp":"2026-07-13T09:03:59.030331Z","level":"warning","event":"Setting email_on_retry on a task is deprecated; please migrate to SmtpNotifier.","category":"UserWarning","filename":"/home/airflow/.local/lib/python3.13/site-packages/airflow/providers/standard/operators/python.py","lineno":194,"logger":"py.warnings"}
{"timestamp":"2026-07-13T09:03:59.030384Z","level":"warning","event":"Setting email_on_failure on a task is deprecated; please migrate to SmtpNotifier.","category":"UserWarning","filename":"/home/airflow/.local/lib/python3.13/site-packages/airflow/providers/standard/operators/python.py","lineno":194,"logger":"py.warnings"}
{"timestamp":"2026-07-13T09:04:29.130072Z","level":"info","event":"Filling up the DagBag from /opt/airflow/dags/scrape_dag.py","logger":"airflow.dag_processing.dagbag.BundleDagBag","filename":"dagbag.py","lineno":460}
{"timestamp":"2026-07-13T09:04:29.285089Z","level":"warning","event":"Setting email on a task is deprecated; please migrate to SmtpNotifier.","category":"UserWarning","filename":"/home/airflow/.local/lib/python3.13/site-packages/airflow/providers/standard/operators/python.py","lineno":194,"logger":"py.warnings"}
{"timestamp":"2026-07-13T09:04:29.285212Z","level":"warning","event":"Setting email_on_retry on a task is deprecated; please migrate to SmtpNotifier.","category":"UserWarning","filename":"/home/airflow/.local/lib/python3.13/site-packages/airflow/providers/standard/operators/python.py","lineno":194,"logger":"py.warnings"}
{"timestamp":"2026-07-13T09:04:29.285271Z","level":"warning","event":"Setting email_on_failure on a task is deprecated; please migrate to SmtpNotifier.","category":"UserWarning","filename":"/home/airflow/.local/lib/python3.13/site-packages/airflow/providers/standard/operators/python.py","lineno":194,"logger":"py.warnings"}
{"timestamp":"2026-07-13T09:04:59.468933Z","level":"info","event":"Filling up the DagBag from /opt/airflow/dags/scrape_dag.py","logger":"airflow.dag_processing.dagbag.BundleDagBag","filename":"dagbag.py","lineno":460}
{"timestamp":"2026-07-13T09:04:59.588234Z","level":"warning","event":"Setting email on a task is deprecated; please migrate to SmtpNotifier.","category":"UserWarning","filename":"/home/airflow/.local/lib/python3.13/site-packages/airflow/providers/standard/operators/python.py","lineno":194,"logger":"py.warnings"}
{"timestamp":"2026-07-13T09:04:59.588383Z","level":"warning","event":"Setting email_on_retry on a task is deprecated; please migrate to SmtpNotifier.","category":"UserWarning","filename":"/home/airflow/.local/lib/python3.13/site-packages/airflow/providers/standard/operators/python.py","lineno":194,"logger":"py.warnings"}
{"timestamp":"2026-07-13T09:04:59.588451Z","level":"warning","event":"Setting email_on_failure on a task is deprecated; please migrate to SmtpNotifier.","category":"UserWarning","filename":"/home/airflow/.local/lib/python3.13/site-packages/airflow/providers/standard/operators/python.py","lineno":194,"logger":"py.warnings"}
{"timestamp":"2026-07-13T09:05:30.207000Z","level":"info","event":"Filling up the DagBag from /opt/airflow/dags/scrape_dag.py","logger":"airflow.dag_processing.dagbag.BundleDagBag","filename":"dagbag.py","lineno":460}
{"timestamp":"2026-07-13T09:05:30.331928Z","level":"warning","event":"Setting email on a task is deprecated; please migrate to SmtpNotifier.","category":"UserWarning","filename":"/home/airflow/.local/lib/python3.13/site-packages/airflow/providers/standard/operators/python.py","lineno":194,"logger":"py.warnings"}
{"timestamp":"2026-07-13T09:05:30.332063Z","level":"warning","event":"Setting email_on_retry on a task is deprecated; please migrate to SmtpNotifier.","category":"UserWarning","filename":"/home/airflow/.local/lib/python3.13/site-packages/airflow/providers/standard/operators/python.py","lineno":194,"logger":"py.warnings"}
{"timestamp":"2026-07-13T09:05:30.332133Z","level":"warning","event":"Setting email_on_failure on a task is deprecated; please migrate to SmtpNotifier.","category":"UserWarning","filename":"/home/airflow/.local/lib/python3.13/site-packages/airflow/providers/standard/operators/python.py","lineno":194,"logger":"py.warnings"}
{"timestamp":"2026-07-13T09:06:00.687392Z","level":"info","event":"Filling up the DagBag from /opt/airflow/dags/scrape_dag.py","logger":"airflow.dag_processing.dagbag.BundleDagBag","filename":"dagbag.py","lineno":460}
{"timestamp":"2026-07-13T09:06:00.862188Z","level":"warning","event":"Setting email on a task is deprecated; please migrate to SmtpNotifier.","category":"UserWarning","filename":"/home/airflow/.local/lib/python3.13/site-packages/airflow/providers/standard/operators/python.py","lineno":194,"logger":"py.warnings"}
{"timestamp":"2026-07-13T09:06:00.862343Z","level":"warning","event":"Setting email_on_retry on a task is deprecated; please migrate to SmtpNotifier.","category":"UserWarning","filename":"/home/airflow/.local/lib/python3.13/site-packages/airflow/providers/standard/operators/python.py","lineno":194,"logger":"py.warnings"}
{"timestamp":"2026-07-13T09:06:00.862422Z","level":"warning","event":"Setting email_on_failure on a task is deprecated; please migrate to SmtpNotifier.","category":"UserWarning","filename":"/home/airflow/.local/lib/python3.13/site-packages/airflow/providers/standard/operators/python.py","lineno":194,"logger":"py.warnings"}
{"timestamp":"2026-07-13T09:06:31.174138Z","level":"info","event":"Filling up the DagBag from /opt/airflow/dags/scrape_dag.py","logger":"airflow.dag_processing.dagbag.BundleDagBag","filename":"dagbag.py","lineno":460}
{"timestamp":"2026-07-13T09:06:31.300931Z","level":"warning","event":"Setting email on a task is deprecated; please migrate to SmtpNotifier.","category":"UserWarning","filename":"/home/airflow/.local/lib/python3.13/site-packages/airflow/providers/standard/operators/python.py","lineno":194,"logger":"py.warnings"}
{"timestamp":"2026-07-13T09:06:31.302297Z","level":"warning","event":"Setting email_on_retry on a task is deprecated; please migrate to SmtpNotifier.","category":"UserWarning","filename":"/home/airflow/.local/lib/python3.13/site-packages/airflow/providers/standard/operators/python.py","lineno":194,"logger":"py.warnings"}
{"timestamp":"2026-07-13T09:06:31.302387Z","level":"warning","event":"Setting email_on_failure on a task is deprecated; please migrate to SmtpNotifier.","category":"UserWarning","filename":"/home/airflow/.local/lib/python3.13/site-packages/airflow/providers/standard/operators/python.py","lineno":194,"logger":"py.warnings"}
{"timestamp":"2026-07-13T09:07:01.453662Z","level":"info","event":"Filling up the DagBag from /opt/airflow/dags/scrape_dag.py","logger":"airflow.dag_processing.dagbag.BundleDagBag","filename":"dagbag.py","lineno":460}
{"timestamp":"2026-07-13T09:07:01.674892Z","level":"warning","event":"Setting email on a task is deprecated; please migrate to SmtpNotifier.","category":"UserWarning","filename":"/home/airflow/.local/lib/python3.13/site-packages/airflow/providers/standard/operators/python.py","lineno":194,"logger":"py.warnings"}
{"timestamp":"2026-07-13T09:07:01.675224Z","level":"warning","event":"Setting email_on_retry on a task is deprecated; please migrate to SmtpNotifier.","category":"UserWarning","filename":"/home/airflow/.local/lib/python3.13/site-packages/airflow/providers/standard/operators/python.py","lineno":194,"logger":"py.warnings"}
{"timestamp":"2026-07-13T09:07:01.675306Z","level":"warning","event":"Setting email_on_failure on a task is deprecated; please migrate to SmtpNotifier.","category":"UserWarning","filename":"/home/airflow/.local/lib/python3.13/site-packages/airflow/providers/standard/operators/python.py","lineno":194,"logger":"py.warnings"}
{"timestamp":"2026-07-13T09:07:31.811280Z","level":"info","event":"Filling up the DagBag from /opt/airflow/dags/scrape_dag.py","logger":"airflow.dag_processing.dagbag.BundleDagBag","filename":"dagbag.py","lineno":460}
{"timestamp":"2026-07-13T09:07:31.901231Z","level":"warning","event":"Setting email on a task is deprecated; please migrate to SmtpNotifier.","category":"UserWarning","filename":"/home/airflow/.local/lib/python3.13/site-packages/airflow/providers/standard/operators/python.py","lineno":194,"logger":"py.warnings"}
{"timestamp":"2026-07-13T09:07:31.901333Z","level":"warning","event":"Setting email_on_retry on a task is deprecated; please migrate to SmtpNotifier.","category":"UserWarning","filename":"/home/airflow/.local/lib/python3.13/site-packages/airflow/providers/standard/operators/python.py","lineno":194,"logger":"py.warnings"}
{"timestamp":"2026-07-13T09:07:31.901387Z","level":"warning","event":"Setting email_on_failure on a task is deprecated; please migrate to SmtpNotifier.","category":"UserWarning","filename":"/home/airflow/.local/lib/python3.13/site-packages/airflow/providers/standard/operators/python.py","lineno":194,"logger":"py.warnings"}
{"timestamp":"2026-07-13T09:08:02.546435Z","level":"info","event":"Filling up the DagBag from /opt/airflow/dags/scrape_dag.py","logger":"airflow.dag_processing.dagbag.BundleDagBag","filename":"dagbag.py","lineno":460}
{"timestamp":"2026-07-13T09:08:02.655862Z","level":"warning","event":"Setting email on a task is deprecated; please migrate to SmtpNotifier.","category":"UserWarning","filename":"/home/airflow/.local/lib/python3.13/site-packages/airflow/providers/standard/operators/python.py","lineno":194,"logger":"py.warnings"}
{"timestamp":"2026-07-13T09:08:02.655990Z","level":"warning","event":"Setting email_on_retry on a task is deprecated; please migrate to SmtpNotifier.","category":"UserWarning","filename":"/home/airflow/.local/lib/python3.13/site-packages/airflow/providers/standard/operators/python.py","lineno":194,"logger":"py.warnings"}
{"timestamp":"2026-07-13T09:08:02.656060Z","level":"warning","event":"Setting email_on_failure on a task is deprecated; please migrate to SmtpNotifier.","category":"UserWarning","filename":"/home/airflow/.local/lib/python3.13/site-packages/airflow/providers/standard/operators/python.py","lineno":194,"logger":"py.warnings"}
{"timestamp":"2026-07-13T09:08:33.343155Z","level":"info","event":"Filling up the DagBag from /opt/airflow/dags/scrape_dag.py","logger":"airflow.dag_processing.dagbag.BundleDagBag","filename":"dagbag.py","lineno":460}
{"timestamp":"2026-07-13T09:08:33.519321Z","level":"warning","event":"Setting email on a task is deprecated; please migrate to SmtpNotifier.","category":"UserWarning","filename":"/home/airflow/.local/lib/python3.13/site-packages/airflow/providers/standard/operators/python.py","lineno":194,"logger":"py.warnings"}
{"timestamp":"2026-07-13T09:08:33.519503Z","level":"warning","event":"Setting email_on_retry on a task is deprecated; please migrate to SmtpNotifier.","category":"UserWarning","filename":"/home/airflow/.local/lib/python3.13/site-packages/airflow/providers/standard/operators/python.py","lineno":194,"logger":"py.warnings"}
{"timestamp":"2026-07-13T09:08:33.519578Z","level":"warning","event":"Setting email_on_failure on a task is deprecated; please migrate to SmtpNotifier.","category":"UserWarning","filename":"/home/airflow/.local/lib/python3.13/site-packages/airflow/providers/standard/operators/python.py","lineno":194,"logger":"py.warnings"}
{"timestamp":"2026-07-13T09:09:04.240915Z","level":"info","event":"Filling up the DagBag from /opt/airflow/dags/scrape_dag.py","logger":"airflow.dag_processing.dagbag.BundleDagBag","filename":"dagbag.py","lineno":460}
{"timestamp":"2026-07-13T09:09:04.324425Z","level":"warning","event":"Setting email on a task is deprecated; please migrate to SmtpNotifier.","category":"UserWarning","filename":"/home/airflow/.local/lib/python3.13/site-packages/airflow/providers/standard/operators/python.py","lineno":194,"logger":"py.warnings"}
{"timestamp":"2026-07-13T09:09:04.324553Z","level":"warning","event":"Setting email_on_retry on a task is deprecated; please migrate to SmtpNotifier.","category":"UserWarning","filename":"/home/airflow/.local/lib/python3.13/site-packages/airflow/providers/standard/operators/python.py","lineno":194,"logger":"py.warnings"}
{"timestamp":"2026-07-13T09:09:04.324609Z","level":"warning","event":"Setting email_on_failure on a task is deprecated; please migrate to SmtpNotifier.","category":"UserWarning","filename":"/home/airflow/.local/lib/python3.13/site-packages/airflow/providers/standard/operators/python.py","lineno":194,"logger":"py.warnings"}
{"timestamp":"2026-07-13T09:09:35.445252Z","level":"info","event":"Filling up the DagBag from /opt/airflow/dags/scrape_dag.py","logger":"airflow.dag_processing.dagbag.BundleDagBag","filename":"dagbag.py","lineno":460}
{"timestamp":"2026-07-13T09:09:35.604457Z","level":"warning","event":"Setting email on a task is deprecated; please migrate to SmtpNotifier.","category":"UserWarning","filename":"/home/airflow/.local/lib/python3.13/site-packages/airflow/providers/standard/operators/python.py","lineno":194,"logger":"py.warnings"}
{"timestamp":"2026-07-13T09:09:35.604551Z","level":"warning","event":"Setting email_on_retry on a task is deprecated; please migrate to SmtpNotifier.","category":"UserWarning","filename":"/home/airflow/.local/lib/python3.13/site-packages/airflow/providers/standard/operators/python.py","lineno":194,"logger":"py.warnings"}
{"timestamp":"2026-07-13T09:09:35.604590Z","level":"warning","event":"Setting email_on_failure on a task is deprecated; please migrate to SmtpNotifier.","category":"UserWarning","filename":"/home/airflow/.local/lib/python3.13/site-packages/airflow/providers/standard/operators/python.py","lineno":194,"logger":"py.warnings"}
{"timestamp":"2026-07-13T09:10:06.468049Z","level":"info","event":"Filling up the DagBag from /opt/airflow/dags/scrape_dag.py","logger":"airflow.dag_processing.dagbag.BundleDagBag","filename":"dagbag.py","lineno":460}
{"timestamp":"2026-07-13T09:10:06.568314Z","level":"warning","event":"Setting email on a task is deprecated; please migrate to SmtpNotifier.","category":"UserWarning","filename":"/home/airflow/.local/lib/python3.13/site-packages/airflow/providers/standard/operators/python.py","lineno":194,"logger":"py.warnings"}
{"timestamp":"2026-07-13T09:10:06.568483Z","level":"warning","event":"Setting email_on_retry on a task is deprecated; please migrate to SmtpNotifier.","category":"UserWarning","filename":"/home/airflow/.local/lib/python3.13/site-packages/airflow/providers/standard/operators/python.py","lineno":194,"logger":"py.warnings"}
{"timestamp":"2026-07-13T09:10:06.568567Z","level":"warning","event":"Setting email_on_failure on a task is deprecated; please migrate to SmtpNotifier.","category":"UserWarning","filename":"/home/airflow/.local/lib/python3.13/site-packages/airflow/providers/standard/operators/python.py","lineno":194,"logger":"py.warnings"}
{"timestamp":"2026-07-13T09:10:37.617156Z","level":"info","event":"Filling up the DagBag from /opt/airflow/dags/scrape_dag.py","logger":"airflow.dag_processing.dagbag.BundleDagBag","filename":"dagbag.py","lineno":460}
{"timestamp":"2026-07-13T09:10:37.730797Z","level":"warning","event":"Setting email on a task is deprecated; please migrate to SmtpNotifier.","category":"UserWarning","filename":"/home/airflow/.local/lib/python3.13/site-packages/airflow/providers/standard/operators/python.py","lineno":194,"logger":"py.warnings"}
{"timestamp":"2026-07-13T09:10:37.730876Z","level":"warning","event":"Setting email_on_retry on a task is deprecated; please migrate to SmtpNotifier.","category":"UserWarning","filename":"/home/airflow/.local/lib/python3.13/site-packages/airflow/providers/standard/operators/python.py","lineno":194,"logger":"py.warnings"}
{"timestamp":"2026-07-13T09:10:37.730932Z","level":"warning","event":"Setting email_on_failure on a task is deprecated; please migrate to SmtpNotifier.","category":"UserWarning","filename":"/home/airflow/.local/lib/python3.13/site-packages/airflow/providers/standard/operators/python.py","lineno":194,"logger":"py.warnings"}
{"timestamp":"2026-07-13T09:11:08.214493Z","level":"info","event":"Filling up the DagBag from /opt/airflow/dags/scrape_dag.py","logger":"airflow.dag_processing.dagbag.BundleDagBag","filename":"dagbag.py","lineno":460}
{"timestamp":"2026-07-13T09:11:08.409856Z","level":"warning","event":"Setting email on a task is deprecated; please migrate to SmtpNotifier.","category":"UserWarning","filename":"/home/airflow/.local/lib/python3.13/site-packages/airflow/providers/standard/operators/python.py","lineno":194,"logger":"py.warnings"}
{"timestamp":"2026-07-13T09:11:08.410344Z","level":"warning","event":"Setting email_on_retry on a task is deprecated; please migrate to SmtpNotifier.","category":"UserWarning","filename":"/home/airflow/.local/lib/python3.13/site-packages/airflow/providers/standard/operators/python.py","lineno":194,"logger":"py.warnings"}
{"timestamp":"2026-07-13T09:11:08.410574Z","level":"warning","event":"Setting email_on_failure on a task is deprecated; please migrate to SmtpNotifier.","category":"UserWarning","filename":"/home/airflow/.local/lib/python3.13/site-packages/airflow/providers/standard/operators/python.py","lineno":194,"logger":"py.warnings"}
{"timestamp":"2026-07-13T09:11:39.147896Z","level":"info","event":"Filling up the DagBag from /opt/airflow/dags/scrape_dag.py","logger":"airflow.dag_processing.dagbag.BundleDagBag","filename":"dagbag.py","lineno":460}
{"timestamp":"2026-07-13T09:11:39.289924Z","level":"warning","event":"Setting email on a task is deprecated; please migrate to SmtpNotifier.","category":"UserWarning","filename":"/home/airflow/.local/lib/python3.13/site-packages/airflow/providers/standard/operators/python.py","lineno":194,"logger":"py.warnings"}
{"timestamp":"2026-07-13T09:11:39.290031Z","level":"warning","event":"Setting email_on_retry on a task is deprecated; please migrate to SmtpNotifier.","category":"UserWarning","filename":"/home/airflow/.local/lib/python3.13/site-packages/airflow/providers/standard/operators/python.py","lineno":194,"logger":"py.warnings"}
{"timestamp":"2026-07-13T09:11:39.290072Z","level":"warning","event":"Setting email_on_failure on a task is deprecated; please migrate to SmtpNotifier.","category":"UserWarning","filename":"/home/airflow/.local/lib/python3.13/site-packages/airflow/providers/standard/operators/python.py","lineno":194,"logger":"py.warnings"}
{"timestamp":"2026-07-13T09:12:09.727881Z","level":"info","event":"Filling up the DagBag from /opt/airflow/dags/scrape_dag.py","logger":"airflow.dag_processing.dagbag.BundleDagBag","filename":"dagbag.py","lineno":460}
{"timestamp":"2026-07-13T09:12:09.894867Z","level":"warning","event":"Setting email on a task is deprecated; please migrate to SmtpNotifier.","category":"UserWarning","filename":"/home/airflow/.local/lib/python3.13/site-packages/airflow/providers/standard/operators/python.py","lineno":194,"logger":"py.warnings"}
{"timestamp":"2026-07-13T09:12:09.894982Z","level":"warning","event":"Setting email_on_retry on a task is deprecated; please migrate to SmtpNotifier.","category":"UserWarning","filename":"/home/airflow/.local/lib/python3.13/site-packages/airflow/providers/standard/operators/python.py","lineno":194,"logger":"py.warnings"}
{"timestamp":"2026-07-13T09:12:09.895037Z","level":"warning","event":"Setting email_on_failure on a task is deprecated; please migrate to SmtpNotifier.","category":"UserWarning","filename":"/home/airflow/.local/lib/python3.13/site-packages/airflow/providers/standard/operators/python.py","lineno":194,"logger":"py.warnings"}
{"timestamp":"2026-07-13T09:12:40.813232Z","level":"info","event":"Filling up the DagBag from /opt/airflow/dags/scrape_dag.py","logger":"airflow.dag_processing.dagbag.BundleDagBag","filename":"dagbag.py","lineno":460}
{"timestamp":"2026-07-13T09:12:40.980226Z","level":"warning","event":"Setting email on a task is deprecated; please migrate to SmtpNotifier.","category":"UserWarning","filename":"/home/airflow/.local/lib/python3.13/site-packages/airflow/providers/standard/operators/python.py","lineno":194,"logger":"py.warnings"}
{"timestamp":"2026-07-13T09:12:40.981208Z","level":"warning","event":"Setting email_on_retry on a task is deprecated; please migrate to SmtpNotifier.","category":"UserWarning","filename":"/home/airflow/.local/lib/python3.13/site-packages/airflow/providers/standard/operators/python.py","lineno":194,"logger":"py.warnings"}
{"timestamp":"2026-07-13T09:12:40.981289Z","level":"warning","event":"Setting email_on_failure on a task is deprecated; please migrate to SmtpNotifier.","category":"UserWarning","filename":"/home/airflow/.local/lib/python3.13/site-packages/airflow/providers/standard/operators/python.py","lineno":194,"logger":"py.warnings"}
{"timestamp":"2026-07-13T09:13:11.352848Z","level":"info","event":"Filling up the DagBag from /opt/airflow/dags/scrape_dag.py","logger":"airflow.dag_processing.dagbag.BundleDagBag","filename":"dagbag.py","lineno":460}
{"timestamp":"2026-07-13T09:13:11.553702Z","level":"warning","event":"Setting email on a task is deprecated; please migrate to SmtpNotifier.","category":"UserWarning","filename":"/home/airflow/.local/lib/python3.13/site-packages/airflow/providers/standard/operators/python.py","lineno":194,"logger":"py.warnings"}
{"timestamp":"2026-07-13T09:13:11.553898Z","level":"warning","event":"Setting email_on_retry on a task is deprecated; please migrate to SmtpNotifier.","category":"UserWarning","filename":"/home/airflow/.local/lib/python3.13/site-packages/airflow/providers/standard/operators/python.py","lineno":194,"logger":"py.warnings"}
{"timestamp":"2026-07-13T09:13:11.553947Z","level":"warning","event":"Setting email_on_failure on a task is deprecated; please migrate to SmtpNotifier.","category":"UserWarning","filename":"/home/airflow/.local/lib/python3.13/site-packages/airflow/providers/standard/operators/python.py","lineno":194,"logger":"py.warnings"}
{"timestamp":"2026-07-13T09:13:42.001869Z","level":"info","event":"Filling up the DagBag from /opt/airflow/dags/scrape_dag.py","logger":"airflow.dag_processing.dagbag.BundleDagBag","filename":"dagbag.py","lineno":460}
{"timestamp":"2026-07-13T09:13:42.160511Z","level":"warning","event":"Setting email on a task is deprecated; please migrate to SmtpNotifier.","category":"UserWarning","filename":"/home/airflow/.local/lib/python3.13/site-packages/airflow/providers/standard/operators/python.py","lineno":194,"logger":"py.warnings"}
{"timestamp":"2026-07-13T09:13:42.160636Z","level":"warning","event":"Setting email_on_retry on a task is deprecated; please migrate to SmtpNotifier.","category":"UserWarning","filename":"/home/airflow/.local/lib/python3.13/site-packages/airflow/providers/standard/operators/python.py","lineno":194,"logger":"py.warnings"}
{"timestamp":"2026-07-13T09:13:42.160694Z","level":"warning","event":"Setting email_on_failure on a task is deprecated; please migrate to SmtpNotifier.","category":"UserWarning","filename":"/home/airflow/.local/lib/python3.13/site-packages/airflow/providers/standard/operators/python.py","lineno":194,"logger":"py.warnings"}
{"timestamp":"2026-07-13T09:14:12.503329Z","level":"info","event":"Filling up the DagBag from /opt/airflow/dags/scrape_dag.py","logger":"airflow.dag_processing.dagbag.BundleDagBag","filename":"dagbag.py","lineno":460}
{"timestamp":"2026-07-13T09:14:12.690902Z","level":"warning","event":"Setting email on a task is deprecated; please migrate to SmtpNotifier.","category":"UserWarning","filename":"/home/airflow/.local/lib/python3.13/site-packages/airflow/providers/standard/operators/python.py","lineno":194,"logger":"py.warnings"}
{"timestamp":"2026-07-13T09:14:12.691031Z","level":"warning","event":"Setting email_on_retry on a task is deprecated; please migrate to SmtpNotifier.","category":"UserWarning","filename":"/home/airflow/.local/lib/python3.13/site-packages/airflow/providers/standard/operators/python.py","lineno":194,"logger":"py.warnings"}
{"timestamp":"2026-07-13T09:14:12.691079Z","level":"warning","event":"Setting email_on_failure on a task is deprecated; please migrate to SmtpNotifier.","category":"UserWarning","filename":"/home/airflow/.local/lib/python3.13/site-packages/airflow/providers/standard/operators/python.py","lineno":194,"logger":"py.warnings"}
{"timestamp":"2026-07-13T09:14:43.673227Z","level":"info","event":"Filling up the DagBag from /opt/airflow/dags/scrape_dag.py","logger":"airflow.dag_processing.dagbag.BundleDagBag","filename":"dagbag.py","lineno":460}
{"timestamp":"2026-07-13T09:14:43.845589Z","level":"warning","event":"Setting email on a task is deprecated; please migrate to SmtpNotifier.","category":"UserWarning","filename":"/home/airflow/.local/lib/python3.13/site-packages/airflow/providers/standard/operators/python.py","lineno":194,"logger":"py.warnings"}
{"timestamp":"2026-07-13T09:14:43.845702Z","level":"warning","event":"Setting email_on_retry on a task is deprecated; please migrate to SmtpNotifier.","category":"UserWarning","filename":"/home/airflow/.local/lib/python3.13/site-packages/airflow/providers/standard/operators/python.py","lineno":194,"logger":"py.warnings"}
{"timestamp":"2026-07-13T09:14:43.845742Z","level":"warning","event":"Setting email_on_failure on a task is deprecated; please migrate to SmtpNotifier.","category":"UserWarning","filename":"/home/airflow/.local/lib/python3.13/site-packages/airflow/providers/standard/operators/python.py","lineno":194,"logger":"py.warnings"}
{"timestamp":"2026-07-13T09:15:13.930759Z","level":"info","event":"Filling up the DagBag from /opt/airflow/dags/scrape_dag.py","logger":"airflow.dag_processing.dagbag.BundleDagBag","filename":"dagbag.py","lineno":460}
{"timestamp":"2026-07-13T09:15:14.069293Z","level":"warning","event":"Setting email on a task is deprecated; please migrate to SmtpNotifier.","category":"UserWarning","filename":"/home/airflow/.local/lib/python3.13/site-packages/airflow/providers/standard/operators/python.py","lineno":194,"logger":"py.warnings"}
{"timestamp":"2026-07-13T09:15:14.069433Z","level":"warning","event":"Setting email_on_retry on a task is deprecated; please migrate to SmtpNotifier.","category":"UserWarning","filename":"/home/airflow/.local/lib/python3.13/site-packages/airflow/providers/standard/operators/python.py","lineno":194,"logger":"py.warnings"}
{"timestamp":"2026-07-13T09:15:14.069497Z","level":"warning","event":"Setting email_on_failure on a task is deprecated; please migrate to SmtpNotifier.","category":"UserWarning","filename":"/home/airflow/.local/lib/python3.13/site-packages/airflow/providers/standard/operators/python.py","lineno":194,"logger":"py.warnings"}
{"timestamp":"2026-07-13T09:15:45.044075Z","level":"info","event":"Filling up the DagBag from /opt/airflow/dags/scrape_dag.py","logger":"airflow.dag_processing.dagbag.BundleDagBag","filename":"dagbag.py","lineno":460}
{"timestamp":"2026-07-13T09:15:45.296456Z","level":"warning","event":"Setting email on a task is deprecated; please migrate to SmtpNotifier.","category":"UserWarning","filename":"/home/airflow/.local/lib/python3.13/site-packages/airflow/providers/standard/operators/python.py","lineno":194,"logger":"py.warnings"}
{"timestamp":"2026-07-13T09:15:45.296598Z","level":"warning","event":"Setting email_on_retry on a task is deprecated; please migrate to SmtpNotifier.","category":"UserWarning","filename":"/home/airflow/.local/lib/python3.13/site-packages/airflow/providers/standard/operators/python.py","lineno":194,"logger":"py.warnings"}
{"timestamp":"2026-07-13T09:15:45.296666Z","level":"warning","event":"Setting email_on_failure on a task is deprecated; please migrate to SmtpNotifier.","category":"UserWarning","filename":"/home/airflow/.local/lib/python3.13/site-packages/airflow/providers/standard/operators/python.py","lineno":194,"logger":"py.warnings"}
{"timestamp":"2026-07-13T09:16:15.559120Z","level":"info","event":"Filling up the DagBag from /opt/airflow/dags/scrape_dag.py","logger":"airflow.dag_processing.dagbag.BundleDagBag","filename":"dagbag.py","lineno":460}
{"timestamp":"2026-07-13T09:16:15.757482Z","level":"warning","event":"Setting email on a task is deprecated; please migrate to SmtpNotifier.","category":"UserWarning","filename":"/home/airflow/.local/lib/python3.13/site-packages/airflow/providers/standard/operators/python.py","lineno":194,"logger":"py.warnings"}
{"timestamp":"2026-07-13T09:16:15.757681Z","level":"warning","event":"Setting email_on_retry on a task is deprecated; please migrate to SmtpNotifier.","category":"UserWarning","filename":"/home/airflow/.local/lib/python3.13/site-packages/airflow/providers/standard/operators/python.py","lineno":194,"logger":"py.warnings"}
{"timestamp":"2026-07-13T09:16:15.757740Z","level":"warning","event":"Setting email_on_failure on a task is deprecated; please migrate to SmtpNotifier.","category":"UserWarning","filename":"/home/airflow/.local/lib/python3.13/site-packages/airflow/providers/standard/operators/python.py","lineno":194,"logger":"py.warnings"}
{"timestamp":"2026-07-13T09:16:47.120361Z","level":"info","event":"Filling up the DagBag from /opt/airflow/dags/scrape_dag.py","logger":"airflow.dag_processing.dagbag.BundleDagBag","filename":"dagbag.py","lineno":460}
{"timestamp":"2026-07-13T09:16:47.250713Z","level":"warning","event":"Setting email on a task is deprecated; please migrate to SmtpNotifier.","category":"UserWarning","filename":"/home/airflow/.local/lib/python3.13/site-packages/airflow/providers/standard/operators/python.py","lineno":194,"logger":"py.warnings"}
{"timestamp":"2026-07-13T09:16:47.250850Z","level":"warning","event":"Setting email_on_retry on a task is deprecated; please migrate to SmtpNotifier.","category":"UserWarning","filename":"/home/airflow/.local/lib/python3.13/site-packages/airflow/providers/standard/operators/python.py","lineno":194,"logger":"py.warnings"}
{"timestamp":"2026-07-13T09:16:47.250898Z","level":"warning","event":"Setting email_on_failure on a task is deprecated; please migrate to SmtpNotifier.","category":"UserWarning","filename":"/home/airflow/.local/lib/python3.13/site-packages/airflow/providers/standard/operators/python.py","lineno":194,"logger":"py.warnings"}
{"timestamp":"2026-07-13T09:17:17.885882Z","level":"info","event":"Filling up the DagBag from /opt/airflow/dags/scrape_dag.py","logger":"airflow.dag_processing.dagbag.BundleDagBag","filename":"dagbag.py","lineno":460}
{"timestamp":"2026-07-13T09:17:18.002256Z","level":"warning","event":"Setting email on a task is deprecated; please migrate to SmtpNotifier.","category":"UserWarning","filename":"/home/airflow/.local/lib/python3.13/site-packages/airflow/providers/standard/operators/python.py","lineno":194,"logger":"py.warnings"}
{"timestamp":"2026-07-13T09:17:18.002388Z","level":"warning","event":"Setting email_on_retry on a task is deprecated; please migrate to SmtpNotifier.","category":"UserWarning","filename":"/home/airflow/.local/lib/python3.13/site-packages/airflow/providers/standard/operators/python.py","lineno":194,"logger":"py.warnings"}
{"timestamp":"2026-07-13T09:17:18.002441Z","level":"warning","event":"Setting email_on_failure on a task is deprecated; please migrate to SmtpNotifier.","category":"UserWarning","filename":"/home/airflow/.local/lib/python3.13/site-packages/airflow/providers/standard/operators/python.py","lineno":194,"logger":"py.warnings"}
{"timestamp":"2026-07-13T09:17:48.597281Z","level":"info","event":"Filling up the DagBag from /opt/airflow/dags/scrape_dag.py","logger":"airflow.dag_processing.dagbag.BundleDagBag","filename":"dagbag.py","lineno":460}
{"timestamp":"2026-07-13T09:17:48.796572Z","level":"warning","event":"Setting email on a task is deprecated; please migrate to SmtpNotifier.","category":"UserWarning","filename":"/home/airflow/.local/lib/python3.13/site-packages/airflow/providers/standard/operators/python.py","lineno":194,"logger":"py.warnings"}
{"timestamp":"2026-07-13T09:17:48.796738Z","level":"warning","event":"Setting email_on_retry on a task is deprecated; please migrate to SmtpNotifier.","category":"UserWarning","filename":"/home/airflow/.local/lib/python3.13/site-packages/airflow/providers/standard/operators/python.py","lineno":194,"logger":"py.warnings"}
{"timestamp":"2026-07-13T09:17:48.796795Z","level":"warning","event":"Setting email_on_failure on a task is deprecated; please migrate to SmtpNotifier.","category":"UserWarning","filename":"/home/airflow/.local/lib/python3.13/site-packages/airflow/providers/standard/operators/python.py","lineno":194,"logger":"py.warnings"}
{"timestamp":"2026-07-13T09:18:19.650432Z","level":"info","event":"Filling up the DagBag from /opt/airflow/dags/scrape_dag.py","logger":"airflow.dag_processing.dagbag.BundleDagBag","filename":"dagbag.py","lineno":460}
{"timestamp":"2026-07-13T09:18:19.834529Z","level":"warning","event":"Setting email on a task is deprecated; please migrate to SmtpNotifier.","category":"UserWarning","filename":"/home/airflow/.local/lib/python3.13/site-packages/airflow/providers/standard/operators/python.py","lineno":194,"logger":"py.warnings"}
{"timestamp":"2026-07-13T09:18:19.834704Z","level":"warning","event":"Setting email_on_retry on a task is deprecated; please migrate to SmtpNotifier.","category":"UserWarning","filename":"/home/airflow/.local/lib/python3.13/site-packages/airflow/providers/standard/operators/python.py","lineno":194,"logger":"py.warnings"}
{"timestamp":"2026-07-13T09:18:19.834769Z","level":"warning","event":"Setting email_on_failure on a task is deprecated; please migrate to SmtpNotifier.","category":"UserWarning","filename":"/home/airflow/.local/lib/python3.13/site-packages/airflow/providers/standard/operators/python.py","lineno":194,"logger":"py.warnings"}
{"timestamp":"2026-07-13T09:18:50.601132Z","level":"info","event":"Filling up the DagBag from /opt/airflow/dags/scrape_dag.py","logger":"airflow.dag_processing.dagbag.BundleDagBag","filename":"dagbag.py","lineno":460}
{"timestamp":"2026-07-13T09:18:50.763622Z","level":"warning","event":"Setting email on a task is deprecated; please migrate to SmtpNotifier.","category":"UserWarning","filename":"/home/airflow/.local/lib/python3.13/site-packages/airflow/providers/standard/operators/python.py","lineno":194,"logger":"py.warnings"}
{"timestamp":"2026-07-13T09:18:50.763790Z","level":"warning","event":"Setting email_on_retry on a task is deprecated; please migrate to SmtpNotifier.","category":"UserWarning","filename":"/home/airflow/.local/lib/python3.13/site-packages/airflow/providers/standard/operators/python.py","lineno":194,"logger":"py.warnings"}
{"timestamp":"2026-07-13T09:18:50.763853Z","level":"warning","event":"Setting email_on_failure on a task is deprecated; please migrate to SmtpNotifier.","category":"UserWarning","filename":"/home/airflow/.local/lib/python3.13/site-packages/airflow/providers/standard/operators/python.py","lineno":194,"logger":"py.warnings"}
{"timestamp":"2026-07-13T09:19:22.869232Z","level":"info","event":"Filling up the DagBag from /opt/airflow/dags/scrape_dag.py","logger":"airflow.dag_processing.dagbag.BundleDagBag","filename":"dagbag.py","lineno":460}
{"timestamp":"2026-07-13T09:19:23.081268Z","level":"warning","event":"Setting email on a task is deprecated; please migrate to SmtpNotifier.","category":"UserWarning","filename":"/home/airflow/.local/lib/python3.13/site-packages/airflow/providers/standard/operators/python.py","lineno":194,"logger":"py.warnings"}
{"timestamp":"2026-07-13T09:19:23.081458Z","level":"warning","event":"Setting email_on_retry on a task is deprecated; please migrate to SmtpNotifier.","category":"UserWarning","filename":"/home/airflow/.local/lib/python3.13/site-packages/airflow/providers/standard/operators/python.py","lineno":194,"logger":"py.warnings"}
{"timestamp":"2026-07-13T09:19:23.081783Z","level":"warning","event":"Setting email_on_failure on a task is deprecated; please migrate to SmtpNotifier.","category":"UserWarning","filename":"/home/airflow/.local/lib/python3.13/site-packages/airflow/providers/standard/operators/python.py","lineno":194,"logger":"py.warnings"}
{"timestamp":"2026-07-13T09:19:53.355391Z","level":"info","event":"Filling up the DagBag from /opt/airflow/dags/scrape_dag.py","logger":"airflow.dag_processing.dagbag.BundleDagBag","filename":"dagbag.py","lineno":460}
{"timestamp":"2026-07-13T09:19:53.470276Z","level":"warning","event":"Setting email on a task is deprecated; please migrate to SmtpNotifier.","category":"UserWarning","filename":"/home/airflow/.local/lib/python3.13/site-packages/airflow/providers/standard/operators/python.py","lineno":194,"logger":"py.warnings"}
{"timestamp":"2026-07-13T09:19:53.470512Z","level":"warning","event":"Setting email_on_retry on a task is deprecated; please migrate to SmtpNotifier.","category":"UserWarning","filename":"/home/airflow/.local/lib/python3.13/site-packages/airflow/providers/standard/operators/python.py","lineno":194,"logger":"py.warnings"}
{"timestamp":"2026-07-13T09:19:53.470576Z","level":"warning","event":"Setting email_on_failure on a task is deprecated; please migrate to SmtpNotifier.","category":"UserWarning","filename":"/home/airflow/.local/lib/python3.13/site-packages/airflow/providers/standard/operators/python.py","lineno":194,"logger":"py.warnings"}
{"timestamp":"2026-07-13T09:20:23.596711Z","level":"info","event":"Filling up the DagBag from /opt/airflow/dags/scrape_dag.py","logger":"airflow.dag_processing.dagbag.BundleDagBag","filename":"dagbag.py","lineno":460}
{"timestamp":"2026-07-13T09:20:23.668368Z","level":"warning","event":"Setting email on a task is deprecated; please migrate to SmtpNotifier.","category":"UserWarning","filename":"/home/airflow/.local/lib/python3.13/site-packages/airflow/providers/standard/operators/python.py","lineno":194,"logger":"py.warnings"}
{"timestamp":"2026-07-13T09:20:23.668446Z","level":"warning","event":"Setting email_on_retry on a task is deprecated; please migrate to SmtpNotifier.","category":"UserWarning","filename":"/home/airflow/.local/lib/python3.13/site-packages/airflow/providers/standard/operators/python.py","lineno":194,"logger":"py.warnings"}
{"timestamp":"2026-07-13T09:20:23.668480Z","level":"warning","event":"Setting email_on_failure on a task is deprecated; please migrate to SmtpNotifier.","category":"UserWarning","filename":"/home/airflow/.local/lib/python3.13/site-packages/airflow/providers/standard/operators/python.py","lineno":194,"logger":"py.warnings"}
{"timestamp":"2026-07-13T09:20:53.799795Z","level":"info","event":"Filling up the DagBag from /opt/airflow/dags/scrape_dag.py","logger":"airflow.dag_processing.dagbag.BundleDagBag","filename":"dagbag.py","lineno":460}
{"timestamp":"2026-07-13T09:20:53.869504Z","level":"warning","event":"Setting email on a task is deprecated; please migrate to SmtpNotifier.","category":"UserWarning","filename":"/home/airflow/.local/lib/python3.13/site-packages/airflow/providers/standard/operators/python.py","lineno":194,"logger":"py.warnings"}
{"timestamp":"2026-07-13T09:20:53.869583Z","level":"warning","event":"Setting email_on_retry on a task is deprecated; please migrate to SmtpNotifier.","category":"UserWarning","filename":"/home/airflow/.local/lib/python3.13/site-packages/airflow/providers/standard/operators/python.py","lineno":194,"logger":"py.warnings"}
{"timestamp":"2026-07-13T09:20:53.869618Z","level":"warning","event":"Setting email_on_failure on a task is deprecated; please migrate to SmtpNotifier.","category":"UserWarning","filename":"/home/airflow/.local/lib/python3.13/site-packages/airflow/providers/standard/operators/python.py","lineno":194,"logger":"py.warnings"}
{"timestamp":"2026-07-13T09:21:24.301556Z","level":"info","event":"Filling up the DagBag from /opt/airflow/dags/scrape_dag.py","logger":"airflow.dag_processing.dagbag.BundleDagBag","filename":"dagbag.py","lineno":460}
{"timestamp":"2026-07-13T09:21:24.367684Z","level":"warning","event":"Setting email on a task is deprecated; please migrate to SmtpNotifier.","category":"UserWarning","filename":"/home/airflow/.local/lib/python3.13/site-packages/airflow/providers/standard/operators/python.py","lineno":194,"logger":"py.warnings"}
{"timestamp":"2026-07-13T09:21:24.367755Z","level":"warning","event":"Setting email_on_retry on a task is deprecated; please migrate to SmtpNotifier.","category":"UserWarning","filename":"/home/airflow/.local/lib/python3.13/site-packages/airflow/providers/standard/operators/python.py","lineno":194,"logger":"py.warnings"}
{"timestamp":"2026-07-13T09:21:24.367801Z","level":"warning","event":"Setting email_on_failure on a task is deprecated; please migrate to SmtpNotifier.","category":"UserWarning","filename":"/home/airflow/.local/lib/python3.13/site-packages/airflow/providers/standard/operators/python.py","lineno":194,"logger":"py.warnings"}
{"timestamp":"2026-07-13T09:21:54.925848Z","level":"info","event":"Filling up the DagBag from /opt/airflow/dags/scrape_dag.py","logger":"airflow.dag_processing.dagbag.BundleDagBag","filename":"dagbag.py","lineno":460}
{"timestamp":"2026-07-13T09:21:55.064989Z","level":"warning","event":"Setting email on a task is deprecated; please migrate to SmtpNotifier.","category":"UserWarning","filename":"/home/airflow/.local/lib/python3.13/site-packages/airflow/providers/standard/operators/python.py","lineno":194,"logger":"py.warnings"}
{"timestamp":"2026-07-13T09:21:55.065117Z","level":"warning","event":"Setting email_on_retry on a task is deprecated; please migrate to SmtpNotifier.","category":"UserWarning","filename":"/home/airflow/.local/lib/python3.13/site-packages/airflow/providers/standard/operators/python.py","lineno":194,"logger":"py.warnings"}
{"timestamp":"2026-07-13T09:21:55.065167Z","level":"warning","event":"Setting email_on_failure on a task is deprecated; please migrate to SmtpNotifier.","category":"UserWarning","filename":"/home/airflow/.local/lib/python3.13/site-packages/airflow/providers/standard/operators/python.py","lineno":194,"logger":"py.warnings"}
{"timestamp":"2026-07-13T09:22:25.396166Z","level":"info","event":"Filling up the DagBag from /opt/airflow/dags/scrape_dag.py","logger":"airflow.dag_processing.dagbag.BundleDagBag","filename":"dagbag.py","lineno":460}
{"timestamp":"2026-07-13T09:22:25.537333Z","level":"warning","event":"Setting email on a task is deprecated; please migrate to SmtpNotifier.","category":"UserWarning","filename":"/home/airflow/.local/lib/python3.13/site-packages/airflow/providers/standard/operators/python.py","lineno":194,"logger":"py.warnings"}
{"timestamp":"2026-07-13T09:22:25.537417Z","level":"warning","event":"Setting email_on_retry on a task is deprecated; please migrate to SmtpNotifier.","category":"UserWarning","filename":"/home/airflow/.local/lib/python3.13/site-packages/airflow/providers/standard/operators/python.py","lineno":194,"logger":"py.warnings"}
{"timestamp":"2026-07-13T09:22:25.537466Z","level":"warning","event":"Setting email_on_failure on a task is deprecated; please migrate to SmtpNotifier.","category":"UserWarning","filename":"/home/airflow/.local/lib/python3.13/site-packages/airflow/providers/standard/operators/python.py","lineno":194,"logger":"py.warnings"}
{"timestamp":"2026-07-13T09:22:55.920250Z","level":"info","event":"Filling up the DagBag from /opt/airflow/dags/scrape_dag.py","logger":"airflow.dag_processing.dagbag.BundleDagBag","filename":"dagbag.py","lineno":460}
{"timestamp":"2026-07-13T09:22:56.067395Z","level":"warning","event":"Setting email on a task is deprecated; please migrate to SmtpNotifier.","category":"UserWarning","filename":"/home/airflow/.local/lib/python3.13/site-packages/airflow/providers/standard/operators/python.py","lineno":194,"logger":"py.warnings"}
{"timestamp":"2026-07-13T09:22:56.067524Z","level":"warning","event":"Setting email_on_retry on a task is deprecated; please migrate to SmtpNotifier.","category":"UserWarning","filename":"/home/airflow/.local/lib/python3.13/site-packages/airflow/providers/standard/operators/python.py","lineno":194,"logger":"py.warnings"}
{"timestamp":"2026-07-13T09:22:56.067567Z","level":"warning","event":"Setting email_on_failure on a task is deprecated; please migrate to SmtpNotifier.","category":"UserWarning","filename":"/home/airflow/.local/lib/python3.13/site-packages/airflow/providers/standard/operators/python.py","lineno":194,"logger":"py.warnings"}
{"timestamp":"2026-07-13T09:23:26.682019Z","level":"info","event":"Filling up the DagBag from /opt/airflow/dags/scrape_dag.py","logger":"airflow.dag_processing.dagbag.BundleDagBag","filename":"dagbag.py","lineno":460}
{"timestamp":"2026-07-13T09:23:26.819481Z","level":"warning","event":"Setting email on a task is deprecated; please migrate to SmtpNotifier.","category":"UserWarning","filename":"/home/airflow/.local/lib/python3.13/site-packages/airflow/providers/standard/operators/python.py","lineno":194,"logger":"py.warnings"}
{"timestamp":"2026-07-13T09:23:26.819623Z","level":"warning","event":"Setting email_on_retry on a task is deprecated; please migrate to SmtpNotifier.","category":"UserWarning","filename":"/home/airflow/.local/lib/python3.13/site-packages/airflow/providers/standard/operators/python.py","lineno":194,"logger":"py.warnings"}
{"timestamp":"2026-07-13T09:23:26.819674Z","level":"warning","event":"Setting email_on_failure on a task is deprecated; please migrate to SmtpNotifier.","category":"UserWarning","filename":"/home/airflow/.local/lib/python3.13/site-packages/airflow/providers/standard/operators/python.py","lineno":194,"logger":"py.warnings"}
{"timestamp":"2026-07-13T09:23:57.040181Z","level":"info","event":"Filling up the DagBag from /opt/airflow/dags/scrape_dag.py","logger":"airflow.dag_processing.dagbag.BundleDagBag","filename":"dagbag.py","lineno":460}
{"timestamp":"2026-07-13T09:23:57.202634Z","level":"warning","event":"Setting email on a task is deprecated; please migrate to SmtpNotifier.","category":"UserWarning","filename":"/home/airflow/.local/lib/python3.13/site-packages/airflow/providers/standard/operators/python.py","lineno":194,"logger":"py.warnings"}
{"timestamp":"2026-07-13T09:23:57.202753Z","level":"warning","event":"Setting email_on_retry on a task is deprecated; please migrate to SmtpNotifier.","category":"UserWarning","filename":"/home/airflow/.local/lib/python3.13/site-packages/airflow/providers/standard/operators/python.py","lineno":194,"logger":"py.warnings"}
{"timestamp":"2026-07-13T09:23:57.202803Z","level":"warning","event":"Setting email_on_failure on a task is deprecated; please migrate to SmtpNotifier.","category":"UserWarning","filename":"/home/airflow/.local/lib/python3.13/site-packages/airflow/providers/standard/operators/python.py","lineno":194,"logger":"py.warnings"}
{"timestamp":"2026-07-13T09:24:27.329167Z","level":"info","event":"Filling up the DagBag from /opt/airflow/dags/scrape_dag.py","logger":"airflow.dag_processing.dagbag.BundleDagBag","filename":"dagbag.py","lineno":460}
{"timestamp":"2026-07-13T09:24:27.474321Z","level":"warning","event":"Setting email on a task is deprecated; please migrate to SmtpNotifier.","category":"UserWarning","filename":"/home/airflow/.local/lib/python3.13/site-packages/airflow/providers/standard/operators/python.py","lineno":194,"logger":"py.warnings"}
{"timestamp":"2026-07-13T09:24:27.474392Z","level":"warning","event":"Setting email_on_retry on a task is deprecated; please migrate to SmtpNotifier.","category":"UserWarning","filename":"/home/airflow/.local/lib/python3.13/site-packages/airflow/providers/standard/operators/python.py","lineno":194,"logger":"py.warnings"}
{"timestamp":"2026-07-13T09:24:27.474444Z","level":"warning","event":"Setting email_on_failure on a task is deprecated; please migrate to SmtpNotifier.","category":"UserWarning","filename":"/home/airflow/.local/lib/python3.13/site-packages/airflow/providers/standard/operators/python.py","lineno":194,"logger":"py.warnings"}
{"timestamp":"2026-07-13T09:24:58.291911Z","level":"info","event":"Filling up the DagBag from /opt/airflow/dags/scrape_dag.py","logger":"airflow.dag_processing.dagbag.BundleDagBag","filename":"dagbag.py","lineno":460}
{"timestamp":"2026-07-13T09:24:58.451657Z","level":"warning","event":"Setting email on a task is deprecated; please migrate to SmtpNotifier.","category":"UserWarning","filename":"/home/airflow/.local/lib/python3.13/site-packages/airflow/providers/standard/operators/python.py","lineno":194,"logger":"py.warnings"}
{"timestamp":"2026-07-13T09:24:58.451838Z","level":"warning","event":"Setting email_on_retry on a task is deprecated; please migrate to SmtpNotifier.","category":"UserWarning","filename":"/home/airflow/.local/lib/python3.13/site-packages/airflow/providers/standard/operators/python.py","lineno":194,"logger":"py.warnings"}
{"timestamp":"2026-07-13T09:24:58.451902Z","level":"warning","event":"Setting email_on_failure on a task is deprecated; please migrate to SmtpNotifier.","category":"UserWarning","filename":"/home/airflow/.local/lib/python3.13/site-packages/airflow/providers/standard/operators/python.py","lineno":194,"logger":"py.warnings"}
{"timestamp":"2026-07-13T09:25:28.686834Z","level":"info","event":"Filling up the DagBag from /opt/airflow/dags/scrape_dag.py","logger":"airflow.dag_processing.dagbag.BundleDagBag","filename":"dagbag.py","lineno":460}
{"timestamp":"2026-07-13T09:25:28.847597Z","level":"warning","event":"Setting email on a task is deprecated; please migrate to SmtpNotifier.","category":"UserWarning","filename":"/home/airflow/.local/lib/python3.13/site-packages/airflow/providers/standard/operators/python.py","lineno":194,"logger":"py.warnings"}
{"timestamp":"2026-07-13T09:25:28.847697Z","level":"warning","event":"Setting email_on_retry on a task is deprecated; please migrate to SmtpNotifier.","category":"UserWarning","filename":"/home/airflow/.local/lib/python3.13/site-packages/airflow/providers/standard/operators/python.py","lineno":194,"logger":"py.warnings"}
{"timestamp":"2026-07-13T09:25:28.847754Z","level":"warning","event":"Setting email_on_failure on a task is deprecated; please migrate to SmtpNotifier.","category":"UserWarning","filename":"/home/airflow/.local/lib/python3.13/site-packages/airflow/providers/standard/operators/python.py","lineno":194,"logger":"py.warnings"}
{"timestamp":"2026-07-13T09:25:59.291766Z","level":"info","event":"Filling up the DagBag from /opt/airflow/dags/scrape_dag.py","logger":"airflow.dag_processing.dagbag.BundleDagBag","filename":"dagbag.py","lineno":460}
{"timestamp":"2026-07-13T09:25:59.442853Z","level":"warning","event":"Setting email on a task is deprecated; please migrate to SmtpNotifier.","category":"UserWarning","filename":"/home/airflow/.local/lib/python3.13/site-packages/airflow/providers/standard/operators/python.py","lineno":194,"logger":"py.warnings"}
{"timestamp":"2026-07-13T09:25:59.443007Z","level":"warning","event":"Setting email_on_retry on a task is deprecated; please migrate to SmtpNotifier.","category":"UserWarning","filename":"/home/airflow/.local/lib/python3.13/site-packages/airflow/providers/standard/operators/python.py","lineno":194,"logger":"py.warnings"}
{"timestamp":"2026-07-13T09:25:59.443080Z","level":"warning","event":"Setting email_on_failure on a task is deprecated; please migrate to SmtpNotifier.","category":"UserWarning","filename":"/home/airflow/.local/lib/python3.13/site-packages/airflow/providers/standard/operators/python.py","lineno":194,"logger":"py.warnings"}
{"timestamp":"2026-07-13T09:26:30.280828Z","level":"info","event":"Filling up the DagBag from /opt/airflow/dags/scrape_dag.py","logger":"airflow.dag_processing.dagbag.BundleDagBag","filename":"dagbag.py","lineno":460}
{"timestamp":"2026-07-13T09:26:30.441255Z","level":"warning","event":"Setting email on a task is deprecated; please migrate to SmtpNotifier.","category":"UserWarning","filename":"/home/airflow/.local/lib/python3.13/site-packages/airflow/providers/standard/operators/python.py","lineno":194,"logger":"py.warnings"}
{"timestamp":"2026-07-13T09:26:30.441410Z","level":"warning","event":"Setting email_on_retry on a task is deprecated; please migrate to SmtpNotifier.","category":"UserWarning","filename":"/home/airflow/.local/lib/python3.13/site-packages/airflow/providers/standard/operators/python.py","lineno":194,"logger":"py.warnings"}
{"timestamp":"2026-07-13T09:26:30.441459Z","level":"warning","event":"Setting email_on_failure on a task is deprecated; please migrate to SmtpNotifier.","category":"UserWarning","filename":"/home/airflow/.local/lib/python3.13/site-packages/airflow/providers/standard/operators/python.py","lineno":194,"logger":"py.warnings"}
{"timestamp":"2026-07-13T09:27:00.567062Z","level":"info","event":"Filling up the DagBag from /opt/airflow/dags/scrape_dag.py","logger":"airflow.dag_processing.dagbag.BundleDagBag","filename":"dagbag.py","lineno":460}
{"timestamp":"2026-07-13T09:27:00.724539Z","level":"warning","event":"Setting email on a task is deprecated; please migrate to SmtpNotifier.","category":"UserWarning","filename":"/home/airflow/.local/lib/python3.13/site-packages/airflow/providers/standard/operators/python.py","lineno":194,"logger":"py.warnings"}
{"timestamp":"2026-07-13T09:27:00.724630Z","level":"warning","event":"Setting email_on_retry on a task is deprecated; please migrate to SmtpNotifier.","category":"UserWarning","filename":"/home/airflow/.local/lib/python3.13/site-packages/airflow/providers/standard/operators/python.py","lineno":194,"logger":"py.warnings"}
{"timestamp":"2026-07-13T09:27:00.724669Z","level":"warning","event":"Setting email_on_failure on a task is deprecated; please migrate to SmtpNotifier.","category":"UserWarning","filename":"/home/airflow/.local/lib/python3.13/site-packages/airflow/providers/standard/operators/python.py","lineno":194,"logger":"py.warnings"}
{"timestamp":"2026-07-13T09:27:32.277274Z","level":"info","event":"Filling up the DagBag from /opt/airflow/dags/scrape_dag.py","logger":"airflow.dag_processing.dagbag.BundleDagBag","filename":"dagbag.py","lineno":460}
{"timestamp":"2026-07-13T09:27:32.819978Z","level":"warning","event":"Setting email on a task is deprecated; please migrate to SmtpNotifier.","category":"UserWarning","filename":"/home/airflow/.local/lib/python3.13/site-packages/airflow/providers/standard/operators/python.py","lineno":194,"logger":"py.warnings"}
{"timestamp":"2026-07-13T09:27:32.820362Z","level":"warning","event":"Setting email_on_retry on a task is deprecated; please migrate to SmtpNotifier.","category":"UserWarning","filename":"/home/airflow/.local/lib/python3.13/site-packages/airflow/providers/standard/operators/python.py","lineno":194,"logger":"py.warnings"}
{"timestamp":"2026-07-13T09:27:32.820471Z","level":"warning","event":"Setting email_on_failure on a task is deprecated; please migrate to SmtpNotifier.","category":"UserWarning","filename":"/home/airflow/.local/lib/python3.13/site-packages/airflow/providers/standard/operators/python.py","lineno":194,"logger":"py.warnings"}
{"timestamp":"2026-07-13T09:28:03.435341Z","level":"info","event":"Filling up the DagBag from /opt/airflow/dags/scrape_dag.py","logger":"airflow.dag_processing.dagbag.BundleDagBag","filename":"dagbag.py","lineno":460}
{"timestamp":"2026-07-13T09:28:03.704310Z","level":"warning","event":"Setting email on a task is deprecated; please migrate to SmtpNotifier.","category":"UserWarning","filename":"/home/airflow/.local/lib/python3.13/site-packages/airflow/providers/standard/operators/python.py","lineno":194,"logger":"py.warnings"}
{"timestamp":"2026-07-13T09:28:03.704594Z","level":"warning","event":"Setting email_on_retry on a task is deprecated; please migrate to SmtpNotifier.","category":"UserWarning","filename":"/home/airflow/.local/lib/python3.13/site-packages/airflow/providers/standard/operators/python.py","lineno":194,"logger":"py.warnings"}
{"timestamp":"2026-07-13T09:28:03.704709Z","level":"warning","event":"Setting email_on_failure on a task is deprecated; please migrate to SmtpNotifier.","category":"UserWarning","filename":"/home/airflow/.local/lib/python3.13/site-packages/airflow/providers/standard/operators/python.py","lineno":194,"logger":"py.warnings"}
{"timestamp":"2026-07-13T09:28:34.227218Z","level":"info","event":"Filling up the DagBag from /opt/airflow/dags/scrape_dag.py","logger":"airflow.dag_processing.dagbag.BundleDagBag","filename":"dagbag.py","lineno":460}
{"timestamp":"2026-07-13T09:28:34.514751Z","level":"warning","event":"Setting email on a task is deprecated; please migrate to SmtpNotifier.","category":"UserWarning","filename":"/home/airflow/.local/lib/python3.13/site-packages/airflow/providers/standard/operators/python.py","lineno":194,"logger":"py.warnings"}
{"timestamp":"2026-07-13T09:28:34.514936Z","level":"warning","event":"Setting email_on_retry on a task is deprecated; please migrate to SmtpNotifier.","category":"UserWarning","filename":"/home/airflow/.local/lib/python3.13/site-packages/airflow/providers/standard/operators/python.py","lineno":194,"logger":"py.warnings"}
{"timestamp":"2026-07-13T09:28:34.515016Z","level":"warning","event":"Setting email_on_failure on a task is deprecated; please migrate to SmtpNotifier.","category":"UserWarning","filename":"/home/airflow/.local/lib/python3.13/site-packages/airflow/providers/standard/operators/python.py","lineno":194,"logger":"py.warnings"}
{"timestamp":"2026-07-13T09:29:08.293179Z","level":"info","event":"Filling up the DagBag from /opt/airflow/dags/scrape_dag.py","logger":"airflow.dag_processing.dagbag.BundleDagBag","filename":"dagbag.py","lineno":460}
{"timestamp":"2026-07-13T09:29:08.709433Z","level":"warning","event":"Setting email on a task is deprecated; please migrate to SmtpNotifier.","category":"UserWarning","filename":"/home/airflow/.local/lib/python3.13/site-packages/airflow/providers/standard/operators/python.py","lineno":194,"logger":"py.warnings"}
{"timestamp":"2026-07-13T09:29:08.716371Z","level":"warning","event":"Setting email_on_retry on a task is deprecated; please migrate to SmtpNotifier.","category":"UserWarning","filename":"/home/airflow/.local/lib/python3.13/site-packages/airflow/providers/standard/operators/python.py","lineno":194,"logger":"py.warnings"}
{"timestamp":"2026-07-13T09:29:08.717159Z","level":"warning","event":"Setting email_on_failure on a task is deprecated; please migrate to SmtpNotifier.","category":"UserWarning","filename":"/home/airflow/.local/lib/python3.13/site-packages/airflow/providers/standard/operators/python.py","lineno":194,"logger":"py.warnings"}
{"timestamp":"2026-07-13T09:29:50.757693Z","level":"info","event":"Filling up the DagBag from /opt/airflow/dags/scrape_dag.py","logger":"airflow.dag_processing.dagbag.BundleDagBag","filename":"dagbag.py","lineno":460}
{"timestamp":"2026-07-13T09:29:51.203216Z","level":"warning","event":"Setting email on a task is deprecated; please migrate to SmtpNotifier.","category":"UserWarning","filename":"/home/airflow/.local/lib/python3.13/site-packages/airflow/providers/standard/operators/python.py","lineno":194,"logger":"py.warnings"}
{"timestamp":"2026-07-13T09:29:51.203430Z","level":"warning","event":"Setting email_on_retry on a task is deprecated; please migrate to SmtpNotifier.","category":"UserWarning","filename":"/home/airflow/.local/lib/python3.13/site-packages/airflow/providers/standard/operators/python.py","lineno":194,"logger":"py.warnings"}
{"timestamp":"2026-07-13T09:29:51.203478Z","level":"warning","event":"Setting email_on_failure on a task is deprecated; please migrate to SmtpNotifier.","category":"UserWarning","filename":"/home/airflow/.local/lib/python3.13/site-packages/airflow/providers/standard/operators/python.py","lineno":194,"logger":"py.warnings"}
{"timestamp":"2026-07-13T09:30:32.111691Z","level":"info","event":"Filling up the DagBag from /opt/airflow/dags/scrape_dag.py","logger":"airflow.dag_processing.dagbag.BundleDagBag","filename":"dagbag.py","lineno":460}
{"timestamp":"2026-07-13T09:30:32.577334Z","level":"warning","event":"Setting email on a task is deprecated; please migrate to SmtpNotifier.","category":"UserWarning","filename":"/home/airflow/.local/lib/python3.13/site-packages/airflow/providers/standard/operators/python.py","lineno":194,"logger":"py.warnings"}
{"timestamp":"2026-07-13T09:30:32.577615Z","level":"warning","event":"Setting email_on_retry on a task is deprecated; please migrate to SmtpNotifier.","category":"UserWarning","filename":"/home/airflow/.local/lib/python3.13/site-packages/airflow/providers/standard/operators/python.py","lineno":194,"logger":"py.warnings"}
{"timestamp":"2026-07-13T09:30:32.577696Z","level":"warning","event":"Setting email_on_failure on a task is deprecated; please migrate to SmtpNotifier.","category":"UserWarning","filename":"/home/airflow/.local/lib/python3.13/site-packages/airflow/providers/standard/operators/python.py","lineno":194,"logger":"py.warnings"}
{"timestamp":"2026-07-13T09:31:06.118979Z","level":"info","event":"Filling up the DagBag from /opt/airflow/dags/scrape_dag.py","logger":"airflow.dag_processing.dagbag.BundleDagBag","filename":"dagbag.py","lineno":460}
{"timestamp":"2026-07-13T09:31:06.379351Z","level":"warning","event":"Setting email on a task is deprecated; please migrate to SmtpNotifier.","category":"UserWarning","filename":"/home/airflow/.local/lib/python3.13/site-packages/airflow/providers/standard/operators/python.py","lineno":194,"logger":"py.warnings"}
{"timestamp":"2026-07-13T09:31:06.379629Z","level":"warning","event":"Setting email_on_retry on a task is deprecated; please migrate to SmtpNotifier.","category":"UserWarning","filename":"/home/airflow/.local/lib/python3.13/site-packages/airflow/providers/standard/operators/python.py","lineno":194,"logger":"py.warnings"}
{"timestamp":"2026-07-13T09:31:06.379697Z","level":"warning","event":"Setting email_on_failure on a task is deprecated; please migrate to SmtpNotifier.","category":"UserWarning","filename":"/home/airflow/.local/lib/python3.13/site-packages/airflow/providers/standard/operators/python.py","lineno":194,"logger":"py.warnings"}
{"timestamp":"2026-07-13T09:31:39.265254Z","level":"info","event":"Filling up the DagBag from /opt/airflow/dags/scrape_dag.py","logger":"airflow.dag_processing.dagbag.BundleDagBag","filename":"dagbag.py","lineno":460}
{"timestamp":"2026-07-13T09:31:41.338727Z","level":"warning","event":"Setting email on a task is deprecated; please migrate to SmtpNotifier.","category":"UserWarning","filename":"/home/airflow/.local/lib/python3.13/site-packages/airflow/providers/standard/operators/python.py","lineno":194,"logger":"py.warnings"}
{"timestamp":"2026-07-13T09:31:41.339085Z","level":"warning","event":"Setting email_on_retry on a task is deprecated; please migrate to SmtpNotifier.","category":"UserWarning","filename":"/home/airflow/.local/lib/python3.13/site-packages/airflow/providers/standard/operators/python.py","lineno":194,"logger":"py.warnings"}
{"timestamp":"2026-07-13T09:31:41.339205Z","level":"warning","event":"Setting email_on_failure on a task is deprecated; please migrate to SmtpNotifier.","category":"UserWarning","filename":"/home/airflow/.local/lib/python3.13/site-packages/airflow/providers/standard/operators/python.py","lineno":194,"logger":"py.warnings"}
{"timestamp":"2026-07-13T09:32:20.921469Z","level":"info","event":"Filling up the DagBag from /opt/airflow/dags/scrape_dag.py","logger":"airflow.dag_processing.dagbag.BundleDagBag","filename":"dagbag.py","lineno":460}
{"timestamp":"2026-07-13T09:32:21.201388Z","level":"warning","event":"Setting email on a task is deprecated; please migrate to SmtpNotifier.","category":"UserWarning","filename":"/home/airflow/.local/lib/python3.13/site-packages/airflow/providers/standard/operators/python.py","lineno":194,"logger":"py.warnings"}
{"timestamp":"2026-07-13T09:32:21.201614Z","level":"warning","event":"Setting email_on_retry on a task is deprecated; please migrate to SmtpNotifier.","category":"UserWarning","filename":"/home/airflow/.local/lib/python3.13/site-packages/airflow/providers/standard/operators/python.py","lineno":194,"logger":"py.warnings"}
{"timestamp":"2026-07-13T09:32:21.201685Z","level":"warning","event":"Setting email_on_failure on a task is deprecated; please migrate to SmtpNotifier.","category":"UserWarning","filename":"/home/airflow/.local/lib/python3.13/site-packages/airflow/providers/standard/operators/python.py","lineno":194,"logger":"py.warnings"}
{"timestamp":"2026-07-13T09:32:54.032851Z","level":"info","event":"Filling up the DagBag from /opt/airflow/dags/scrape_dag.py","logger":"airflow.dag_processing.dagbag.BundleDagBag","filename":"dagbag.py","lineno":460}
{"timestamp":"2026-07-13T09:32:54.217358Z","level":"warning","event":"Setting email on a task is deprecated; please migrate to SmtpNotifier.","category":"UserWarning","filename":"/home/airflow/.local/lib/python3.13/site-packages/airflow/providers/standard/operators/python.py","lineno":194,"logger":"py.warnings"}
{"timestamp":"2026-07-13T09:32:54.217513Z","level":"warning","event":"Setting email_on_retry on a task is deprecated; please migrate to SmtpNotifier.","category":"UserWarning","filename":"/home/airflow/.local/lib/python3.13/site-packages/airflow/providers/standard/operators/python.py","lineno":194,"logger":"py.warnings"}
{"timestamp":"2026-07-13T09:32:54.217583Z","level":"warning","event":"Setting email_on_failure on a task is deprecated; please migrate to SmtpNotifier.","category":"UserWarning","filename":"/home/airflow/.local/lib/python3.13/site-packages/airflow/providers/standard/operators/python.py","lineno":194,"logger":"py.warnings"}
{"timestamp":"2026-07-13T09:33:24.604527Z","level":"info","event":"Filling up the DagBag from /opt/airflow/dags/scrape_dag.py","logger":"airflow.dag_processing.dagbag.BundleDagBag","filename":"dagbag.py","lineno":460}
{"timestamp":"2026-07-13T09:33:24.802855Z","level":"warning","event":"Setting email on a task is deprecated; please migrate to SmtpNotifier.","category":"UserWarning","filename":"/home/airflow/.local/lib/python3.13/site-packages/airflow/providers/standard/operators/python.py","lineno":194,"logger":"py.warnings"}
{"timestamp":"2026-07-13T09:33:24.803012Z","level":"warning","event":"Setting email_on_retry on a task is deprecated; please migrate to SmtpNotifier.","category":"UserWarning","filename":"/home/airflow/.local/lib/python3.13/site-packages/airflow/providers/standard/operators/python.py","lineno":194,"logger":"py.warnings"}
{"timestamp":"2026-07-13T09:33:24.803093Z","level":"warning","event":"Setting email_on_failure on a task is deprecated; please migrate to SmtpNotifier.","category":"UserWarning","filename":"/home/airflow/.local/lib/python3.13/site-packages/airflow/providers/standard/operators/python.py","lineno":194,"logger":"py.warnings"}
{"timestamp":"2026-07-13T09:33:55.075636Z","level":"info","event":"Filling up the DagBag from /opt/airflow/dags/scrape_dag.py","logger":"airflow.dag_processing.dagbag.BundleDagBag","filename":"dagbag.py","lineno":460}
{"timestamp":"2026-07-13T09:33:55.213482Z","level":"warning","event":"Setting email on a task is deprecated; please migrate to SmtpNotifier.","category":"UserWarning","filename":"/home/airflow/.local/lib/python3.13/site-packages/airflow/providers/standard/operators/python.py","lineno":194,"logger":"py.warnings"}
{"timestamp":"2026-07-13T09:33:55.213600Z","level":"warning","event":"Setting email_on_retry on a task is deprecated; please migrate to SmtpNotifier.","category":"UserWarning","filename":"/home/airflow/.local/lib/python3.13/site-packages/airflow/providers/standard/operators/python.py","lineno":194,"logger":"py.warnings"}
{"timestamp":"2026-07-13T09:33:55.213639Z","level":"warning","event":"Setting email_on_failure on a task is deprecated; please migrate to SmtpNotifier.","category":"UserWarning","filename":"/home/airflow/.local/lib/python3.13/site-packages/airflow/providers/standard/operators/python.py","lineno":194,"logger":"py.warnings"}
{"timestamp":"2026-07-13T09:34:27.394804Z","level":"info","event":"Filling up the DagBag from /opt/airflow/dags/scrape_dag.py","logger":"airflow.dag_processing.dagbag.BundleDagBag","filename":"dagbag.py","lineno":460}
{"timestamp":"2026-07-13T09:34:27.545829Z","level":"warning","event":"Setting email on a task is deprecated; please migrate to SmtpNotifier.","category":"UserWarning","filename":"/home/airflow/.local/lib/python3.13/site-packages/airflow/providers/standard/operators/python.py","lineno":194,"logger":"py.warnings"}
{"timestamp":"2026-07-13T09:34:27.546006Z","level":"warning","event":"Setting email_on_retry on a task is deprecated; please migrate to SmtpNotifier.","category":"UserWarning","filename":"/home/airflow/.local/lib/python3.13/site-packages/airflow/providers/standard/operators/python.py","lineno":194,"logger":"py.warnings"}
{"timestamp":"2026-07-13T09:34:27.546706Z","level":"warning","event":"Setting email_on_failure on a task is deprecated; please migrate to SmtpNotifier.","category":"UserWarning","filename":"/home/airflow/.local/lib/python3.13/site-packages/airflow/providers/standard/operators/python.py","lineno":194,"logger":"py.warnings"}
{"timestamp":"2026-07-13T09:35:02.530297Z","level":"info","event":"Filling up the DagBag from /opt/airflow/dags/scrape_dag.py","logger":"airflow.dag_processing.dagbag.BundleDagBag","filename":"dagbag.py","lineno":460}
{"timestamp":"2026-07-13T09:35:03.235962Z","level":"warning","event":"Setting email on a task is deprecated; please migrate to SmtpNotifier.","category":"UserWarning","filename":"/home/airflow/.local/lib/python3.13/site-packages/airflow/providers/standard/operators/python.py","lineno":194,"logger":"py.warnings"}
{"timestamp":"2026-07-13T09:35:03.236702Z","level":"warning","event":"Setting email_on_retry on a task is deprecated; please migrate to SmtpNotifier.","category":"UserWarning","filename":"/home/airflow/.local/lib/python3.13/site-packages/airflow/providers/standard/operators/python.py","lineno":194,"logger":"py.warnings"}
{"timestamp":"2026-07-13T09:35:03.236932Z","level":"warning","event":"Setting email_on_failure on a task is deprecated; please migrate to SmtpNotifier.","category":"UserWarning","filename":"/home/airflow/.local/lib/python3.13/site-packages/airflow/providers/standard/operators/python.py","lineno":194,"logger":"py.warnings"}
{"timestamp":"2026-07-13T09:35:34.884615Z","level":"info","event":"Filling up the DagBag from /opt/airflow/dags/scrape_dag.py","logger":"airflow.dag_processing.dagbag.BundleDagBag","filename":"dagbag.py","lineno":460}
{"timestamp":"2026-07-13T09:35:35.529559Z","level":"warning","event":"Setting email on a task is deprecated; please migrate to SmtpNotifier.","category":"UserWarning","filename":"/home/airflow/.local/lib/python3.13/site-packages/airflow/providers/standard/operators/python.py","lineno":194,"logger":"py.warnings"}
{"timestamp":"2026-07-13T09:35:35.530799Z","level":"warning","event":"Setting email_on_retry on a task is deprecated; please migrate to SmtpNotifier.","category":"UserWarning","filename":"/home/airflow/.local/lib/python3.13/site-packages/airflow/providers/standard/operators/python.py","lineno":194,"logger":"py.warnings"}
{"timestamp":"2026-07-13T09:35:35.531084Z","level":"warning","event":"Setting email_on_failure on a task is deprecated; please migrate to SmtpNotifier.","category":"UserWarning","filename":"/home/airflow/.local/lib/python3.13/site-packages/airflow/providers/standard/operators/python.py","lineno":194,"logger":"py.warnings"}
{"timestamp":"2026-07-13T09:36:08.201584Z","level":"info","event":"Filling up the DagBag from /opt/airflow/dags/scrape_dag.py","logger":"airflow.dag_processing.dagbag.BundleDagBag","filename":"dagbag.py","lineno":460}
{"timestamp":"2026-07-13T09:36:08.477751Z","level":"warning","event":"Setting email on a task is deprecated; please migrate to SmtpNotifier.","category":"UserWarning","filename":"/home/airflow/.local/lib/python3.13/site-packages/airflow/providers/standard/operators/python.py","lineno":194,"logger":"py.warnings"}
{"timestamp":"2026-07-13T09:36:08.477999Z","level":"warning","event":"Setting email_on_retry on a task is deprecated; please migrate to SmtpNotifier.","category":"UserWarning","filename":"/home/airflow/.local/lib/python3.13/site-packages/airflow/providers/standard/operators/python.py","lineno":194,"logger":"py.warnings"}
{"timestamp":"2026-07-13T09:36:08.478117Z","level":"warning","event":"Setting email_on_failure on a task is deprecated; please migrate to SmtpNotifier.","category":"UserWarning","filename":"/home/airflow/.local/lib/python3.13/site-packages/airflow/providers/standard/operators/python.py","lineno":194,"logger":"py.warnings"}
{"timestamp":"2026-07-13T09:36:49.368796Z","level":"info","event":"Filling up the DagBag from /opt/airflow/dags/scrape_dag.py","logger":"airflow.dag_processing.dagbag.BundleDagBag","filename":"dagbag.py","lineno":460}
{"timestamp":"2026-07-13T09:36:49.699978Z","level":"warning","event":"Setting email on a task is deprecated; please migrate to SmtpNotifier.","category":"UserWarning","filename":"/home/airflow/.local/lib/python3.13/site-packages/airflow/providers/standard/operators/python.py","lineno":194,"logger":"py.warnings"}
{"timestamp":"2026-07-13T09:36:49.700387Z","level":"warning","event":"Setting email_on_retry on a task is deprecated; please migrate to SmtpNotifier.","category":"UserWarning","filename":"/home/airflow/.local/lib/python3.13/site-packages/airflow/providers/standard/operators/python.py","lineno":194,"logger":"py.warnings"}
{"timestamp":"2026-07-13T09:36:49.700555Z","level":"warning","event":"Setting email_on_failure on a task is deprecated; please migrate to SmtpNotifier.","category":"UserWarning","filename":"/home/airflow/.local/lib/python3.13/site-packages/airflow/providers/standard/operators/python.py","lineno":194,"logger":"py.warnings"}
{"timestamp":"2026-07-13T09:37:24.664819Z","level":"info","event":"Filling up the DagBag from /opt/airflow/dags/scrape_dag.py","logger":"airflow.dag_processing.dagbag.BundleDagBag","filename":"dagbag.py","lineno":460}
{"timestamp":"2026-07-13T09:37:26.478660Z","level":"warning","event":"Setting email on a task is deprecated; please migrate to SmtpNotifier.","category":"UserWarning","filename":"/home/airflow/.local/lib/python3.13/site-packages/airflow/providers/standard/operators/python.py","lineno":194,"logger":"py.warnings"}
{"timestamp":"2026-07-13T09:37:26.479377Z","level":"warning","event":"Setting email_on_retry on a task is deprecated; please migrate to SmtpNotifier.","category":"UserWarning","filename":"/home/airflow/.local/lib/python3.13/site-packages/airflow/providers/standard/operators/python.py","lineno":194,"logger":"py.warnings"}
{"timestamp":"2026-07-13T09:37:26.479595Z","level":"warning","event":"Setting email_on_failure on a task is deprecated; please migrate to SmtpNotifier.","category":"UserWarning","filename":"/home/airflow/.local/lib/python3.13/site-packages/airflow/providers/standard/operators/python.py","lineno":194,"logger":"py.warnings"}
{"timestamp":"2026-07-13T09:38:05.959779Z","level":"info","event":"Filling up the DagBag from /opt/airflow/dags/scrape_dag.py","logger":"airflow.dag_processing.dagbag.BundleDagBag","filename":"dagbag.py","lineno":460}
{"timestamp":"2026-07-13T09:38:06.525664Z","level":"warning","event":"Setting email on a task is deprecated; please migrate to SmtpNotifier.","category":"UserWarning","filename":"/home/airflow/.local/lib/python3.13/site-packages/airflow/providers/standard/operators/python.py","lineno":194,"logger":"py.warnings"}
{"timestamp":"2026-07-13T09:38:06.527576Z","level":"warning","event":"Setting email_on_retry on a task is deprecated; please migrate to SmtpNotifier.","category":"UserWarning","filename":"/home/airflow/.local/lib/python3.13/site-packages/airflow/providers/standard/operators/python.py","lineno":194,"logger":"py.warnings"}
{"timestamp":"2026-07-13T09:38:06.527650Z","level":"warning","event":"Setting email_on_failure on a task is deprecated; please migrate to SmtpNotifier.","category":"UserWarning","filename":"/home/airflow/.local/lib/python3.13/site-packages/airflow/providers/standard/operators/python.py","lineno":194,"logger":"py.warnings"}
{"timestamp":"2026-07-13T09:38:48.622348Z","level":"info","event":"Filling up the DagBag from /opt/airflow/dags/scrape_dag.py","logger":"airflow.dag_processing.dagbag.BundleDagBag","filename":"dagbag.py","lineno":460}
{"timestamp":"2026-07-13T09:38:49.057722Z","level":"warning","event":"Setting email on a task is deprecated; please migrate to SmtpNotifier.","category":"UserWarning","filename":"/home/airflow/.local/lib/python3.13/site-packages/airflow/providers/standard/operators/python.py","lineno":194,"logger":"py.warnings"}
{"timestamp":"2026-07-13T09:38:49.059335Z","level":"warning","event":"Setting email_on_retry on a task is deprecated; please migrate to SmtpNotifier.","category":"UserWarning","filename":"/home/airflow/.local/lib/python3.13/site-packages/airflow/providers/standard/operators/python.py","lineno":194,"logger":"py.warnings"}
{"timestamp":"2026-07-13T09:38:49.059480Z","level":"warning","event":"Setting email_on_failure on a task is deprecated; please migrate to SmtpNotifier.","category":"UserWarning","filename":"/home/airflow/.local/lib/python3.13/site-packages/airflow/providers/standard/operators/python.py","lineno":194,"logger":"py.warnings"}
{"timestamp":"2026-07-13T09:39:19.567784Z","level":"info","event":"Filling up the DagBag from /opt/airflow/dags/scrape_dag.py","logger":"airflow.dag_processing.dagbag.BundleDagBag","filename":"dagbag.py","lineno":460}
{"timestamp":"2026-07-13T09:39:20.313259Z","level":"warning","event":"Setting email on a task is deprecated; please migrate to SmtpNotifier.","category":"UserWarning","filename":"/home/airflow/.local/lib/python3.13/site-packages/airflow/providers/standard/operators/python.py","lineno":194,"logger":"py.warnings"}
{"timestamp":"2026-07-13T09:39:20.316693Z","level":"warning","event":"Setting email_on_retry on a task is deprecated; please migrate to SmtpNotifier.","category":"UserWarning","filename":"/home/airflow/.local/lib/python3.13/site-packages/airflow/providers/standard/operators/python.py","lineno":194,"logger":"py.warnings"}
{"timestamp":"2026-07-13T09:39:20.317242Z","level":"warning","event":"Setting email_on_failure on a task is deprecated; please migrate to SmtpNotifier.","category":"UserWarning","filename":"/home/airflow/.local/lib/python3.13/site-packages/airflow/providers/standard/operators/python.py","lineno":194,"logger":"py.warnings"}
{"timestamp":"2026-07-13T09:39:51.599682Z","level":"info","event":"Filling up the DagBag from /opt/airflow/dags/scrape_dag.py","logger":"airflow.dag_processing.dagbag.BundleDagBag","filename":"dagbag.py","lineno":460}
{"timestamp":"2026-07-13T09:39:51.817167Z","level":"warning","event":"Setting email on a task is deprecated; please migrate to SmtpNotifier.","category":"UserWarning","filename":"/home/airflow/.local/lib/python3.13/site-packages/airflow/providers/standard/operators/python.py","lineno":194,"logger":"py.warnings"}
{"timestamp":"2026-07-13T09:39:51.817288Z","level":"warning","event":"Setting email_on_retry on a task is deprecated; please migrate to SmtpNotifier.","category":"UserWarning","filename":"/home/airflow/.local/lib/python3.13/site-packages/airflow/providers/standard/operators/python.py","lineno":194,"logger":"py.warnings"}
{"timestamp":"2026-07-13T09:39:51.817329Z","level":"warning","event":"Setting email_on_failure on a task is deprecated; please migrate to SmtpNotifier.","category":"UserWarning","filename":"/home/airflow/.local/lib/python3.13/site-packages/airflow/providers/standard/operators/python.py","lineno":194,"logger":"py.warnings"}
{"timestamp":"2026-07-13T09:40:23.682623Z","level":"info","event":"Filling up the DagBag from /opt/airflow/dags/scrape_dag.py","logger":"airflow.dag_processing.dagbag.BundleDagBag","filename":"dagbag.py","lineno":460}
{"timestamp":"2026-07-13T09:40:24.980910Z","level":"warning","event":"Setting email on a task is deprecated; please migrate to SmtpNotifier.","category":"UserWarning","filename":"/home/airflow/.local/lib/python3.13/site-packages/airflow/providers/standard/operators/python.py","lineno":194,"logger":"py.warnings"}
{"timestamp":"2026-07-13T09:40:24.982850Z","level":"warning","event":"Setting email_on_retry on a task is deprecated; please migrate to SmtpNotifier.","category":"UserWarning","filename":"/home/airflow/.local/lib/python3.13/site-packages/airflow/providers/standard/operators/python.py","lineno":194,"logger":"py.warnings"}
{"timestamp":"2026-07-13T09:40:24.983686Z","level":"warning","event":"Setting email_on_failure on a task is deprecated; please migrate to SmtpNotifier.","category":"UserWarning","filename":"/home/airflow/.local/lib/python3.13/site-packages/airflow/providers/standard/operators/python.py","lineno":194,"logger":"py.warnings"}
{"timestamp":"2026-07-13T09:41:16.379927Z","level":"info","event":"Filling up the DagBag from /opt/airflow/dags/scrape_dag.py","logger":"airflow.dag_processing.dagbag.BundleDagBag","filename":"dagbag.py","lineno":460}
{"timestamp":"2026-07-13T09:41:16.767473Z","level":"warning","event":"Setting email on a task is deprecated; please migrate to SmtpNotifier.","category":"UserWarning","filename":"/home/airflow/.local/lib/python3.13/site-packages/airflow/providers/standard/operators/python.py","lineno":194,"logger":"py.warnings"}
{"timestamp":"2026-07-13T09:41:16.767787Z","level":"warning","event":"Setting email_on_retry on a task is deprecated; please migrate to SmtpNotifier.","category":"UserWarning","filename":"/home/airflow/.local/lib/python3.13/site-packages/airflow/providers/standard/operators/python.py","lineno":194,"logger":"py.warnings"}
{"timestamp":"2026-07-13T09:41:16.767889Z","level":"warning","event":"Setting email_on_failure on a task is deprecated; please migrate to SmtpNotifier.","category":"UserWarning","filename":"/home/airflow/.local/lib/python3.13/site-packages/airflow/providers/standard/operators/python.py","lineno":194,"logger":"py.warnings"}
{"timestamp":"2026-07-13T09:42:02.399673Z","level":"info","event":"Filling up the DagBag from /opt/airflow/dags/scrape_dag.py","logger":"airflow.dag_processing.dagbag.BundleDagBag","filename":"dagbag.py","lineno":460}
{"timestamp":"2026-07-13T09:42:03.908755Z","level":"warning","event":"Setting email on a task is deprecated; please migrate to SmtpNotifier.","category":"UserWarning","filename":"/home/airflow/.local/lib/python3.13/site-packages/airflow/providers/standard/operators/python.py","lineno":194,"logger":"py.warnings"}
{"timestamp":"2026-07-13T09:42:03.914516Z","level":"warning","event":"Setting email_on_retry on a task is deprecated; please migrate to SmtpNotifier.","category":"UserWarning","filename":"/home/airflow/.local/lib/python3.13/site-packages/airflow/providers/standard/operators/python.py","lineno":194,"logger":"py.warnings"}
{"timestamp":"2026-07-13T09:42:03.914855Z","level":"warning","event":"Setting email_on_failure on a task is deprecated; please migrate to SmtpNotifier.","category":"UserWarning","filename":"/home/airflow/.local/lib/python3.13/site-packages/airflow/providers/standard/operators/python.py","lineno":194,"logger":"py.warnings"}
{"timestamp":"2026-07-13T09:42:59.296935Z","level":"info","event":"Filling up the DagBag from /opt/airflow/dags/scrape_dag.py","logger":"airflow.dag_processing.dagbag.BundleDagBag","filename":"dagbag.py","lineno":460}
{"timestamp":"2026-07-13T09:42:59.986734Z","level":"warning","event":"Setting email on a task is deprecated; please migrate to SmtpNotifier.","category":"UserWarning","filename":"/home/airflow/.local/lib/python3.13/site-packages/airflow/providers/standard/operators/python.py","lineno":194,"logger":"py.warnings"}
{"timestamp":"2026-07-13T09:42:59.989503Z","level":"warning","event":"Setting email_on_retry on a task is deprecated; please migrate to SmtpNotifier.","category":"UserWarning","filename":"/home/airflow/.local/lib/python3.13/site-packages/airflow/providers/standard/operators/python.py","lineno":194,"logger":"py.warnings"}
{"timestamp":"2026-07-13T09:42:59.990154Z","level":"warning","event":"Setting email_on_failure on a task is deprecated; please migrate to SmtpNotifier.","category":"UserWarning","filename":"/home/airflow/.local/lib/python3.13/site-packages/airflow/providers/standard/operators/python.py","lineno":194,"logger":"py.warnings"}
{"timestamp":"2026-07-13T09:44:00.904387Z","level":"info","event":"Filling up the DagBag from /opt/airflow/dags/scrape_dag.py","logger":"airflow.dag_processing.dagbag.BundleDagBag","filename":"dagbag.py","lineno":460}
{"timestamp":"2026-07-13T09:44:01.790883Z","level":"warning","event":"Setting email on a task is deprecated; please migrate to SmtpNotifier.","category":"UserWarning","filename":"/home/airflow/.local/lib/python3.13/site-packages/airflow/providers/standard/operators/python.py","lineno":194,"logger":"py.warnings"}
{"timestamp":"2026-07-13T09:44:01.791234Z","level":"warning","event":"Setting email_on_retry on a task is deprecated; please migrate to SmtpNotifier.","category":"UserWarning","filename":"/home/airflow/.local/lib/python3.13/site-packages/airflow/providers/standard/operators/python.py","lineno":194,"logger":"py.warnings"}
{"timestamp":"2026-07-13T09:44:01.791350Z","level":"warning","event":"Setting email_on_failure on a task is deprecated; please migrate to SmtpNotifier.","category":"UserWarning","filename":"/home/airflow/.local/lib/python3.13/site-packages/airflow/providers/standard/operators/python.py","lineno":194,"logger":"py.warnings"}
{"timestamp":"2026-07-13T09:44:41.654662Z","level":"info","event":"Filling up the DagBag from /opt/airflow/dags/scrape_dag.py","logger":"airflow.dag_processing.dagbag.BundleDagBag","filename":"dagbag.py","lineno":460}
{"timestamp":"2026-07-13T09:44:42.286462Z","level":"warning","event":"Setting email on a task is deprecated; please migrate to SmtpNotifier.","category":"UserWarning","filename":"/home/airflow/.local/lib/python3.13/site-packages/airflow/providers/standard/operators/python.py","lineno":194,"logger":"py.warnings"}
{"timestamp":"2026-07-13T09:44:42.288450Z","level":"warning","event":"Setting email_on_retry on a task is deprecated; please migrate to SmtpNotifier.","category":"UserWarning","filename":"/home/airflow/.local/lib/python3.13/site-packages/airflow/providers/standard/operators/python.py","lineno":194,"logger":"py.warnings"}
{"timestamp":"2026-07-13T09:44:42.288797Z","level":"warning","event":"Setting email_on_failure on a task is deprecated; please migrate to SmtpNotifier.","category":"UserWarning","filename":"/home/airflow/.local/lib/python3.13/site-packages/airflow/providers/standard/operators/python.py","lineno":194,"logger":"py.warnings"}
{"timestamp":"2026-07-13T09:45:18.695351Z","level":"info","event":"Filling up the DagBag from /opt/airflow/dags/scrape_dag.py","logger":"airflow.dag_processing.dagbag.BundleDagBag","filename":"dagbag.py","lineno":460}
{"timestamp":"2026-07-13T09:45:20.960383Z","level":"warning","event":"Setting email on a task is deprecated; please migrate to SmtpNotifier.","category":"UserWarning","filename":"/home/airflow/.local/lib/python3.13/site-packages/airflow/providers/standard/operators/python.py","lineno":194,"logger":"py.warnings"}
{"timestamp":"2026-07-13T09:45:20.961089Z","level":"warning","event":"Setting email_on_retry on a task is deprecated; please migrate to SmtpNotifier.","category":"UserWarning","filename":"/home/airflow/.local/lib/python3.13/site-packages/airflow/providers/standard/operators/python.py","lineno":194,"logger":"py.warnings"}
{"timestamp":"2026-07-13T09:45:20.961271Z","level":"warning","event":"Setting email_on_failure on a task is deprecated; please migrate to SmtpNotifier.","category":"UserWarning","filename":"/home/airflow/.local/lib/python3.13/site-packages/airflow/providers/standard/operators/python.py","lineno":194,"logger":"py.warnings"}
{"timestamp":"2026-07-13T09:45:59.603276Z","level":"info","event":"Filling up the DagBag from /opt/airflow/dags/scrape_dag.py","logger":"airflow.dag_processing.dagbag.BundleDagBag","filename":"dagbag.py","lineno":460}
{"timestamp":"2026-07-13T09:46:01.039804Z","level":"warning","event":"Setting email on a task is deprecated; please migrate to SmtpNotifier.","category":"UserWarning","filename":"/home/airflow/.local/lib/python3.13/site-packages/airflow/providers/standard/operators/python.py","lineno":194,"logger":"py.warnings"}
{"timestamp":"2026-07-13T09:46:01.041565Z","level":"warning","event":"Setting email_on_retry on a task is deprecated; please migrate to SmtpNotifier.","category":"UserWarning","filename":"/home/airflow/.local/lib/python3.13/site-packages/airflow/providers/standard/operators/python.py","lineno":194,"logger":"py.warnings"}
{"timestamp":"2026-07-13T09:46:01.042319Z","level":"warning","event":"Setting email_on_failure on a task is deprecated; please migrate to SmtpNotifier.","category":"UserWarning","filename":"/home/airflow/.local/lib/python3.13/site-packages/airflow/providers/standard/operators/python.py","lineno":194,"logger":"py.warnings"}
{"timestamp":"2026-07-13T09:46:32.268772Z","level":"info","event":"Filling up the DagBag from /opt/airflow/dags/scrape_dag.py","logger":"airflow.dag_processing.dagbag.BundleDagBag","filename":"dagbag.py","lineno":460}
{"timestamp":"2026-07-13T09:46:32.470238Z","level":"warning","event":"Setting email on a task is deprecated; please migrate to SmtpNotifier.","category":"UserWarning","filename":"/home/airflow/.local/lib/python3.13/site-packages/airflow/providers/standard/operators/python.py","lineno":194,"logger":"py.warnings"}
{"timestamp":"2026-07-13T09:46:32.470409Z","level":"warning","event":"Setting email_on_retry on a task is deprecated; please migrate to SmtpNotifier.","category":"UserWarning","filename":"/home/airflow/.local/lib/python3.13/site-packages/airflow/providers/standard/operators/python.py","lineno":194,"logger":"py.warnings"}
{"timestamp":"2026-07-13T09:46:32.470462Z","level":"warning","event":"Setting email_on_failure on a task is deprecated; please migrate to SmtpNotifier.","category":"UserWarning","filename":"/home/airflow/.local/lib/python3.13/site-packages/airflow/providers/standard/operators/python.py","lineno":194,"logger":"py.warnings"}
{"timestamp":"2026-07-13T09:47:26.601636Z","level":"info","event":"Filling up the DagBag from /opt/airflow/dags/scrape_dag.py","logger":"airflow.dag_processing.dagbag.BundleDagBag","filename":"dagbag.py","lineno":460}
{"timestamp":"2026-07-13T09:47:27.124924Z","level":"warning","event":"Setting email on a task is deprecated; please migrate to SmtpNotifier.","category":"UserWarning","filename":"/home/airflow/.local/lib/python3.13/site-packages/airflow/providers/standard/operators/python.py","lineno":194,"logger":"py.warnings"}
{"timestamp":"2026-07-13T09:47:27.126269Z","level":"warning","event":"Setting email_on_retry on a task is deprecated; please migrate to SmtpNotifier.","category":"UserWarning","filename":"/home/airflow/.local/lib/python3.13/site-packages/airflow/providers/standard/operators/python.py","lineno":194,"logger":"py.warnings"}
{"timestamp":"2026-07-13T09:47:27.126480Z","level":"warning","event":"Setting email_on_failure on a task is deprecated; please migrate to SmtpNotifier.","category":"UserWarning","filename":"/home/airflow/.local/lib/python3.13/site-packages/airflow/providers/standard/operators/python.py","lineno":194,"logger":"py.warnings"}
{"timestamp":"2026-07-13T09:47:57.814886Z","level":"info","event":"Filling up the DagBag from /opt/airflow/dags/scrape_dag.py","logger":"airflow.dag_processing.dagbag.BundleDagBag","filename":"dagbag.py","lineno":460}
{"timestamp":"2026-07-13T09:47:57.965189Z","level":"warning","event":"Setting email on a task is deprecated; please migrate to SmtpNotifier.","category":"UserWarning","filename":"/home/airflow/.local/lib/python3.13/site-packages/airflow/providers/standard/operators/python.py","lineno":194,"logger":"py.warnings"}
{"timestamp":"2026-07-13T09:47:57.965325Z","level":"warning","event":"Setting email_on_retry on a task is deprecated; please migrate to SmtpNotifier.","category":"UserWarning","filename":"/home/airflow/.local/lib/python3.13/site-packages/airflow/providers/standard/operators/python.py","lineno":194,"logger":"py.warnings"}
{"timestamp":"2026-07-13T09:47:57.965391Z","level":"warning","event":"Setting email_on_failure on a task is deprecated; please migrate to SmtpNotifier.","category":"UserWarning","filename":"/home/airflow/.local/lib/python3.13/site-packages/airflow/providers/standard/operators/python.py","lineno":194,"logger":"py.warnings"}
{"timestamp":"2026-07-13T09:48:34.911945Z","level":"info","event":"Filling up the DagBag from /opt/airflow/dags/scrape_dag.py","logger":"airflow.dag_processing.dagbag.BundleDagBag","filename":"dagbag.py","lineno":460}
{"timestamp":"2026-07-13T09:48:35.376153Z","level":"warning","event":"Setting email on a task is deprecated; please migrate to SmtpNotifier.","category":"UserWarning","filename":"/home/airflow/.local/lib/python3.13/site-packages/airflow/providers/standard/operators/python.py","lineno":194,"logger":"py.warnings"}
{"timestamp":"2026-07-13T09:48:35.376762Z","level":"warning","event":"Setting email_on_retry on a task is deprecated; please migrate to SmtpNotifier.","category":"UserWarning","filename":"/home/airflow/.local/lib/python3.13/site-packages/airflow/providers/standard/operators/python.py","lineno":194,"logger":"py.warnings"}
{"timestamp":"2026-07-13T09:48:35.376865Z","level":"warning","event":"Setting email_on_failure on a task is deprecated; please migrate to SmtpNotifier.","category":"UserWarning","filename":"/home/airflow/.local/lib/python3.13/site-packages/airflow/providers/standard/operators/python.py","lineno":194,"logger":"py.warnings"}
{"timestamp":"2026-07-13T09:49:06.283402Z","level":"info","event":"Filling up the DagBag from /opt/airflow/dags/scrape_dag.py","logger":"airflow.dag_processing.dagbag.BundleDagBag","filename":"dagbag.py","lineno":460}
{"timestamp":"2026-07-13T09:49:06.530267Z","level":"warning","event":"Setting email on a task is deprecated; please migrate to SmtpNotifier.","category":"UserWarning","filename":"/home/airflow/.local/lib/python3.13/site-packages/airflow/providers/standard/operators/python.py","lineno":194,"logger":"py.warnings"}
{"timestamp":"2026-07-13T09:49:06.530385Z","level":"warning","event":"Setting email_on_retry on a task is deprecated; please migrate to SmtpNotifier.","category":"UserWarning","filename":"/home/airflow/.local/lib/python3.13/site-packages/airflow/providers/standard/operators/python.py","lineno":194,"logger":"py.warnings"}
{"timestamp":"2026-07-13T09:49:06.530422Z","level":"warning","event":"Setting email_on_failure on a task is deprecated; please migrate to SmtpNotifier.","category":"UserWarning","filename":"/home/airflow/.local/lib/python3.13/site-packages/airflow/providers/standard/operators/python.py","lineno":194,"logger":"py.warnings"}
{"timestamp":"2026-07-13T09:49:36.834627Z","level":"info","event":"Filling up the DagBag from /opt/airflow/dags/scrape_dag.py","logger":"airflow.dag_processing.dagbag.BundleDagBag","filename":"dagbag.py","lineno":460}
{"timestamp":"2026-07-13T09:49:37.215934Z","level":"warning","event":"Setting email on a task is deprecated; please migrate to SmtpNotifier.","category":"UserWarning","filename":"/home/airflow/.local/lib/python3.13/site-packages/airflow/providers/standard/operators/python.py","lineno":194,"logger":"py.warnings"}
{"timestamp":"2026-07-13T09:49:37.216412Z","level":"warning","event":"Setting email_on_retry on a task is deprecated; please migrate to SmtpNotifier.","category":"UserWarning","filename":"/home/airflow/.local/lib/python3.13/site-packages/airflow/providers/standard/operators/python.py","lineno":194,"logger":"py.warnings"}
{"timestamp":"2026-07-13T09:49:37.216519Z","level":"warning","event":"Setting email_on_failure on a task is deprecated; please migrate to SmtpNotifier.","category":"UserWarning","filename":"/home/airflow/.local/lib/python3.13/site-packages/airflow/providers/standard/operators/python.py","lineno":194,"logger":"py.warnings"}
{"timestamp":"2026-07-13T09:50:14.551501Z","level":"info","event":"Filling up the DagBag from /opt/airflow/dags/scrape_dag.py","logger":"airflow.dag_processing.dagbag.BundleDagBag","filename":"dagbag.py","lineno":460}
{"timestamp":"2026-07-13T09:50:15.328970Z","level":"warning","event":"Setting email on a task is deprecated; please migrate to SmtpNotifier.","category":"UserWarning","filename":"/home/airflow/.local/lib/python3.13/site-packages/airflow/providers/standard/operators/python.py","lineno":194,"logger":"py.warnings"}
{"timestamp":"2026-07-13T09:50:15.330513Z","level":"warning","event":"Setting email_on_retry on a task is deprecated; please migrate to SmtpNotifier.","category":"UserWarning","filename":"/home/airflow/.local/lib/python3.13/site-packages/airflow/providers/standard/operators/python.py","lineno":194,"logger":"py.warnings"}
{"timestamp":"2026-07-13T09:50:15.330652Z","level":"warning","event":"Setting email_on_failure on a task is deprecated; please migrate to SmtpNotifier.","category":"UserWarning","filename":"/home/airflow/.local/lib/python3.13/site-packages/airflow/providers/standard/operators/python.py","lineno":194,"logger":"py.warnings"}
{"timestamp":"2026-07-13T09:50:45.591336Z","level":"info","event":"Filling up the DagBag from /opt/airflow/dags/scrape_dag.py","logger":"airflow.dag_processing.dagbag.BundleDagBag","filename":"dagbag.py","lineno":460}
{"timestamp":"2026-07-13T09:50:45.780740Z","level":"warning","event":"Setting email on a task is deprecated; please migrate to SmtpNotifier.","category":"UserWarning","filename":"/home/airflow/.local/lib/python3.13/site-packages/airflow/providers/standard/operators/python.py","lineno":194,"logger":"py.warnings"}
{"timestamp":"2026-07-13T09:50:45.780923Z","level":"warning","event":"Setting email_on_retry on a task is deprecated; please migrate to SmtpNotifier.","category":"UserWarning","filename":"/home/airflow/.local/lib/python3.13/site-packages/airflow/providers/standard/operators/python.py","lineno":194,"logger":"py.warnings"}
{"timestamp":"2026-07-13T09:50:45.781015Z","level":"warning","event":"Setting email_on_failure on a task is deprecated; please migrate to SmtpNotifier.","category":"UserWarning","filename":"/home/airflow/.local/lib/python3.13/site-packages/airflow/providers/standard/operators/python.py","lineno":194,"logger":"py.warnings"}
{"timestamp":"2026-07-13T09:51:16.074018Z","level":"info","event":"Filling up the DagBag from /opt/airflow/dags/scrape_dag.py","logger":"airflow.dag_processing.dagbag.BundleDagBag","filename":"dagbag.py","lineno":460}
{"timestamp":"2026-07-13T09:51:16.274143Z","level":"warning","event":"Setting email on a task is deprecated; please migrate to SmtpNotifier.","category":"UserWarning","filename":"/home/airflow/.local/lib/python3.13/site-packages/airflow/providers/standard/operators/python.py","lineno":194,"logger":"py.warnings"}
{"timestamp":"2026-07-13T09:51:16.274294Z","level":"warning","event":"Setting email_on_retry on a task is deprecated; please migrate to SmtpNotifier.","category":"UserWarning","filename":"/home/airflow/.local/lib/python3.13/site-packages/airflow/providers/standard/operators/python.py","lineno":194,"logger":"py.warnings"}
{"timestamp":"2026-07-13T09:51:16.274356Z","level":"warning","event":"Setting email_on_failure on a task is deprecated; please migrate to SmtpNotifier.","category":"UserWarning","filename":"/home/airflow/.local/lib/python3.13/site-packages/airflow/providers/standard/operators/python.py","lineno":194,"logger":"py.warnings"}
{"timestamp":"2026-07-13T09:51:46.582539Z","level":"info","event":"Filling up the DagBag from /opt/airflow/dags/scrape_dag.py","logger":"airflow.dag_processing.dagbag.BundleDagBag","filename":"dagbag.py","lineno":460}
{"timestamp":"2026-07-13T09:51:46.748065Z","level":"warning","event":"Setting email on a task is deprecated; please migrate to SmtpNotifier.","category":"UserWarning","filename":"/home/airflow/.local/lib/python3.13/site-packages/airflow/providers/standard/operators/python.py","lineno":194,"logger":"py.warnings"}
{"timestamp":"2026-07-13T09:51:46.748351Z","level":"warning","event":"Setting email_on_retry on a task is deprecated; please migrate to SmtpNotifier.","category":"UserWarning","filename":"/home/airflow/.local/lib/python3.13/site-packages/airflow/providers/standard/operators/python.py","lineno":194,"logger":"py.warnings"}
{"timestamp":"2026-07-13T09:51:46.748474Z","level":"warning","event":"Setting email_on_failure on a task is deprecated; please migrate to SmtpNotifier.","category":"UserWarning","filename":"/home/airflow/.local/lib/python3.13/site-packages/airflow/providers/standard/operators/python.py","lineno":194,"logger":"py.warnings"}
{"timestamp":"2026-07-13T09:52:17.416792Z","level":"info","event":"Filling up the DagBag from /opt/airflow/dags/scrape_dag.py","logger":"airflow.dag_processing.dagbag.BundleDagBag","filename":"dagbag.py","lineno":460}
{"timestamp":"2026-07-13T09:52:17.779169Z","level":"warning","event":"Setting email on a task is deprecated; please migrate to SmtpNotifier.","category":"UserWarning","filename":"/home/airflow/.local/lib/python3.13/site-packages/airflow/providers/standard/operators/python.py","lineno":194,"logger":"py.warnings"}
{"timestamp":"2026-07-13T09:52:17.780111Z","level":"warning","event":"Setting email_on_retry on a task is deprecated; please migrate to SmtpNotifier.","category":"UserWarning","filename":"/home/airflow/.local/lib/python3.13/site-packages/airflow/providers/standard/operators/python.py","lineno":194,"logger":"py.warnings"}
{"timestamp":"2026-07-13T09:52:17.780370Z","level":"warning","event":"Setting email_on_failure on a task is deprecated; please migrate to SmtpNotifier.","category":"UserWarning","filename":"/home/airflow/.local/lib/python3.13/site-packages/airflow/providers/standard/operators/python.py","lineno":194,"logger":"py.warnings"}
{"timestamp":"2026-07-13T09:52:48.809129Z","level":"info","event":"Filling up the DagBag from /opt/airflow/dags/scrape_dag.py","logger":"airflow.dag_processing.dagbag.BundleDagBag","filename":"dagbag.py","lineno":460}
{"timestamp":"2026-07-13T09:52:50.883064Z","level":"warning","event":"Setting email on a task is deprecated; please migrate to SmtpNotifier.","category":"UserWarning","filename":"/home/airflow/.local/lib/python3.13/site-packages/airflow/providers/standard/operators/python.py","lineno":194,"logger":"py.warnings"}
{"timestamp":"2026-07-13T09:52:50.885065Z","level":"warning","event":"Setting email_on_retry on a task is deprecated; please migrate to SmtpNotifier.","category":"UserWarning","filename":"/home/airflow/.local/lib/python3.13/site-packages/airflow/providers/standard/operators/python.py","lineno":194,"logger":"py.warnings"}
{"timestamp":"2026-07-13T09:52:50.886077Z","level":"warning","event":"Setting email_on_failure on a task is deprecated; please migrate to SmtpNotifier.","category":"UserWarning","filename":"/home/airflow/.local/lib/python3.13/site-packages/airflow/providers/standard/operators/python.py","lineno":194,"logger":"py.warnings"}
{"timestamp":"2026-07-13T09:53:22.406127Z","level":"info","event":"Filling up the DagBag from /opt/airflow/dags/scrape_dag.py","logger":"airflow.dag_processing.dagbag.BundleDagBag","filename":"dagbag.py","lineno":460}
{"timestamp":"2026-07-13T09:53:23.719193Z","level":"warning","event":"Setting email on a task is deprecated; please migrate to SmtpNotifier.","category":"UserWarning","filename":"/home/airflow/.local/lib/python3.13/site-packages/airflow/providers/standard/operators/python.py","lineno":194,"logger":"py.warnings"}
{"timestamp":"2026-07-13T09:53:23.719613Z","level":"warning","event":"Setting email_on_retry on a task is deprecated; please migrate to SmtpNotifier.","category":"UserWarning","filename":"/home/airflow/.local/lib/python3.13/site-packages/airflow/providers/standard/operators/python.py","lineno":194,"logger":"py.warnings"}
{"timestamp":"2026-07-13T09:53:23.719758Z","level":"warning","event":"Setting email_on_failure on a task is deprecated; please migrate to SmtpNotifier.","category":"UserWarning","filename":"/home/airflow/.local/lib/python3.13/site-packages/airflow/providers/standard/operators/python.py","lineno":194,"logger":"py.warnings"}
{"timestamp":"2026-07-13T09:54:00.216953Z","level":"warning","event":"Error when trying to pre-import module 'airflow.hooks.base_hook' found in /opt/airflow/dags/scrape_dag.py: No module named 'airflow.hooks.base_hook'","logger":"processor"}
{"timestamp":"2026-07-13T09:54:00.218504Z","level":"warning","event":"Error when trying to pre-import module 'airflow.contrib.operators.slack_webhook_operator' found in /opt/airflow/dags/scrape_dag.py: No module named 'airflow.contrib'","logger":"processor"}
{"timestamp":"2026-07-13T09:54:00.282696Z","level":"info","event":"Filling up the DagBag from /opt/airflow/dags/scrape_dag.py","logger":"airflow.dag_processing.dagbag.BundleDagBag","filename":"dagbag.py","lineno":460}
{"timestamp":"2026-07-13T09:54:00.303933Z","level":"error","event":"Failed to import: /opt/airflow/dags/scrape_dag.py","logger":"airflow.dag_processing.importers.python_importer","filename":"python_importer.py","lineno":244,"error_detail":[{"exc_type":"ModuleNotFoundError","exc_value":"No module named 'airflow.hooks.base_hook'","exc_notes":[],"syntax_error":null,"is_cause":false,"frames":[{"filename":"/home/airflow/.local/lib/python3.13/site-packages/airflow/dag_processing/importers/python_importer.py","lineno":238,"name":"parse"},{"filename":"<frozen importlib._bootstrap_external>","lineno":1023,"name":"exec_module"},{"filename":"<frozen importlib._bootstrap>","lineno":488,"name":"_call_with_frames_removed"},{"filename":"/opt/airflow/dags/scrape_dag.py","lineno":5,"name":"<module>"}],"is_group":false,"exceptions":[]}]}
{"timestamp":"2026-07-13T09:54:00.318353Z","level":"error","event":"Error loading DAG from scrape_dag.py: No module named 'airflow.hooks.base_hook'","logger":"airflow.dag_processing.dagbag.BundleDagBag","filename":"dagbag.py","lineno":319}
{"timestamp":"2026-07-13T09:54:41.445171Z","level":"warning","event":"Error when trying to pre-import module 'airflow.hooks.base_hook' found in /opt/airflow/dags/scrape_dag.py: No module named 'airflow.hooks.base_hook'","logger":"processor"}
{"timestamp":"2026-07-13T09:54:41.446760Z","level":"warning","event":"Error when trying to pre-import module 'airflow.contrib.operators.slack_webhook_operator' found in /opt/airflow/dags/scrape_dag.py: No module named 'airflow.contrib'","logger":"processor"}
{"timestamp":"2026-07-13T09:54:41.614485Z","level":"info","event":"Filling up the DagBag from /opt/airflow/dags/scrape_dag.py","logger":"airflow.dag_processing.dagbag.BundleDagBag","filename":"dagbag.py","lineno":460}
{"timestamp":"2026-07-13T09:54:41.641357Z","level":"error","event":"Failed to import: /opt/airflow/dags/scrape_dag.py","logger":"airflow.dag_processing.importers.python_importer","filename":"python_importer.py","lineno":244,"error_detail":[{"exc_type":"ModuleNotFoundError","exc_value":"No module named 'airflow.hooks.base_hook'","exc_notes":[],"syntax_error":null,"is_cause":false,"frames":[{"filename":"/home/airflow/.local/lib/python3.13/site-packages/airflow/dag_processing/importers/python_importer.py","lineno":238,"name":"parse"},{"filename":"<frozen importlib._bootstrap_external>","lineno":1023,"name":"exec_module"},{"filename":"<frozen importlib._bootstrap>","lineno":488,"name":"_call_with_frames_removed"},{"filename":"/opt/airflow/dags/scrape_dag.py","lineno":5,"name":"<module>"}],"is_group":false,"exceptions":[]}]}
{"timestamp":"2026-07-13T09:54:41.655913Z","level":"error","event":"Error loading DAG from scrape_dag.py: No module named 'airflow.hooks.base_hook'","logger":"airflow.dag_processing.dagbag.BundleDagBag","filename":"dagbag.py","lineno":319}
{"timestamp":"2026-07-13T09:55:16.595297Z","level":"warning","event":"Error when trying to pre-import module 'airflow.hooks.base_hook' found in /opt/airflow/dags/scrape_dag.py: No module named 'airflow.hooks.base_hook'","logger":"processor"}
{"timestamp":"2026-07-13T09:55:16.596150Z","level":"warning","event":"Error when trying to pre-import module 'airflow.contrib.operators.slack_webhook_operator' found in /opt/airflow/dags/scrape_dag.py: No module named 'airflow.contrib'","logger":"processor"}
{"timestamp":"2026-07-13T09:55:16.648532Z","level":"info","event":"Filling up the DagBag from /opt/airflow/dags/scrape_dag.py","logger":"airflow.dag_processing.dagbag.BundleDagBag","filename":"dagbag.py","lineno":460}
{"timestamp":"2026-07-13T09:55:16.655441Z","level":"error","event":"Failed to import: /opt/airflow/dags/scrape_dag.py","logger":"airflow.dag_processing.importers.python_importer","filename":"python_importer.py","lineno":244,"error_detail":[{"exc_type":"ModuleNotFoundError","exc_value":"No module named 'airflow.hooks.base_hook'","exc_notes":[],"syntax_error":null,"is_cause":false,"frames":[{"filename":"/home/airflow/.local/lib/python3.13/site-packages/airflow/dag_processing/importers/python_importer.py","lineno":238,"name":"parse"},{"filename":"<frozen importlib._bootstrap_external>","lineno":1023,"name":"exec_module"},{"filename":"<frozen importlib._bootstrap>","lineno":488,"name":"_call_with_frames_removed"},{"filename":"/opt/airflow/dags/scrape_dag.py","lineno":5,"name":"<module>"}],"is_group":false,"exceptions":[]}]}
{"timestamp":"2026-07-13T09:55:16.657553Z","level":"error","event":"Error loading DAG from scrape_dag.py: No module named 'airflow.hooks.base_hook'","logger":"airflow.dag_processing.dagbag.BundleDagBag","filename":"dagbag.py","lineno":319}
{"timestamp":"2026-07-13T09:55:47.715364Z","level":"warning","event":"Error when trying to pre-import module 'airflow.hooks.base_hook' found in /opt/airflow/dags/scrape_dag.py: No module named 'airflow.hooks.base_hook'","logger":"processor"}
{"timestamp":"2026-07-13T09:55:47.715873Z","level":"warning","event":"Error when trying to pre-import module 'airflow.contrib.operators.slack_webhook_operator' found in /opt/airflow/dags/scrape_dag.py: No module named 'airflow.contrib'","logger":"processor"}
{"timestamp":"2026-07-13T09:55:47.771136Z","level":"info","event":"Filling up the DagBag from /opt/airflow/dags/scrape_dag.py","logger":"airflow.dag_processing.dagbag.BundleDagBag","filename":"dagbag.py","lineno":460}
{"timestamp":"2026-07-13T09:55:47.800754Z","level":"error","event":"Failed to import: /opt/airflow/dags/scrape_dag.py","logger":"airflow.dag_processing.importers.python_importer","filename":"python_importer.py","lineno":244,"error_detail":[{"exc_type":"ModuleNotFoundError","exc_value":"No module named 'airflow.hooks.base_hook'","exc_notes":[],"syntax_error":null,"is_cause":false,"frames":[{"filename":"/home/airflow/.local/lib/python3.13/site-packages/airflow/dag_processing/importers/python_importer.py","lineno":238,"name":"parse"},{"filename":"<frozen importlib._bootstrap_external>","lineno":1023,"name":"exec_module"},{"filename":"<frozen importlib._bootstrap>","lineno":488,"name":"_call_with_frames_removed"},{"filename":"/opt/airflow/dags/scrape_dag.py","lineno":5,"name":"<module>"}],"is_group":false,"exceptions":[]}]}
{"timestamp":"2026-07-13T09:55:47.805668Z","level":"error","event":"Error loading DAG from scrape_dag.py: No module named 'airflow.hooks.base_hook'","logger":"airflow.dag_processing.dagbag.BundleDagBag","filename":"dagbag.py","lineno":319}
{"timestamp":"2026-07-13T09:56:21.437966Z","level":"warning","event":"Error when trying to pre-import module 'airflow.hooks.base_hook' found in /opt/airflow/dags/scrape_dag.py: No module named 'airflow.hooks.base_hook'","logger":"processor"}
{"timestamp":"2026-07-13T09:56:21.451433Z","level":"warning","event":"Error when trying to pre-import module 'airflow.contrib.operators.slack_webhook_operator' found in /opt/airflow/dags/scrape_dag.py: No module named 'airflow.contrib'","logger":"processor"}
{"timestamp":"2026-07-13T09:56:22.088567Z","level":"info","event":"Filling up the DagBag from /opt/airflow/dags/scrape_dag.py","logger":"airflow.dag_processing.dagbag.BundleDagBag","filename":"dagbag.py","lineno":460}
{"timestamp":"2026-07-13T09:56:22.225102Z","level":"error","event":"Failed to import: /opt/airflow/dags/scrape_dag.py","logger":"airflow.dag_processing.importers.python_importer","filename":"python_importer.py","lineno":244,"error_detail":[{"exc_type":"ModuleNotFoundError","exc_value":"No module named 'airflow.hooks.base_hook'","exc_notes":[],"syntax_error":null,"is_cause":false,"frames":[{"filename":"/home/airflow/.local/lib/python3.13/site-packages/airflow/dag_processing/importers/python_importer.py","lineno":238,"name":"parse"},{"filename":"<frozen importlib._bootstrap_external>","lineno":1023,"name":"exec_module"},{"filename":"<frozen importlib._bootstrap>","lineno":488,"name":"_call_with_frames_removed"},{"filename":"/opt/airflow/dags/scrape_dag.py","lineno":5,"name":"<module>"}],"is_group":false,"exceptions":[]}]}
{"timestamp":"2026-07-13T09:56:22.247604Z","level":"error","event":"Error loading DAG from scrape_dag.py: No module named 'airflow.hooks.base_hook'","logger":"airflow.dag_processing.dagbag.BundleDagBag","filename":"dagbag.py","lineno":319}
{"timestamp":"2026-07-13T09:57:02.730500Z","level":"warning","event":"Error when trying to pre-import module 'airflow.hooks.base_hook' found in /opt/airflow/dags/scrape_dag.py: No module named 'airflow.hooks.base_hook'","logger":"processor"}
{"timestamp":"2026-07-13T09:57:02.732915Z","level":"warning","event":"Error when trying to pre-import module 'airflow.contrib.operators.slack_webhook_operator' found in /opt/airflow/dags/scrape_dag.py: No module named 'airflow.contrib'","logger":"processor"}
{"timestamp":"2026-07-13T09:57:02.956807Z","level":"info","event":"Filling up the DagBag from /opt/airflow/dags/scrape_dag.py","logger":"airflow.dag_processing.dagbag.BundleDagBag","filename":"dagbag.py","lineno":460}
{"timestamp":"2026-07-13T09:57:02.990297Z","level":"error","event":"Failed to import: /opt/airflow/dags/scrape_dag.py","logger":"airflow.dag_processing.importers.python_importer","filename":"python_importer.py","lineno":244,"error_detail":[{"exc_type":"ModuleNotFoundError","exc_value":"No module named 'airflow.hooks.base_hook'","exc_notes":[],"syntax_error":null,"is_cause":false,"frames":[{"filename":"/home/airflow/.local/lib/python3.13/site-packages/airflow/dag_processing/importers/python_importer.py","lineno":238,"name":"parse"},{"filename":"<frozen importlib._bootstrap_external>","lineno":1023,"name":"exec_module"},{"filename":"<frozen importlib._bootstrap>","lineno":488,"name":"_call_with_frames_removed"},{"filename":"/opt/airflow/dags/scrape_dag.py","lineno":5,"name":"<module>"}],"is_group":false,"exceptions":[]}]}
{"timestamp":"2026-07-13T09:57:03.001745Z","level":"error","event":"Error loading DAG from scrape_dag.py: No module named 'airflow.hooks.base_hook'","logger":"airflow.dag_processing.dagbag.BundleDagBag","filename":"dagbag.py","lineno":319}
{"timestamp":"2026-07-13T10:14:43.988085Z","level":"info","event":"Filling up the DagBag from /opt/airflow/dags/scrape_dag.py","logger":"airflow.dag_processing.dagbag.BundleDagBag","filename":"dagbag.py","lineno":460}
{"timestamp":"2026-07-13T10:14:45.106108Z","level":"error","event":"Failed to import: /opt/airflow/dags/scrape_dag.py","logger":"airflow.dag_processing.importers.python_importer","filename":"python_importer.py","lineno":244,"error_detail":[{"exc_type":"NameError","exc_value":"name 'SLACK_WEBHOOK_CONN_ID' is not defined","exc_notes":[],"syntax_error":null,"is_cause":false,"frames":[{"filename":"/home/airflow/.local/lib/python3.13/site-packages/airflow/dag_processing/importers/python_importer.py","lineno":238,"name":"parse"},{"filename":"<frozen importlib._bootstrap_external>","lineno":1023,"name":"exec_module"},{"filename":"<frozen importlib._bootstrap>","lineno":488,"name":"_call_with_frames_removed"},{"filename":"/opt/airflow/dags/scrape_dag.py","lineno":35,"name":"<module>"}],"is_group":false,"exceptions":[]}]}
{"timestamp":"2026-07-13T10:14:45.121072Z","level":"error","event":"Error loading DAG from scrape_dag.py: name 'SLACK_WEBHOOK_CONN_ID' is not defined","logger":"airflow.dag_processing.dagbag.BundleDagBag","filename":"dagbag.py","lineno":319}
{"timestamp":"2026-07-13T10:14:45.122827Z","level":"warning","event":"Setting email on a task is deprecated; please migrate to SmtpNotifier.","category":"UserWarning","filename":"/home/airflow/.local/lib/python3.13/site-packages/airflow/providers/standard/operators/python.py","lineno":194,"logger":"py.warnings"}
{"timestamp":"2026-07-13T10:14:45.123198Z","level":"warning","event":"Setting email_on_retry on a task is deprecated; please migrate to SmtpNotifier.","category":"UserWarning","filename":"/home/airflow/.local/lib/python3.13/site-packages/airflow/providers/standard/operators/python.py","lineno":194,"logger":"py.warnings"}
{"timestamp":"2026-07-13T10:14:45.123341Z","level":"warning","event":"Setting email_on_failure on a task is deprecated; please migrate to SmtpNotifier.","category":"UserWarning","filename":"/home/airflow/.local/lib/python3.13/site-packages/airflow/providers/standard/operators/python.py","lineno":194,"logger":"py.warnings"}
{"timestamp":"2026-07-13T10:15:15.422521Z","level":"info","event":"Filling up the DagBag from /opt/airflow/dags/scrape_dag.py","logger":"airflow.dag_processing.dagbag.BundleDagBag","filename":"dagbag.py","lineno":460}
{"timestamp":"2026-07-13T10:15:15.562454Z","level":"error","event":"Failed to import: /opt/airflow/dags/scrape_dag.py","logger":"airflow.dag_processing.importers.python_importer","filename":"python_importer.py","lineno":244,"error_detail":[{"exc_type":"NameError","exc_value":"name 'SLACK_WEBHOOK_CONN_ID' is not defined","exc_notes":[],"syntax_error":null,"is_cause":false,"frames":[{"filename":"/home/airflow/.local/lib/python3.13/site-packages/airflow/dag_processing/importers/python_importer.py","lineno":238,"name":"parse"},{"filename":"<frozen importlib._bootstrap_external>","lineno":1023,"name":"exec_module"},{"filename":"<frozen importlib._bootstrap>","lineno":488,"name":"_call_with_frames_removed"},{"filename":"/opt/airflow/dags/scrape_dag.py","lineno":35,"name":"<module>"}],"is_group":false,"exceptions":[]}]}
{"timestamp":"2026-07-13T10:15:15.564877Z","level":"error","event":"Error loading DAG from scrape_dag.py: name 'SLACK_WEBHOOK_CONN_ID' is not defined","logger":"airflow.dag_processing.dagbag.BundleDagBag","filename":"dagbag.py","lineno":319}
{"timestamp":"2026-07-13T10:15:15.565091Z","level":"warning","event":"Setting email on a task is deprecated; please migrate to SmtpNotifier.","category":"UserWarning","filename":"/home/airflow/.local/lib/python3.13/site-packages/airflow/providers/standard/operators/python.py","lineno":194,"logger":"py.warnings"}
{"timestamp":"2026-07-13T10:15:15.565172Z","level":"warning","event":"Setting email_on_retry on a task is deprecated; please migrate to SmtpNotifier.","category":"UserWarning","filename":"/home/airflow/.local/lib/python3.13/site-packages/airflow/providers/standard/operators/python.py","lineno":194,"logger":"py.warnings"}
{"timestamp":"2026-07-13T10:15:15.565234Z","level":"warning","event":"Setting email_on_failure on a task is deprecated; please migrate to SmtpNotifier.","category":"UserWarning","filename":"/home/airflow/.local/lib/python3.13/site-packages/airflow/providers/standard/operators/python.py","lineno":194,"logger":"py.warnings"}
{"timestamp":"2026-07-13T10:15:42.941293Z","level":"info","event":"Filling up the DagBag from /opt/airflow/dags/scrape_dag.py","logger":"airflow.dag_processing.dagbag.BundleDagBag","filename":"dagbag.py","lineno":460}
{"timestamp":"2026-07-13T10:15:43.815776Z","level":"warning","event":"Setting email on a task is deprecated; please migrate to SmtpNotifier.","category":"UserWarning","filename":"/home/airflow/.local/lib/python3.13/site-packages/airflow/providers/standard/operators/python.py","lineno":194,"logger":"py.warnings"}
{"timestamp":"2026-07-13T10:15:43.816864Z","level":"warning","event":"Setting email_on_retry on a task is deprecated; please migrate to SmtpNotifier.","category":"UserWarning","filename":"/home/airflow/.local/lib/python3.13/site-packages/airflow/providers/standard/operators/python.py","lineno":194,"logger":"py.warnings"}
{"timestamp":"2026-07-13T10:15:43.816989Z","level":"warning","event":"Setting email_on_failure on a task is deprecated; please migrate to SmtpNotifier.","category":"UserWarning","filename":"/home/airflow/.local/lib/python3.13/site-packages/airflow/providers/standard/operators/python.py","lineno":194,"logger":"py.warnings"}
{"timestamp":"2026-07-13T10:16:01.362904Z","level":"info","event":"Filling up the DagBag from /opt/airflow/dags/scrape_dag.py","logger":"airflow.dag_processing.dagbag.BundleDagBag","filename":"dagbag.py","lineno":460}
{"timestamp":"2026-07-13T10:16:01.717799Z","level":"warning","event":"Setting email on a task is deprecated; please migrate to SmtpNotifier.","category":"UserWarning","filename":"/home/airflow/.local/lib/python3.13/site-packages/airflow/providers/standard/operators/python.py","lineno":194,"logger":"py.warnings"}
{"timestamp":"2026-07-13T10:16:01.718158Z","level":"warning","event":"Setting email_on_retry on a task is deprecated; please migrate to SmtpNotifier.","category":"UserWarning","filename":"/home/airflow/.local/lib/python3.13/site-packages/airflow/providers/standard/operators/python.py","lineno":194,"logger":"py.warnings"}
{"timestamp":"2026-07-13T10:16:01.718320Z","level":"warning","event":"Setting email_on_failure on a task is deprecated; please migrate to SmtpNotifier.","category":"UserWarning","filename":"/home/airflow/.local/lib/python3.13/site-packages/airflow/providers/standard/operators/python.py","lineno":194,"logger":"py.warnings"}
{"timestamp":"2026-07-13T10:16:32.679107Z","level":"info","event":"Filling up the DagBag from /opt/airflow/dags/scrape_dag.py","logger":"airflow.dag_processing.dagbag.BundleDagBag","filename":"dagbag.py","lineno":460}
{"timestamp":"2026-07-13T10:16:32.863913Z","level":"warning","event":"Setting email on a task is deprecated; please migrate to SmtpNotifier.","category":"UserWarning","filename":"/home/airflow/.local/lib/python3.13/site-packages/airflow/providers/standard/operators/python.py","lineno":194,"logger":"py.warnings"}
{"timestamp":"2026-07-13T10:16:32.864134Z","level":"warning","event":"Setting email_on_retry on a task is deprecated; please migrate to SmtpNotifier.","category":"UserWarning","filename":"/home/airflow/.local/lib/python3.13/site-packages/airflow/providers/standard/operators/python.py","lineno":194,"logger":"py.warnings"}
{"timestamp":"2026-07-13T10:16:32.864320Z","level":"warning","event":"Setting email_on_failure on a task is deprecated; please migrate to SmtpNotifier.","category":"UserWarning","filename":"/home/airflow/.local/lib/python3.13/site-packages/airflow/providers/standard/operators/python.py","lineno":194,"logger":"py.warnings"}
{"timestamp":"2026-07-13T10:17:03.332466Z","level":"info","event":"Filling up the DagBag from /opt/airflow/dags/scrape_dag.py","logger":"airflow.dag_processing.dagbag.BundleDagBag","filename":"dagbag.py","lineno":460}
{"timestamp":"2026-07-13T10:17:03.526574Z","level":"warning","event":"Setting email on a task is deprecated; please migrate to SmtpNotifier.","category":"UserWarning","filename":"/home/airflow/.local/lib/python3.13/site-packages/airflow/providers/standard/operators/python.py","lineno":194,"logger":"py.warnings"}
{"timestamp":"2026-07-13T10:17:03.526700Z","level":"warning","event":"Setting email_on_retry on a task is deprecated; please migrate to SmtpNotifier.","category":"UserWarning","filename":"/home/airflow/.local/lib/python3.13/site-packages/airflow/providers/standard/operators/python.py","lineno":194,"logger":"py.warnings"}
{"timestamp":"2026-07-13T10:17:03.526740Z","level":"warning","event":"Setting email_on_failure on a task is deprecated; please migrate to SmtpNotifier.","category":"UserWarning","filename":"/home/airflow/.local/lib/python3.13/site-packages/airflow/providers/standard/operators/python.py","lineno":194,"logger":"py.warnings"}
{"timestamp":"2026-07-13T10:17:33.916315Z","level":"info","event":"Filling up the DagBag from /opt/airflow/dags/scrape_dag.py","logger":"airflow.dag_processing.dagbag.BundleDagBag","filename":"dagbag.py","lineno":460}
{"timestamp":"2026-07-13T10:17:34.085776Z","level":"warning","event":"Setting email on a task is deprecated; please migrate to SmtpNotifier.","category":"UserWarning","filename":"/home/airflow/.local/lib/python3.13/site-packages/airflow/providers/standard/operators/python.py","lineno":194,"logger":"py.warnings"}
{"timestamp":"2026-07-13T10:17:34.085913Z","level":"warning","event":"Setting email_on_retry on a task is deprecated; please migrate to SmtpNotifier.","category":"UserWarning","filename":"/home/airflow/.local/lib/python3.13/site-packages/airflow/providers/standard/operators/python.py","lineno":194,"logger":"py.warnings"}
{"timestamp":"2026-07-13T10:17:34.085971Z","level":"warning","event":"Setting email_on_failure on a task is deprecated; please migrate to SmtpNotifier.","category":"UserWarning","filename":"/home/airflow/.local/lib/python3.13/site-packages/airflow/providers/standard/operators/python.py","lineno":194,"logger":"py.warnings"}
{"timestamp":"2026-07-13T10:18:04.610543Z","level":"info","event":"Filling up the DagBag from /opt/airflow/dags/scrape_dag.py","logger":"airflow.dag_processing.dagbag.BundleDagBag","filename":"dagbag.py","lineno":460}
{"timestamp":"2026-07-13T10:18:04.785357Z","level":"warning","event":"Setting email on a task is deprecated; please migrate to SmtpNotifier.","category":"UserWarning","filename":"/home/airflow/.local/lib/python3.13/site-packages/airflow/providers/standard/operators/python.py","lineno":194,"logger":"py.warnings"}
{"timestamp":"2026-07-13T10:18:04.785735Z","level":"warning","event":"Setting email_on_retry on a task is deprecated; please migrate to SmtpNotifier.","category":"UserWarning","filename":"/home/airflow/.local/lib/python3.13/site-packages/airflow/providers/standard/operators/python.py","lineno":194,"logger":"py.warnings"}
{"timestamp":"2026-07-13T10:18:04.785844Z","level":"warning","event":"Setting email_on_failure on a task is deprecated; please migrate to SmtpNotifier.","category":"UserWarning","filename":"/home/airflow/.local/lib/python3.13/site-packages/airflow/providers/standard/operators/python.py","lineno":194,"logger":"py.warnings"}
{"timestamp":"2026-07-13T10:18:52.800169Z","level":"info","event":"Filling up the DagBag from /opt/airflow/dags/scrape_dag.py","logger":"airflow.dag_processing.dagbag.BundleDagBag","filename":"dagbag.py","lineno":460}
{"timestamp":"2026-07-13T10:18:53.018179Z","level":"warning","event":"Setting email on a task is deprecated; please migrate to SmtpNotifier.","category":"UserWarning","filename":"/home/airflow/.local/lib/python3.13/site-packages/airflow/providers/standard/operators/python.py","lineno":194,"logger":"py.warnings"}
{"timestamp":"2026-07-13T10:18:53.018356Z","level":"warning","event":"Setting email_on_retry on a task is deprecated; please migrate to SmtpNotifier.","category":"UserWarning","filename":"/home/airflow/.local/lib/python3.13/site-packages/airflow/providers/standard/operators/python.py","lineno":194,"logger":"py.warnings"}
{"timestamp":"2026-07-13T10:18:53.018449Z","level":"warning","event":"Setting email_on_failure on a task is deprecated; please migrate to SmtpNotifier.","category":"UserWarning","filename":"/home/airflow/.local/lib/python3.13/site-packages/airflow/providers/standard/operators/python.py","lineno":194,"logger":"py.warnings"}
{"timestamp":"2026-07-13T10:19:28.954691Z","level":"info","event":"Filling up the DagBag from /opt/airflow/dags/scrape_dag.py","logger":"airflow.dag_processing.dagbag.BundleDagBag","filename":"dagbag.py","lineno":460}
{"timestamp":"2026-07-13T10:19:30.030547Z","level":"warning","event":"Setting email on a task is deprecated; please migrate to SmtpNotifier.","category":"UserWarning","filename":"/home/airflow/.local/lib/python3.13/site-packages/airflow/providers/standard/operators/python.py","lineno":194,"logger":"py.warnings"}
{"timestamp":"2026-07-13T10:19:30.036151Z","level":"warning","event":"Setting email_on_retry on a task is deprecated; please migrate to SmtpNotifier.","category":"UserWarning","filename":"/home/airflow/.local/lib/python3.13/site-packages/airflow/providers/standard/operators/python.py","lineno":194,"logger":"py.warnings"}
{"timestamp":"2026-07-13T10:19:30.036360Z","level":"warning","event":"Setting email_on_failure on a task is deprecated; please migrate to SmtpNotifier.","category":"UserWarning","filename":"/home/airflow/.local/lib/python3.13/site-packages/airflow/providers/standard/operators/python.py","lineno":194,"logger":"py.warnings"}
{"timestamp":"2026-07-13T10:20:03.428605Z","level":"info","event":"Filling up the DagBag from /opt/airflow/dags/scrape_dag.py","logger":"airflow.dag_processing.dagbag.BundleDagBag","filename":"dagbag.py","lineno":460}
{"timestamp":"2026-07-13T10:20:05.311380Z","level":"warning","event":"Setting email on a task is deprecated; please migrate to SmtpNotifier.","category":"UserWarning","filename":"/home/airflow/.local/lib/python3.13/site-packages/airflow/providers/standard/operators/python.py","lineno":194,"logger":"py.warnings"}
{"timestamp":"2026-07-13T10:20:05.312391Z","level":"warning","event":"Setting email_on_retry on a task is deprecated; please migrate to SmtpNotifier.","category":"UserWarning","filename":"/home/airflow/.local/lib/python3.13/site-packages/airflow/providers/standard/operators/python.py","lineno":194,"logger":"py.warnings"}
{"timestamp":"2026-07-13T10:20:05.313729Z","level":"warning","event":"Setting email_on_failure on a task is deprecated; please migrate to SmtpNotifier.","category":"UserWarning","filename":"/home/airflow/.local/lib/python3.13/site-packages/airflow/providers/standard/operators/python.py","lineno":194,"logger":"py.warnings"}
{"timestamp":"2026-07-13T10:20:38.739885Z","level":"info","event":"Filling up the DagBag from /opt/airflow/dags/scrape_dag.py","logger":"airflow.dag_processing.dagbag.BundleDagBag","filename":"dagbag.py","lineno":460}
{"timestamp":"2026-07-13T10:20:38.802228Z","level":"error","event":"Failed to import: /opt/airflow/dags/scrape_dag.py","logger":"airflow.dag_processing.importers.python_importer","filename":"python_importer.py","lineno":244,"error_detail":[{"exc_type":"SyntaxError","exc_value":"invalid syntax. Perhaps you forgot a comma? (scrape_dag.py, line 36)","exc_notes":[],"syntax_error":{"offset":25,"filename":"/opt/airflow/dags/scrape_dag.py","line":"    on_failure_callback=slack_webhook_operator_text\n","lineno":36,"msg":"invalid syntax. Perhaps you forgot a comma?"},"is_cause":false,"frames":[{"filename":"/home/airflow/.local/lib/python3.13/site-packages/airflow/dag_processing/importers/python_importer.py","lineno":238,"name":"parse"},{"filename":"<frozen importlib._bootstrap_external>","lineno":1019,"name":"exec_module"},{"filename":"<frozen importlib._bootstrap_external>","lineno":1157,"name":"get_code"},{"filename":"<frozen importlib._bootstrap_external>","lineno":1087,"name":"source_to_code"},{"filename":"<frozen importlib._bootstrap>","lineno":488,"name":"_call_with_frames_removed"}],"is_group":false,"exceptions":[]}]}
{"timestamp":"2026-07-13T10:20:38.811786Z","level":"error","event":"Error loading DAG from scrape_dag.py: invalid syntax. Perhaps you forgot a comma? (scrape_dag.py, line 36)","logger":"airflow.dag_processing.dagbag.BundleDagBag","filename":"dagbag.py","lineno":319}
{"timestamp":"2026-07-13T10:21:16.040933Z","level":"info","event":"Filling up the DagBag from /opt/airflow/dags/scrape_dag.py","logger":"airflow.dag_processing.dagbag.BundleDagBag","filename":"dagbag.py","lineno":460}
{"timestamp":"2026-07-13T10:21:16.066183Z","level":"error","event":"Failed to import: /opt/airflow/dags/scrape_dag.py","logger":"airflow.dag_processing.importers.python_importer","filename":"python_importer.py","lineno":244,"error_detail":[{"exc_type":"SyntaxError","exc_value":"invalid syntax. Perhaps you forgot a comma? (scrape_dag.py, line 36)","exc_notes":[],"syntax_error":{"offset":25,"filename":"/opt/airflow/dags/scrape_dag.py","line":"    on_failure_callback=slack_webhook_operator_text\n","lineno":36,"msg":"invalid syntax. Perhaps you forgot a comma?"},"is_cause":false,"frames":[{"filename":"/home/airflow/.local/lib/python3.13/site-packages/airflow/dag_processing/importers/python_importer.py","lineno":238,"name":"parse"},{"filename":"<frozen importlib._bootstrap_external>","lineno":1019,"name":"exec_module"},{"filename":"<frozen importlib._bootstrap_external>","lineno":1157,"name":"get_code"},{"filename":"<frozen importlib._bootstrap_external>","lineno":1087,"name":"source_to_code"},{"filename":"<frozen importlib._bootstrap>","lineno":488,"name":"_call_with_frames_removed"}],"is_group":false,"exceptions":[]}]}
{"timestamp":"2026-07-13T10:21:16.069480Z","level":"error","event":"Error loading DAG from scrape_dag.py: invalid syntax. Perhaps you forgot a comma? (scrape_dag.py, line 36)","logger":"airflow.dag_processing.dagbag.BundleDagBag","filename":"dagbag.py","lineno":319}
{"timestamp":"2026-07-13T10:21:46.516958Z","level":"info","event":"Filling up the DagBag from /opt/airflow/dags/scrape_dag.py","logger":"airflow.dag_processing.dagbag.BundleDagBag","filename":"dagbag.py","lineno":460}
{"timestamp":"2026-07-13T10:21:46.523143Z","level":"error","event":"Failed to import: /opt/airflow/dags/scrape_dag.py","logger":"airflow.dag_processing.importers.python_importer","filename":"python_importer.py","lineno":244,"error_detail":[{"exc_type":"SyntaxError","exc_value":"invalid syntax. Perhaps you forgot a comma? (scrape_dag.py, line 36)","exc_notes":[],"syntax_error":{"offset":25,"filename":"/opt/airflow/dags/scrape_dag.py","line":"    on_failure_callback=slack_webhook_operator_text\n","lineno":36,"msg":"invalid syntax. Perhaps you forgot a comma?"},"is_cause":false,"frames":[{"filename":"/home/airflow/.local/lib/python3.13/site-packages/airflow/dag_processing/importers/python_importer.py","lineno":238,"name":"parse"},{"filename":"<frozen importlib._bootstrap_external>","lineno":1019,"name":"exec_module"},{"filename":"<frozen importlib._bootstrap_external>","lineno":1157,"name":"get_code"},{"filename":"<frozen importlib._bootstrap_external>","lineno":1087,"name":"source_to_code"},{"filename":"<frozen importlib._bootstrap>","lineno":488,"name":"_call_with_frames_removed"}],"is_group":false,"exceptions":[]}]}
{"timestamp":"2026-07-13T10:21:46.524744Z","level":"error","event":"Error loading DAG from scrape_dag.py: invalid syntax. Perhaps you forgot a comma? (scrape_dag.py, line 36)","logger":"airflow.dag_processing.dagbag.BundleDagBag","filename":"dagbag.py","lineno":319}
{"timestamp":"2026-07-13T10:22:52.030732Z","level":"info","event":"Filling up the DagBag from /opt/airflow/dags/scrape_dag.py","logger":"airflow.dag_processing.dagbag.BundleDagBag","filename":"dagbag.py","lineno":460}
{"timestamp":"2026-07-13T10:22:53.545915Z","level":"error","event":"Failed to import: /opt/airflow/dags/scrape_dag.py","logger":"airflow.dag_processing.importers.python_importer","filename":"python_importer.py","lineno":244,"error_detail":[{"exc_type":"NameError","exc_value":"name 'error_handle' is not defined","exc_notes":[],"syntax_error":null,"is_cause":false,"frames":[{"filename":"/home/airflow/.local/lib/python3.13/site-packages/airflow/dag_processing/importers/python_importer.py","lineno":238,"name":"parse"},{"filename":"<frozen importlib._bootstrap_external>","lineno":1023,"name":"exec_module"},{"filename":"<frozen importlib._bootstrap>","lineno":488,"name":"_call_with_frames_removed"},{"filename":"/opt/airflow/dags/scrape_dag.py","lineno":30,"name":"<module>"}],"is_group":false,"exceptions":[]}]}
{"timestamp":"2026-07-13T10:22:53.568363Z","level":"error","event":"Error loading DAG from scrape_dag.py: name 'error_handle' is not defined","logger":"airflow.dag_processing.dagbag.BundleDagBag","filename":"dagbag.py","lineno":319}
{"timestamp":"2026-07-13T10:23:14.345133Z","level":"info","event":"Filling up the DagBag from /opt/airflow/dags/scrape_dag.py","logger":"airflow.dag_processing.dagbag.BundleDagBag","filename":"dagbag.py","lineno":460}
{"timestamp":"2026-07-13T10:23:14.993306Z","level":"error","event":"Failed to import: /opt/airflow/dags/scrape_dag.py","logger":"airflow.dag_processing.importers.python_importer","filename":"python_importer.py","lineno":244,"error_detail":[{"exc_type":"TypeError","exc_value":"error_handle() missing 1 required positional argument: 'context'","exc_notes":[],"syntax_error":null,"is_cause":false,"frames":[{"filename":"/home/airflow/.local/lib/python3.13/site-packages/airflow/dag_processing/importers/python_importer.py","lineno":238,"name":"parse"},{"filename":"<frozen importlib._bootstrap_external>","lineno":1023,"name":"exec_module"},{"filename":"<frozen importlib._bootstrap>","lineno":488,"name":"_call_with_frames_removed"},{"filename":"/opt/airflow/dags/scrape_dag.py","lineno":37,"name":"<module>"}],"is_group":false,"exceptions":[]}]}
{"timestamp":"2026-07-13T10:23:15.001939Z","level":"error","event":"Error loading DAG from scrape_dag.py: error_handle() missing 1 required positional argument: 'context'","logger":"airflow.dag_processing.dagbag.BundleDagBag","filename":"dagbag.py","lineno":319}
{"timestamp":"2026-07-13T10:24:03.791680Z","level":"info","event":"Filling up the DagBag from /opt/airflow/dags/scrape_dag.py","logger":"airflow.dag_processing.dagbag.BundleDagBag","filename":"dagbag.py","lineno":460}
{"timestamp":"2026-07-13T10:24:08.460426Z","level":"error","event":"Failed to import: /opt/airflow/dags/scrape_dag.py","logger":"airflow.dag_processing.importers.python_importer","filename":"python_importer.py","lineno":244,"error_detail":[{"exc_type":"TypeError","exc_value":"error_handle() missing 1 required positional argument: 'context'","exc_notes":[],"syntax_error":null,"is_cause":false,"frames":[{"filename":"/home/airflow/.local/lib/python3.13/site-packages/airflow/dag_processing/importers/python_importer.py","lineno":238,"name":"parse"},{"filename":"<frozen importlib._bootstrap_external>","lineno":1023,"name":"exec_module"},{"filename":"<frozen importlib._bootstrap>","lineno":488,"name":"_call_with_frames_removed"},{"filename":"/opt/airflow/dags/scrape_dag.py","lineno":37,"name":"<module>"}],"is_group":false,"exceptions":[]}]}
{"timestamp":"2026-07-13T10:24:08.492230Z","level":"error","event":"Error loading DAG from scrape_dag.py: error_handle() missing 1 required positional argument: 'context'","logger":"airflow.dag_processing.dagbag.BundleDagBag","filename":"dagbag.py","lineno":319}
{"timestamp":"2026-07-13T10:24:49.152042Z","level":"info","event":"Filling up the DagBag from /opt/airflow/dags/scrape_dag.py","logger":"airflow.dag_processing.dagbag.BundleDagBag","filename":"dagbag.py","lineno":460}
{"timestamp":"2026-07-13T10:24:54.160246Z","level":"error","event":"Failed to import: /opt/airflow/dags/scrape_dag.py","logger":"airflow.dag_processing.importers.python_importer","filename":"python_importer.py","lineno":244,"error_detail":[{"exc_type":"TypeError","exc_value":"error_handle() missing 1 required positional argument: 'context'","exc_notes":[],"syntax_error":null,"is_cause":false,"frames":[{"filename":"/home/airflow/.local/lib/python3.13/site-packages/airflow/dag_processing/importers/python_importer.py","lineno":238,"name":"parse"},{"filename":"<frozen importlib._bootstrap_external>","lineno":1023,"name":"exec_module"},{"filename":"<frozen importlib._bootstrap>","lineno":488,"name":"_call_with_frames_removed"},{"filename":"/opt/airflow/dags/scrape_dag.py","lineno":37,"name":"<module>"}],"is_group":false,"exceptions":[]}]}
{"timestamp":"2026-07-13T10:24:54.261535Z","level":"error","event":"Error loading DAG from scrape_dag.py: error_handle() missing 1 required positional argument: 'context'","logger":"airflow.dag_processing.dagbag.BundleDagBag","filename":"dagbag.py","lineno":319}
{"timestamp":"2026-07-13T10:25:41.450265Z","level":"info","event":"Filling up the DagBag from /opt/airflow/dags/scrape_dag.py","logger":"airflow.dag_processing.dagbag.BundleDagBag","filename":"dagbag.py","lineno":460}
{"timestamp":"2026-07-13T10:25:42.205443Z","level":"error","event":"Failed to import: /opt/airflow/dags/scrape_dag.py","logger":"airflow.dag_processing.importers.python_importer","filename":"python_importer.py","lineno":244,"error_detail":[{"exc_type":"TypeError","exc_value":"error_handle() missing 1 required positional argument: 'context'","exc_notes":[],"syntax_error":null,"is_cause":false,"frames":[{"filename":"/home/airflow/.local/lib/python3.13/site-packages/airflow/dag_processing/importers/python_importer.py","lineno":238,"name":"parse"},{"filename":"<frozen importlib._bootstrap_external>","lineno":1023,"name":"exec_module"},{"filename":"<frozen importlib._bootstrap>","lineno":488,"name":"_call_with_frames_removed"},{"filename":"/opt/airflow/dags/scrape_dag.py","lineno":38,"name":"<module>"}],"is_group":false,"exceptions":[]}]}
{"timestamp":"2026-07-13T10:25:42.212601Z","level":"error","event":"Error loading DAG from scrape_dag.py: error_handle() missing 1 required positional argument: 'context'","logger":"airflow.dag_processing.dagbag.BundleDagBag","filename":"dagbag.py","lineno":319}
{"timestamp":"2026-07-13T10:26:14.432200Z","level":"info","event":"Filling up the DagBag from /opt/airflow/dags/scrape_dag.py","logger":"airflow.dag_processing.dagbag.BundleDagBag","filename":"dagbag.py","lineno":460}
{"timestamp":"2026-07-13T10:26:14.750134Z","level":"error","event":"Failed to import: /opt/airflow/dags/scrape_dag.py","logger":"airflow.dag_processing.importers.python_importer","filename":"python_importer.py","lineno":244,"error_detail":[{"exc_type":"TypeError","exc_value":"error_handle() missing 1 required positional argument: 'context'","exc_notes":[],"syntax_error":null,"is_cause":false,"frames":[{"filename":"/home/airflow/.local/lib/python3.13/site-packages/airflow/dag_processing/importers/python_importer.py","lineno":238,"name":"parse"},{"filename":"<frozen importlib._bootstrap_external>","lineno":1023,"name":"exec_module"},{"filename":"<frozen importlib._bootstrap>","lineno":488,"name":"_call_with_frames_removed"},{"filename":"/opt/airflow/dags/scrape_dag.py","lineno":38,"name":"<module>"}],"is_group":false,"exceptions":[]}]}
{"timestamp":"2026-07-13T10:26:14.753989Z","level":"error","event":"Error loading DAG from scrape_dag.py: error_handle() missing 1 required positional argument: 'context'","logger":"airflow.dag_processing.dagbag.BundleDagBag","filename":"dagbag.py","lineno":319}
{"timestamp":"2026-07-13T10:26:22.520769Z","level":"info","event":"Filling up the DagBag from /opt/airflow/dags/scrape_dag.py","logger":"airflow.dag_processing.dagbag.BundleDagBag","filename":"dagbag.py","lineno":460}
{"timestamp":"2026-07-13T10:26:24.079885Z","level":"warning","event":"Setting email on a task is deprecated; please migrate to SmtpNotifier.","category":"UserWarning","filename":"/home/airflow/.local/lib/python3.13/site-packages/airflow/providers/standard/operators/python.py","lineno":194,"logger":"py.warnings"}
{"timestamp":"2026-07-13T10:26:24.080532Z","level":"warning","event":"Setting email_on_retry on a task is deprecated; please migrate to SmtpNotifier.","category":"UserWarning","filename":"/home/airflow/.local/lib/python3.13/site-packages/airflow/providers/standard/operators/python.py","lineno":194,"logger":"py.warnings"}
{"timestamp":"2026-07-13T10:26:24.080681Z","level":"warning","event":"Setting email_on_failure on a task is deprecated; please migrate to SmtpNotifier.","category":"UserWarning","filename":"/home/airflow/.local/lib/python3.13/site-packages/airflow/providers/standard/operators/python.py","lineno":194,"logger":"py.warnings"}
{"timestamp":"2026-07-13T10:26:58.423480Z","level":"info","event":"Filling up the DagBag from /opt/airflow/dags/scrape_dag.py","logger":"airflow.dag_processing.dagbag.BundleDagBag","filename":"dagbag.py","lineno":460}
{"timestamp":"2026-07-13T10:26:58.728042Z","level":"warning","event":"Setting email on a task is deprecated; please migrate to SmtpNotifier.","category":"UserWarning","filename":"/home/airflow/.local/lib/python3.13/site-packages/airflow/providers/standard/operators/python.py","lineno":194,"logger":"py.warnings"}
{"timestamp":"2026-07-13T10:26:58.730741Z","level":"warning","event":"Setting email_on_retry on a task is deprecated; please migrate to SmtpNotifier.","category":"UserWarning","filename":"/home/airflow/.local/lib/python3.13/site-packages/airflow/providers/standard/operators/python.py","lineno":194,"logger":"py.warnings"}
{"timestamp":"2026-07-13T10:26:58.731094Z","level":"warning","event":"Setting email_on_failure on a task is deprecated; please migrate to SmtpNotifier.","category":"UserWarning","filename":"/home/airflow/.local/lib/python3.13/site-packages/airflow/providers/standard/operators/python.py","lineno":194,"logger":"py.warnings"}
{"timestamp":"2026-07-13T10:27:22.449111Z","level":"info","event":"Filling up the DagBag from /opt/airflow/dags/scrape_dag.py","logger":"airflow.dag_processing.dagbag.BundleDagBag","filename":"dagbag.py","lineno":460}
{"timestamp":"2026-07-13T10:27:23.632693Z","level":"warning","event":"Setting email on a task is deprecated; please migrate to SmtpNotifier.","category":"UserWarning","filename":"/home/airflow/.local/lib/python3.13/site-packages/airflow/providers/standard/operators/python.py","lineno":194,"logger":"py.warnings"}
{"timestamp":"2026-07-13T10:27:23.635090Z","level":"warning","event":"Setting email_on_retry on a task is deprecated; please migrate to SmtpNotifier.","category":"UserWarning","filename":"/home/airflow/.local/lib/python3.13/site-packages/airflow/providers/standard/operators/python.py","lineno":194,"logger":"py.warnings"}
{"timestamp":"2026-07-13T10:27:23.635612Z","level":"warning","event":"Setting email_on_failure on a task is deprecated; please migrate to SmtpNotifier.","category":"UserWarning","filename":"/home/airflow/.local/lib/python3.13/site-packages/airflow/providers/standard/operators/python.py","lineno":194,"logger":"py.warnings"}
{"timestamp":"2026-07-13T10:28:01.392412Z","level":"info","event":"Filling up the DagBag from /opt/airflow/dags/scrape_dag.py","logger":"airflow.dag_processing.dagbag.BundleDagBag","filename":"dagbag.py","lineno":460}
{"timestamp":"2026-07-13T10:28:02.288294Z","level":"warning","event":"Setting email on a task is deprecated; please migrate to SmtpNotifier.","category":"UserWarning","filename":"/home/airflow/.local/lib/python3.13/site-packages/airflow/providers/standard/operators/python.py","lineno":194,"logger":"py.warnings"}
{"timestamp":"2026-07-13T10:28:02.289702Z","level":"warning","event":"Setting email_on_retry on a task is deprecated; please migrate to SmtpNotifier.","category":"UserWarning","filename":"/home/airflow/.local/lib/python3.13/site-packages/airflow/providers/standard/operators/python.py","lineno":194,"logger":"py.warnings"}
{"timestamp":"2026-07-13T10:28:02.289961Z","level":"warning","event":"Setting email_on_failure on a task is deprecated; please migrate to SmtpNotifier.","category":"UserWarning","filename":"/home/airflow/.local/lib/python3.13/site-packages/airflow/providers/standard/operators/python.py","lineno":194,"logger":"py.warnings"}
{"timestamp":"2026-07-13T10:29:07.119231Z","level":"info","event":"Filling up the DagBag from /opt/airflow/dags/scrape_dag.py","logger":"airflow.dag_processing.dagbag.BundleDagBag","filename":"dagbag.py","lineno":460}
{"timestamp":"2026-07-13T10:29:07.499716Z","level":"warning","event":"Setting email on a task is deprecated; please migrate to SmtpNotifier.","category":"UserWarning","filename":"/home/airflow/.local/lib/python3.13/site-packages/airflow/providers/standard/operators/python.py","lineno":194,"logger":"py.warnings"}
{"timestamp":"2026-07-13T10:29:07.499942Z","level":"warning","event":"Setting email_on_retry on a task is deprecated; please migrate to SmtpNotifier.","category":"UserWarning","filename":"/home/airflow/.local/lib/python3.13/site-packages/airflow/providers/standard/operators/python.py","lineno":194,"logger":"py.warnings"}
{"timestamp":"2026-07-13T10:29:07.500026Z","level":"warning","event":"Setting email_on_failure on a task is deprecated; please migrate to SmtpNotifier.","category":"UserWarning","filename":"/home/airflow/.local/lib/python3.13/site-packages/airflow/providers/standard/operators/python.py","lineno":194,"logger":"py.warnings"}
{"timestamp":"2026-07-13T10:29:38.257832Z","level":"info","event":"Filling up the DagBag from /opt/airflow/dags/scrape_dag.py","logger":"airflow.dag_processing.dagbag.BundleDagBag","filename":"dagbag.py","lineno":460}
{"timestamp":"2026-07-13T10:29:38.443886Z","level":"warning","event":"Setting email on a task is deprecated; please migrate to SmtpNotifier.","category":"UserWarning","filename":"/home/airflow/.local/lib/python3.13/site-packages/airflow/providers/standard/operators/python.py","lineno":194,"logger":"py.warnings"}
{"timestamp":"2026-07-13T10:29:38.444011Z","level":"warning","event":"Setting email_on_retry on a task is deprecated; please migrate to SmtpNotifier.","category":"UserWarning","filename":"/home/airflow/.local/lib/python3.13/site-packages/airflow/providers/standard/operators/python.py","lineno":194,"logger":"py.warnings"}
{"timestamp":"2026-07-13T10:29:38.444060Z","level":"warning","event":"Setting email_on_failure on a task is deprecated; please migrate to SmtpNotifier.","category":"UserWarning","filename":"/home/airflow/.local/lib/python3.13/site-packages/airflow/providers/standard/operators/python.py","lineno":194,"logger":"py.warnings"}
{"timestamp":"2026-07-13T10:30:09.325217Z","level":"info","event":"Filling up the DagBag from /opt/airflow/dags/scrape_dag.py","logger":"airflow.dag_processing.dagbag.BundleDagBag","filename":"dagbag.py","lineno":460}
{"timestamp":"2026-07-13T10:30:09.805246Z","level":"warning","event":"Setting email on a task is deprecated; please migrate to SmtpNotifier.","category":"UserWarning","filename":"/home/airflow/.local/lib/python3.13/site-packages/airflow/providers/standard/operators/python.py","lineno":194,"logger":"py.warnings"}
{"timestamp":"2026-07-13T10:30:09.805890Z","level":"warning","event":"Setting email_on_retry on a task is deprecated; please migrate to SmtpNotifier.","category":"UserWarning","filename":"/home/airflow/.local/lib/python3.13/site-packages/airflow/providers/standard/operators/python.py","lineno":194,"logger":"py.warnings"}
{"timestamp":"2026-07-13T10:30:09.806042Z","level":"warning","event":"Setting email_on_failure on a task is deprecated; please migrate to SmtpNotifier.","category":"UserWarning","filename":"/home/airflow/.local/lib/python3.13/site-packages/airflow/providers/standard/operators/python.py","lineno":194,"logger":"py.warnings"}
{"timestamp":"2026-07-13T10:30:39.955580Z","level":"info","event":"Filling up the DagBag from /opt/airflow/dags/scrape_dag.py","logger":"airflow.dag_processing.dagbag.BundleDagBag","filename":"dagbag.py","lineno":460}
{"timestamp":"2026-07-13T10:30:40.173596Z","level":"warning","event":"Setting email on a task is deprecated; please migrate to SmtpNotifier.","category":"UserWarning","filename":"/home/airflow/.local/lib/python3.13/site-packages/airflow/providers/standard/operators/python.py","lineno":194,"logger":"py.warnings"}
{"timestamp":"2026-07-13T10:30:40.173760Z","level":"warning","event":"Setting email_on_retry on a task is deprecated; please migrate to SmtpNotifier.","category":"UserWarning","filename":"/home/airflow/.local/lib/python3.13/site-packages/airflow/providers/standard/operators/python.py","lineno":194,"logger":"py.warnings"}
{"timestamp":"2026-07-13T10:30:40.173851Z","level":"warning","event":"Setting email_on_failure on a task is deprecated; please migrate to SmtpNotifier.","category":"UserWarning","filename":"/home/airflow/.local/lib/python3.13/site-packages/airflow/providers/standard/operators/python.py","lineno":194,"logger":"py.warnings"}
{"timestamp":"2026-07-13T10:31:08.817052Z","level":"info","event":"Filling up the DagBag from /opt/airflow/dags/scrape_dag.py","logger":"airflow.dag_processing.dagbag.BundleDagBag","filename":"dagbag.py","lineno":460}
{"timestamp":"2026-07-13T10:31:09.232027Z","level":"warning","event":"Setting email on a task is deprecated; please migrate to SmtpNotifier.","category":"UserWarning","filename":"/home/airflow/.local/lib/python3.13/site-packages/airflow/providers/standard/operators/python.py","lineno":194,"logger":"py.warnings"}
{"timestamp":"2026-07-13T10:31:09.232308Z","level":"warning","event":"Setting email_on_retry on a task is deprecated; please migrate to SmtpNotifier.","category":"UserWarning","filename":"/home/airflow/.local/lib/python3.13/site-packages/airflow/providers/standard/operators/python.py","lineno":194,"logger":"py.warnings"}
{"timestamp":"2026-07-13T10:31:09.232475Z","level":"warning","event":"Setting email_on_failure on a task is deprecated; please migrate to SmtpNotifier.","category":"UserWarning","filename":"/home/airflow/.local/lib/python3.13/site-packages/airflow/providers/standard/operators/python.py","lineno":194,"logger":"py.warnings"}
{"timestamp":"2026-07-13T10:31:47.431568Z","level":"info","event":"Filling up the DagBag from /opt/airflow/dags/scrape_dag.py","logger":"airflow.dag_processing.dagbag.BundleDagBag","filename":"dagbag.py","lineno":460}
{"timestamp":"2026-07-13T10:31:47.775801Z","level":"warning","event":"Setting email on a task is deprecated; please migrate to SmtpNotifier.","category":"UserWarning","filename":"/home/airflow/.local/lib/python3.13/site-packages/airflow/providers/standard/operators/python.py","lineno":194,"logger":"py.warnings"}
{"timestamp":"2026-07-13T10:31:47.776081Z","level":"warning","event":"Setting email_on_retry on a task is deprecated; please migrate to SmtpNotifier.","category":"UserWarning","filename":"/home/airflow/.local/lib/python3.13/site-packages/airflow/providers/standard/operators/python.py","lineno":194,"logger":"py.warnings"}
{"timestamp":"2026-07-13T10:31:47.776200Z","level":"warning","event":"Setting email_on_failure on a task is deprecated; please migrate to SmtpNotifier.","category":"UserWarning","filename":"/home/airflow/.local/lib/python3.13/site-packages/airflow/providers/standard/operators/python.py","lineno":194,"logger":"py.warnings"}
{"timestamp":"2026-07-13T10:32:18.087142Z","level":"info","event":"Filling up the DagBag from /opt/airflow/dags/scrape_dag.py","logger":"airflow.dag_processing.dagbag.BundleDagBag","filename":"dagbag.py","lineno":460}
{"timestamp":"2026-07-13T10:32:18.291397Z","level":"warning","event":"Setting email on a task is deprecated; please migrate to SmtpNotifier.","category":"UserWarning","filename":"/home/airflow/.local/lib/python3.13/site-packages/airflow/providers/standard/operators/python.py","lineno":194,"logger":"py.warnings"}
{"timestamp":"2026-07-13T10:32:18.291493Z","level":"warning","event":"Setting email_on_retry on a task is deprecated; please migrate to SmtpNotifier.","category":"UserWarning","filename":"/home/airflow/.local/lib/python3.13/site-packages/airflow/providers/standard/operators/python.py","lineno":194,"logger":"py.warnings"}
{"timestamp":"2026-07-13T10:32:18.291532Z","level":"warning","event":"Setting email_on_failure on a task is deprecated; please migrate to SmtpNotifier.","category":"UserWarning","filename":"/home/airflow/.local/lib/python3.13/site-packages/airflow/providers/standard/operators/python.py","lineno":194,"logger":"py.warnings"}
{"timestamp":"2026-07-13T10:32:56.594912Z","level":"info","event":"Filling up the DagBag from /opt/airflow/dags/scrape_dag.py","logger":"airflow.dag_processing.dagbag.BundleDagBag","filename":"dagbag.py","lineno":460}
{"timestamp":"2026-07-13T10:32:57.025757Z","level":"warning","event":"Setting email on a task is deprecated; please migrate to SmtpNotifier.","category":"UserWarning","filename":"/home/airflow/.local/lib/python3.13/site-packages/airflow/providers/standard/operators/python.py","lineno":194,"logger":"py.warnings"}
{"timestamp":"2026-07-13T10:32:57.026122Z","level":"warning","event":"Setting email_on_retry on a task is deprecated; please migrate to SmtpNotifier.","category":"UserWarning","filename":"/home/airflow/.local/lib/python3.13/site-packages/airflow/providers/standard/operators/python.py","lineno":194,"logger":"py.warnings"}
{"timestamp":"2026-07-13T10:32:57.026242Z","level":"warning","event":"Setting email_on_failure on a task is deprecated; please migrate to SmtpNotifier.","category":"UserWarning","filename":"/home/airflow/.local/lib/python3.13/site-packages/airflow/providers/standard/operators/python.py","lineno":194,"logger":"py.warnings"}
{"timestamp":"2026-07-13T10:33:28.363623Z","level":"info","event":"Filling up the DagBag from /opt/airflow/dags/scrape_dag.py","logger":"airflow.dag_processing.dagbag.BundleDagBag","filename":"dagbag.py","lineno":460}
{"timestamp":"2026-07-13T10:33:28.533400Z","level":"warning","event":"Setting email on a task is deprecated; please migrate to SmtpNotifier.","category":"UserWarning","filename":"/home/airflow/.local/lib/python3.13/site-packages/airflow/providers/standard/operators/python.py","lineno":194,"logger":"py.warnings"}
{"timestamp":"2026-07-13T10:33:28.533530Z","level":"warning","event":"Setting email_on_retry on a task is deprecated; please migrate to SmtpNotifier.","category":"UserWarning","filename":"/home/airflow/.local/lib/python3.13/site-packages/airflow/providers/standard/operators/python.py","lineno":194,"logger":"py.warnings"}
{"timestamp":"2026-07-13T10:33:28.533602Z","level":"warning","event":"Setting email_on_failure on a task is deprecated; please migrate to SmtpNotifier.","category":"UserWarning","filename":"/home/airflow/.local/lib/python3.13/site-packages/airflow/providers/standard/operators/python.py","lineno":194,"logger":"py.warnings"}
{"timestamp":"2026-07-13T10:34:03.286506Z","level":"info","event":"Filling up the DagBag from /opt/airflow/dags/scrape_dag.py","logger":"airflow.dag_processing.dagbag.BundleDagBag","filename":"dagbag.py","lineno":460}
{"timestamp":"2026-07-13T10:34:04.041147Z","level":"warning","event":"Setting email on a task is deprecated; please migrate to SmtpNotifier.","category":"UserWarning","filename":"/home/airflow/.local/lib/python3.13/site-packages/airflow/providers/standard/operators/python.py","lineno":194,"logger":"py.warnings"}
{"timestamp":"2026-07-13T10:34:04.042018Z","level":"warning","event":"Setting email_on_retry on a task is deprecated; please migrate to SmtpNotifier.","category":"UserWarning","filename":"/home/airflow/.local/lib/python3.13/site-packages/airflow/providers/standard/operators/python.py","lineno":194,"logger":"py.warnings"}
{"timestamp":"2026-07-13T10:34:04.042384Z","level":"warning","event":"Setting email_on_failure on a task is deprecated; please migrate to SmtpNotifier.","category":"UserWarning","filename":"/home/airflow/.local/lib/python3.13/site-packages/airflow/providers/standard/operators/python.py","lineno":194,"logger":"py.warnings"}
{"timestamp":"2026-07-13T10:34:34.481520Z","level":"info","event":"Filling up the DagBag from /opt/airflow/dags/scrape_dag.py","logger":"airflow.dag_processing.dagbag.BundleDagBag","filename":"dagbag.py","lineno":460}
{"timestamp":"2026-07-13T10:34:34.693262Z","level":"warning","event":"Setting email on a task is deprecated; please migrate to SmtpNotifier.","category":"UserWarning","filename":"/home/airflow/.local/lib/python3.13/site-packages/airflow/providers/standard/operators/python.py","lineno":194,"logger":"py.warnings"}
{"timestamp":"2026-07-13T10:34:34.693390Z","level":"warning","event":"Setting email_on_retry on a task is deprecated; please migrate to SmtpNotifier.","category":"UserWarning","filename":"/home/airflow/.local/lib/python3.13/site-packages/airflow/providers/standard/operators/python.py","lineno":194,"logger":"py.warnings"}
{"timestamp":"2026-07-13T10:34:34.693493Z","level":"warning","event":"Setting email_on_failure on a task is deprecated; please migrate to SmtpNotifier.","category":"UserWarning","filename":"/home/airflow/.local/lib/python3.13/site-packages/airflow/providers/standard/operators/python.py","lineno":194,"logger":"py.warnings"}
{"timestamp":"2026-07-13T10:35:11.542691Z","level":"info","event":"Filling up the DagBag from /opt/airflow/dags/scrape_dag.py","logger":"airflow.dag_processing.dagbag.BundleDagBag","filename":"dagbag.py","lineno":460}
{"timestamp":"2026-07-13T10:35:12.560783Z","level":"warning","event":"Setting email on a task is deprecated; please migrate to SmtpNotifier.","category":"UserWarning","filename":"/home/airflow/.local/lib/python3.13/site-packages/airflow/providers/standard/operators/python.py","lineno":194,"logger":"py.warnings"}
{"timestamp":"2026-07-13T10:35:12.566052Z","level":"warning","event":"Setting email_on_retry on a task is deprecated; please migrate to SmtpNotifier.","category":"UserWarning","filename":"/home/airflow/.local/lib/python3.13/site-packages/airflow/providers/standard/operators/python.py","lineno":194,"logger":"py.warnings"}
{"timestamp":"2026-07-13T10:35:12.567581Z","level":"warning","event":"Setting email_on_failure on a task is deprecated; please migrate to SmtpNotifier.","category":"UserWarning","filename":"/home/airflow/.local/lib/python3.13/site-packages/airflow/providers/standard/operators/python.py","lineno":194,"logger":"py.warnings"}
{"timestamp":"2026-07-13T10:35:44.226045Z","level":"info","event":"Filling up the DagBag from /opt/airflow/dags/scrape_dag.py","logger":"airflow.dag_processing.dagbag.BundleDagBag","filename":"dagbag.py","lineno":460}
{"timestamp":"2026-07-13T10:35:44.647244Z","level":"warning","event":"Setting email on a task is deprecated; please migrate to SmtpNotifier.","category":"UserWarning","filename":"/home/airflow/.local/lib/python3.13/site-packages/airflow/providers/standard/operators/python.py","lineno":194,"logger":"py.warnings"}
{"timestamp":"2026-07-13T10:35:44.647560Z","level":"warning","event":"Setting email_on_retry on a task is deprecated; please migrate to SmtpNotifier.","category":"UserWarning","filename":"/home/airflow/.local/lib/python3.13/site-packages/airflow/providers/standard/operators/python.py","lineno":194,"logger":"py.warnings"}
{"timestamp":"2026-07-13T10:35:44.647648Z","level":"warning","event":"Setting email_on_failure on a task is deprecated; please migrate to SmtpNotifier.","category":"UserWarning","filename":"/home/airflow/.local/lib/python3.13/site-packages/airflow/providers/standard/operators/python.py","lineno":194,"logger":"py.warnings"}
{"timestamp":"2026-07-13T10:36:37.480836Z","level":"info","event":"Filling up the DagBag from /opt/airflow/dags/scrape_dag.py","logger":"airflow.dag_processing.dagbag.BundleDagBag","filename":"dagbag.py","lineno":460}
{"timestamp":"2026-07-13T10:36:41.896248Z","level":"warning","event":"Setting email on a task is deprecated; please migrate to SmtpNotifier.","category":"UserWarning","filename":"/home/airflow/.local/lib/python3.13/site-packages/airflow/providers/standard/operators/python.py","lineno":194,"logger":"py.warnings"}
{"timestamp":"2026-07-13T10:36:41.896991Z","level":"warning","event":"Setting email_on_retry on a task is deprecated; please migrate to SmtpNotifier.","category":"UserWarning","filename":"/home/airflow/.local/lib/python3.13/site-packages/airflow/providers/standard/operators/python.py","lineno":194,"logger":"py.warnings"}
{"timestamp":"2026-07-13T10:36:41.897133Z","level":"warning","event":"Setting email_on_failure on a task is deprecated; please migrate to SmtpNotifier.","category":"UserWarning","filename":"/home/airflow/.local/lib/python3.13/site-packages/airflow/providers/standard/operators/python.py","lineno":194,"logger":"py.warnings"}
{"timestamp":"2026-07-13T10:37:51.306642Z","level":"info","event":"Filling up the DagBag from /opt/airflow/dags/scrape_dag.py","logger":"airflow.dag_processing.dagbag.BundleDagBag","filename":"dagbag.py","lineno":460}
{"timestamp":"2026-07-13T10:37:51.953682Z","level":"warning","event":"Setting email on a task is deprecated; please migrate to SmtpNotifier.","category":"UserWarning","filename":"/home/airflow/.local/lib/python3.13/site-packages/airflow/providers/standard/operators/python.py","lineno":194,"logger":"py.warnings"}
{"timestamp":"2026-07-13T10:37:51.953946Z","level":"warning","event":"Setting email_on_retry on a task is deprecated; please migrate to SmtpNotifier.","category":"UserWarning","filename":"/home/airflow/.local/lib/python3.13/site-packages/airflow/providers/standard/operators/python.py","lineno":194,"logger":"py.warnings"}
{"timestamp":"2026-07-13T10:37:51.954123Z","level":"warning","event":"Setting email_on_failure on a task is deprecated; please migrate to SmtpNotifier.","category":"UserWarning","filename":"/home/airflow/.local/lib/python3.13/site-packages/airflow/providers/standard/operators/python.py","lineno":194,"logger":"py.warnings"}
{"timestamp":"2026-07-13T10:38:22.868160Z","level":"info","event":"Filling up the DagBag from /opt/airflow/dags/scrape_dag.py","logger":"airflow.dag_processing.dagbag.BundleDagBag","filename":"dagbag.py","lineno":460}
{"timestamp":"2026-07-13T10:38:23.213165Z","level":"warning","event":"Setting email on a task is deprecated; please migrate to SmtpNotifier.","category":"UserWarning","filename":"/home/airflow/.local/lib/python3.13/site-packages/airflow/providers/standard/operators/python.py","lineno":194,"logger":"py.warnings"}
{"timestamp":"2026-07-13T10:38:23.213401Z","level":"warning","event":"Setting email_on_retry on a task is deprecated; please migrate to SmtpNotifier.","category":"UserWarning","filename":"/home/airflow/.local/lib/python3.13/site-packages/airflow/providers/standard/operators/python.py","lineno":194,"logger":"py.warnings"}
{"timestamp":"2026-07-13T10:38:23.213508Z","level":"warning","event":"Setting email_on_failure on a task is deprecated; please migrate to SmtpNotifier.","category":"UserWarning","filename":"/home/airflow/.local/lib/python3.13/site-packages/airflow/providers/standard/operators/python.py","lineno":194,"logger":"py.warnings"}
{"timestamp":"2026-07-13T10:39:16.204509Z","level":"info","event":"Filling up the DagBag from /opt/airflow/dags/scrape_dag.py","logger":"airflow.dag_processing.dagbag.BundleDagBag","filename":"dagbag.py","lineno":460}
{"timestamp":"2026-07-13T10:39:18.168332Z","level":"warning","event":"Setting email on a task is deprecated; please migrate to SmtpNotifier.","category":"UserWarning","filename":"/home/airflow/.local/lib/python3.13/site-packages/airflow/providers/standard/operators/python.py","lineno":194,"logger":"py.warnings"}
{"timestamp":"2026-07-13T10:39:18.169181Z","level":"warning","event":"Setting email_on_retry on a task is deprecated; please migrate to SmtpNotifier.","category":"UserWarning","filename":"/home/airflow/.local/lib/python3.13/site-packages/airflow/providers/standard/operators/python.py","lineno":194,"logger":"py.warnings"}
{"timestamp":"2026-07-13T10:39:18.169437Z","level":"warning","event":"Setting email_on_failure on a task is deprecated; please migrate to SmtpNotifier.","category":"UserWarning","filename":"/home/airflow/.local/lib/python3.13/site-packages/airflow/providers/standard/operators/python.py","lineno":194,"logger":"py.warnings"}
{"timestamp":"2026-07-13T10:40:32.242056Z","level":"info","event":"Filling up the DagBag from /opt/airflow/dags/scrape_dag.py","logger":"airflow.dag_processing.dagbag.BundleDagBag","filename":"dagbag.py","lineno":460}
{"timestamp":"2026-07-13T10:40:32.469006Z","level":"warning","event":"Setting email on a task is deprecated; please migrate to SmtpNotifier.","category":"UserWarning","filename":"/home/airflow/.local/lib/python3.13/site-packages/airflow/providers/standard/operators/python.py","lineno":194,"logger":"py.warnings"}
{"timestamp":"2026-07-13T10:40:32.469325Z","level":"warning","event":"Setting email_on_retry on a task is deprecated; please migrate to SmtpNotifier.","category":"UserWarning","filename":"/home/airflow/.local/lib/python3.13/site-packages/airflow/providers/standard/operators/python.py","lineno":194,"logger":"py.warnings"}
{"timestamp":"2026-07-13T10:40:32.469851Z","level":"warning","event":"Setting email_on_failure on a task is deprecated; please migrate to SmtpNotifier.","category":"UserWarning","filename":"/home/airflow/.local/lib/python3.13/site-packages/airflow/providers/standard/operators/python.py","lineno":194,"logger":"py.warnings"}
{"timestamp":"2026-07-13T10:41:02.732982Z","level":"info","event":"Filling up the DagBag from /opt/airflow/dags/scrape_dag.py","logger":"airflow.dag_processing.dagbag.BundleDagBag","filename":"dagbag.py","lineno":460}
{"timestamp":"2026-07-13T10:41:03.272668Z","level":"warning","event":"Setting email on a task is deprecated; please migrate to SmtpNotifier.","category":"UserWarning","filename":"/home/airflow/.local/lib/python3.13/site-packages/airflow/providers/standard/operators/python.py","lineno":194,"logger":"py.warnings"}
{"timestamp":"2026-07-13T10:41:03.273030Z","level":"warning","event":"Setting email_on_retry on a task is deprecated; please migrate to SmtpNotifier.","category":"UserWarning","filename":"/home/airflow/.local/lib/python3.13/site-packages/airflow/providers/standard/operators/python.py","lineno":194,"logger":"py.warnings"}
{"timestamp":"2026-07-13T10:41:03.273109Z","level":"warning","event":"Setting email_on_failure on a task is deprecated; please migrate to SmtpNotifier.","category":"UserWarning","filename":"/home/airflow/.local/lib/python3.13/site-packages/airflow/providers/standard/operators/python.py","lineno":194,"logger":"py.warnings"}
{"timestamp":"2026-07-13T10:41:19.327681Z","level":"info","event":"Filling up the DagBag from /opt/airflow/dags/scrape_dag.py","logger":"airflow.dag_processing.dagbag.BundleDagBag","filename":"dagbag.py","lineno":460}
{"timestamp":"2026-07-13T10:41:24.661027Z","level":"warning","event":"Setting email on a task is deprecated; please migrate to SmtpNotifier.","category":"UserWarning","filename":"/home/airflow/.local/lib/python3.13/site-packages/airflow/providers/standard/operators/python.py","lineno":194,"logger":"py.warnings"}
{"timestamp":"2026-07-13T10:41:24.669841Z","level":"warning","event":"Setting email_on_retry on a task is deprecated; please migrate to SmtpNotifier.","category":"UserWarning","filename":"/home/airflow/.local/lib/python3.13/site-packages/airflow/providers/standard/operators/python.py","lineno":194,"logger":"py.warnings"}
{"timestamp":"2026-07-13T10:41:24.670849Z","level":"warning","event":"Setting email_on_failure on a task is deprecated; please migrate to SmtpNotifier.","category":"UserWarning","filename":"/home/airflow/.local/lib/python3.13/site-packages/airflow/providers/standard/operators/python.py","lineno":194,"logger":"py.warnings"}
{"timestamp":"2026-07-13T10:42:18.064205Z","level":"info","event":"Filling up the DagBag from /opt/airflow/dags/scrape_dag.py","logger":"airflow.dag_processing.dagbag.BundleDagBag","filename":"dagbag.py","lineno":460}
{"timestamp":"2026-07-13T10:42:20.149010Z","level":"warning","event":"Setting email on a task is deprecated; please migrate to SmtpNotifier.","category":"UserWarning","filename":"/home/airflow/.local/lib/python3.13/site-packages/airflow/providers/standard/operators/python.py","lineno":194,"logger":"py.warnings"}
{"timestamp":"2026-07-13T10:42:20.149832Z","level":"warning","event":"Setting email_on_retry on a task is deprecated; please migrate to SmtpNotifier.","category":"UserWarning","filename":"/home/airflow/.local/lib/python3.13/site-packages/airflow/providers/standard/operators/python.py","lineno":194,"logger":"py.warnings"}
{"timestamp":"2026-07-13T10:42:20.150034Z","level":"warning","event":"Setting email_on_failure on a task is deprecated; please migrate to SmtpNotifier.","category":"UserWarning","filename":"/home/airflow/.local/lib/python3.13/site-packages/airflow/providers/standard/operators/python.py","lineno":194,"logger":"py.warnings"}
{"timestamp":"2026-07-13T10:42:55.804482Z","level":"info","event":"Filling up the DagBag from /opt/airflow/dags/scrape_dag.py","logger":"airflow.dag_processing.dagbag.BundleDagBag","filename":"dagbag.py","lineno":460}
{"timestamp":"2026-07-13T10:42:56.383837Z","level":"warning","event":"Setting email on a task is deprecated; please migrate to SmtpNotifier.","category":"UserWarning","filename":"/home/airflow/.local/lib/python3.13/site-packages/airflow/providers/standard/operators/python.py","lineno":194,"logger":"py.warnings"}
{"timestamp":"2026-07-13T10:42:56.384536Z","level":"warning","event":"Setting email_on_retry on a task is deprecated; please migrate to SmtpNotifier.","category":"UserWarning","filename":"/home/airflow/.local/lib/python3.13/site-packages/airflow/providers/standard/operators/python.py","lineno":194,"logger":"py.warnings"}
{"timestamp":"2026-07-13T10:42:56.384667Z","level":"warning","event":"Setting email_on_failure on a task is deprecated; please migrate to SmtpNotifier.","category":"UserWarning","filename":"/home/airflow/.local/lib/python3.13/site-packages/airflow/providers/standard/operators/python.py","lineno":194,"logger":"py.warnings"}
{"timestamp":"2026-07-13T10:43:41.588407Z","level":"info","event":"Filling up the DagBag from /opt/airflow/dags/scrape_dag.py","logger":"airflow.dag_processing.dagbag.BundleDagBag","filename":"dagbag.py","lineno":460}
{"timestamp":"2026-07-13T10:43:42.040294Z","level":"warning","event":"Setting email on a task is deprecated; please migrate to SmtpNotifier.","category":"UserWarning","filename":"/home/airflow/.local/lib/python3.13/site-packages/airflow/providers/standard/operators/python.py","lineno":194,"logger":"py.warnings"}
{"timestamp":"2026-07-13T10:43:42.040489Z","level":"warning","event":"Setting email_on_retry on a task is deprecated; please migrate to SmtpNotifier.","category":"UserWarning","filename":"/home/airflow/.local/lib/python3.13/site-packages/airflow/providers/standard/operators/python.py","lineno":194,"logger":"py.warnings"}
{"timestamp":"2026-07-13T10:43:42.040562Z","level":"warning","event":"Setting email_on_failure on a task is deprecated; please migrate to SmtpNotifier.","category":"UserWarning","filename":"/home/airflow/.local/lib/python3.13/site-packages/airflow/providers/standard/operators/python.py","lineno":194,"logger":"py.warnings"}
{"timestamp":"2026-07-13T10:44:17.051275Z","level":"info","event":"Filling up the DagBag from /opt/airflow/dags/scrape_dag.py","logger":"airflow.dag_processing.dagbag.BundleDagBag","filename":"dagbag.py","lineno":460}
{"timestamp":"2026-07-13T10:44:17.548938Z","level":"warning","event":"Setting email on a task is deprecated; please migrate to SmtpNotifier.","category":"UserWarning","filename":"/home/airflow/.local/lib/python3.13/site-packages/airflow/providers/standard/operators/python.py","lineno":194,"logger":"py.warnings"}
{"timestamp":"2026-07-13T10:44:17.549608Z","level":"warning","event":"Setting email_on_retry on a task is deprecated; please migrate to SmtpNotifier.","category":"UserWarning","filename":"/home/airflow/.local/lib/python3.13/site-packages/airflow/providers/standard/operators/python.py","lineno":194,"logger":"py.warnings"}
{"timestamp":"2026-07-13T10:44:17.550548Z","level":"warning","event":"Setting email_on_failure on a task is deprecated; please migrate to SmtpNotifier.","category":"UserWarning","filename":"/home/airflow/.local/lib/python3.13/site-packages/airflow/providers/standard/operators/python.py","lineno":194,"logger":"py.warnings"}
{"timestamp":"2026-07-13T10:45:09.289487Z","level":"info","event":"Filling up the DagBag from /opt/airflow/dags/scrape_dag.py","logger":"airflow.dag_processing.dagbag.BundleDagBag","filename":"dagbag.py","lineno":460}
{"timestamp":"2026-07-13T10:45:09.573875Z","level":"warning","event":"Setting email on a task is deprecated; please migrate to SmtpNotifier.","category":"UserWarning","filename":"/home/airflow/.local/lib/python3.13/site-packages/airflow/providers/standard/operators/python.py","lineno":194,"logger":"py.warnings"}
{"timestamp":"2026-07-13T10:45:09.574041Z","level":"warning","event":"Setting email_on_retry on a task is deprecated; please migrate to SmtpNotifier.","category":"UserWarning","filename":"/home/airflow/.local/lib/python3.13/site-packages/airflow/providers/standard/operators/python.py","lineno":194,"logger":"py.warnings"}
{"timestamp":"2026-07-13T10:45:09.574118Z","level":"warning","event":"Setting email_on_failure on a task is deprecated; please migrate to SmtpNotifier.","category":"UserWarning","filename":"/home/airflow/.local/lib/python3.13/site-packages/airflow/providers/standard/operators/python.py","lineno":194,"logger":"py.warnings"}
{"timestamp":"2026-07-13T10:45:53.019374Z","level":"info","event":"Filling up the DagBag from /opt/airflow/dags/scrape_dag.py","logger":"airflow.dag_processing.dagbag.BundleDagBag","filename":"dagbag.py","lineno":460}
{"timestamp":"2026-07-13T10:45:53.450840Z","level":"warning","event":"Setting email on a task is deprecated; please migrate to SmtpNotifier.","category":"UserWarning","filename":"/home/airflow/.local/lib/python3.13/site-packages/airflow/providers/standard/operators/python.py","lineno":194,"logger":"py.warnings"}
{"timestamp":"2026-07-13T10:45:53.451125Z","level":"warning","event":"Setting email_on_retry on a task is deprecated; please migrate to SmtpNotifier.","category":"UserWarning","filename":"/home/airflow/.local/lib/python3.13/site-packages/airflow/providers/standard/operators/python.py","lineno":194,"logger":"py.warnings"}
{"timestamp":"2026-07-13T10:45:53.451202Z","level":"warning","event":"Setting email_on_failure on a task is deprecated; please migrate to SmtpNotifier.","category":"UserWarning","filename":"/home/airflow/.local/lib/python3.13/site-packages/airflow/providers/standard/operators/python.py","lineno":194,"logger":"py.warnings"}
{"timestamp":"2026-07-13T10:46:25.093512Z","level":"info","event":"Filling up the DagBag from /opt/airflow/dags/scrape_dag.py","logger":"airflow.dag_processing.dagbag.BundleDagBag","filename":"dagbag.py","lineno":460}
{"timestamp":"2026-07-13T10:46:25.526183Z","level":"warning","event":"Setting email on a task is deprecated; please migrate to SmtpNotifier.","category":"UserWarning","filename":"/home/airflow/.local/lib/python3.13/site-packages/airflow/providers/standard/operators/python.py","lineno":194,"logger":"py.warnings"}
{"timestamp":"2026-07-13T10:46:25.526536Z","level":"warning","event":"Setting email_on_retry on a task is deprecated; please migrate to SmtpNotifier.","category":"UserWarning","filename":"/home/airflow/.local/lib/python3.13/site-packages/airflow/providers/standard/operators/python.py","lineno":194,"logger":"py.warnings"}
{"timestamp":"2026-07-13T10:46:25.526883Z","level":"warning","event":"Setting email_on_failure on a task is deprecated; please migrate to SmtpNotifier.","category":"UserWarning","filename":"/home/airflow/.local/lib/python3.13/site-packages/airflow/providers/standard/operators/python.py","lineno":194,"logger":"py.warnings"}
{"timestamp":"2026-07-13T10:46:57.823018Z","level":"info","event":"Filling up the DagBag from /opt/airflow/dags/scrape_dag.py","logger":"airflow.dag_processing.dagbag.BundleDagBag","filename":"dagbag.py","lineno":460}
{"timestamp":"2026-07-13T10:46:57.968914Z","level":"warning","event":"Setting email on a task is deprecated; please migrate to SmtpNotifier.","category":"UserWarning","filename":"/home/airflow/.local/lib/python3.13/site-packages/airflow/providers/standard/operators/python.py","lineno":194,"logger":"py.warnings"}
{"timestamp":"2026-07-13T10:46:57.969019Z","level":"warning","event":"Setting email_on_retry on a task is deprecated; please migrate to SmtpNotifier.","category":"UserWarning","filename":"/home/airflow/.local/lib/python3.13/site-packages/airflow/providers/standard/operators/python.py","lineno":194,"logger":"py.warnings"}
{"timestamp":"2026-07-13T10:46:57.969060Z","level":"warning","event":"Setting email_on_failure on a task is deprecated; please migrate to SmtpNotifier.","category":"UserWarning","filename":"/home/airflow/.local/lib/python3.13/site-packages/airflow/providers/standard/operators/python.py","lineno":194,"logger":"py.warnings"}
{"timestamp":"2026-07-13T10:47:28.262072Z","level":"info","event":"Filling up the DagBag from /opt/airflow/dags/scrape_dag.py","logger":"airflow.dag_processing.dagbag.BundleDagBag","filename":"dagbag.py","lineno":460}
{"timestamp":"2026-07-13T10:47:28.521813Z","level":"warning","event":"Setting email on a task is deprecated; please migrate to SmtpNotifier.","category":"UserWarning","filename":"/home/airflow/.local/lib/python3.13/site-packages/airflow/providers/standard/operators/python.py","lineno":194,"logger":"py.warnings"}
{"timestamp":"2026-07-13T10:47:28.521963Z","level":"warning","event":"Setting email_on_retry on a task is deprecated; please migrate to SmtpNotifier.","category":"UserWarning","filename":"/home/airflow/.local/lib/python3.13/site-packages/airflow/providers/standard/operators/python.py","lineno":194,"logger":"py.warnings"}
{"timestamp":"2026-07-13T10:47:28.522052Z","level":"warning","event":"Setting email_on_failure on a task is deprecated; please migrate to SmtpNotifier.","category":"UserWarning","filename":"/home/airflow/.local/lib/python3.13/site-packages/airflow/providers/standard/operators/python.py","lineno":194,"logger":"py.warnings"}
{"timestamp":"2026-07-13T10:47:58.911674Z","level":"info","event":"Filling up the DagBag from /opt/airflow/dags/scrape_dag.py","logger":"airflow.dag_processing.dagbag.BundleDagBag","filename":"dagbag.py","lineno":460}
{"timestamp":"2026-07-13T10:47:59.023419Z","level":"warning","event":"Setting email on a task is deprecated; please migrate to SmtpNotifier.","category":"UserWarning","filename":"/home/airflow/.local/lib/python3.13/site-packages/airflow/providers/standard/operators/python.py","lineno":194,"logger":"py.warnings"}
{"timestamp":"2026-07-13T10:47:59.023541Z","level":"warning","event":"Setting email_on_retry on a task is deprecated; please migrate to SmtpNotifier.","category":"UserWarning","filename":"/home/airflow/.local/lib/python3.13/site-packages/airflow/providers/standard/operators/python.py","lineno":194,"logger":"py.warnings"}
{"timestamp":"2026-07-13T10:47:59.023583Z","level":"warning","event":"Setting email_on_failure on a task is deprecated; please migrate to SmtpNotifier.","category":"UserWarning","filename":"/home/airflow/.local/lib/python3.13/site-packages/airflow/providers/standard/operators/python.py","lineno":194,"logger":"py.warnings"}
{"timestamp":"2026-07-13T10:48:29.774780Z","level":"info","event":"Filling up the DagBag from /opt/airflow/dags/scrape_dag.py","logger":"airflow.dag_processing.dagbag.BundleDagBag","filename":"dagbag.py","lineno":460}
{"timestamp":"2026-07-13T10:48:30.084226Z","level":"warning","event":"Setting email on a task is deprecated; please migrate to SmtpNotifier.","category":"UserWarning","filename":"/home/airflow/.local/lib/python3.13/site-packages/airflow/providers/standard/operators/python.py","lineno":194,"logger":"py.warnings"}
{"timestamp":"2026-07-13T10:48:30.084399Z","level":"warning","event":"Setting email_on_retry on a task is deprecated; please migrate to SmtpNotifier.","category":"UserWarning","filename":"/home/airflow/.local/lib/python3.13/site-packages/airflow/providers/standard/operators/python.py","lineno":194,"logger":"py.warnings"}
{"timestamp":"2026-07-13T10:48:30.084452Z","level":"warning","event":"Setting email_on_failure on a task is deprecated; please migrate to SmtpNotifier.","category":"UserWarning","filename":"/home/airflow/.local/lib/python3.13/site-packages/airflow/providers/standard/operators/python.py","lineno":194,"logger":"py.warnings"}
{"timestamp":"2026-07-13T10:49:00.451708Z","level":"info","event":"Filling up the DagBag from /opt/airflow/dags/scrape_dag.py","logger":"airflow.dag_processing.dagbag.BundleDagBag","filename":"dagbag.py","lineno":460}
{"timestamp":"2026-07-13T10:49:00.605318Z","level":"warning","event":"Setting email on a task is deprecated; please migrate to SmtpNotifier.","category":"UserWarning","filename":"/home/airflow/.local/lib/python3.13/site-packages/airflow/providers/standard/operators/python.py","lineno":194,"logger":"py.warnings"}
{"timestamp":"2026-07-13T10:49:00.605498Z","level":"warning","event":"Setting email_on_retry on a task is deprecated; please migrate to SmtpNotifier.","category":"UserWarning","filename":"/home/airflow/.local/lib/python3.13/site-packages/airflow/providers/standard/operators/python.py","lineno":194,"logger":"py.warnings"}
{"timestamp":"2026-07-13T10:49:00.605538Z","level":"warning","event":"Setting email_on_failure on a task is deprecated; please migrate to SmtpNotifier.","category":"UserWarning","filename":"/home/airflow/.local/lib/python3.13/site-packages/airflow/providers/standard/operators/python.py","lineno":194,"logger":"py.warnings"}
{"timestamp":"2026-07-13T10:49:31.140253Z","level":"info","event":"Filling up the DagBag from /opt/airflow/dags/scrape_dag.py","logger":"airflow.dag_processing.dagbag.BundleDagBag","filename":"dagbag.py","lineno":460}
{"timestamp":"2026-07-13T10:49:31.309997Z","level":"warning","event":"Setting email on a task is deprecated; please migrate to SmtpNotifier.","category":"UserWarning","filename":"/home/airflow/.local/lib/python3.13/site-packages/airflow/providers/standard/operators/python.py","lineno":194,"logger":"py.warnings"}
{"timestamp":"2026-07-13T10:49:31.310190Z","level":"warning","event":"Setting email_on_retry on a task is deprecated; please migrate to SmtpNotifier.","category":"UserWarning","filename":"/home/airflow/.local/lib/python3.13/site-packages/airflow/providers/standard/operators/python.py","lineno":194,"logger":"py.warnings"}
{"timestamp":"2026-07-13T10:49:31.310301Z","level":"warning","event":"Setting email_on_failure on a task is deprecated; please migrate to SmtpNotifier.","category":"UserWarning","filename":"/home/airflow/.local/lib/python3.13/site-packages/airflow/providers/standard/operators/python.py","lineno":194,"logger":"py.warnings"}
{"timestamp":"2026-07-13T10:50:01.893546Z","level":"info","event":"Filling up the DagBag from /opt/airflow/dags/scrape_dag.py","logger":"airflow.dag_processing.dagbag.BundleDagBag","filename":"dagbag.py","lineno":460}
{"timestamp":"2026-07-13T10:50:02.042991Z","level":"warning","event":"Setting email on a task is deprecated; please migrate to SmtpNotifier.","category":"UserWarning","filename":"/home/airflow/.local/lib/python3.13/site-packages/airflow/providers/standard/operators/python.py","lineno":194,"logger":"py.warnings"}
{"timestamp":"2026-07-13T10:50:02.043093Z","level":"warning","event":"Setting email_on_retry on a task is deprecated; please migrate to SmtpNotifier.","category":"UserWarning","filename":"/home/airflow/.local/lib/python3.13/site-packages/airflow/providers/standard/operators/python.py","lineno":194,"logger":"py.warnings"}
{"timestamp":"2026-07-13T10:50:02.043134Z","level":"warning","event":"Setting email_on_failure on a task is deprecated; please migrate to SmtpNotifier.","category":"UserWarning","filename":"/home/airflow/.local/lib/python3.13/site-packages/airflow/providers/standard/operators/python.py","lineno":194,"logger":"py.warnings"}
{"timestamp":"2026-07-13T10:50:32.748612Z","level":"info","event":"Filling up the DagBag from /opt/airflow/dags/scrape_dag.py","logger":"airflow.dag_processing.dagbag.BundleDagBag","filename":"dagbag.py","lineno":460}
{"timestamp":"2026-07-13T10:50:32.930694Z","level":"warning","event":"Setting email on a task is deprecated; please migrate to SmtpNotifier.","category":"UserWarning","filename":"/home/airflow/.local/lib/python3.13/site-packages/airflow/providers/standard/operators/python.py","lineno":194,"logger":"py.warnings"}
{"timestamp":"2026-07-13T10:50:32.930894Z","level":"warning","event":"Setting email_on_retry on a task is deprecated; please migrate to SmtpNotifier.","category":"UserWarning","filename":"/home/airflow/.local/lib/python3.13/site-packages/airflow/providers/standard/operators/python.py","lineno":194,"logger":"py.warnings"}
{"timestamp":"2026-07-13T10:50:32.930951Z","level":"warning","event":"Setting email_on_failure on a task is deprecated; please migrate to SmtpNotifier.","category":"UserWarning","filename":"/home/airflow/.local/lib/python3.13/site-packages/airflow/providers/standard/operators/python.py","lineno":194,"logger":"py.warnings"}
{"timestamp":"2026-07-13T10:51:03.253528Z","level":"info","event":"Filling up the DagBag from /opt/airflow/dags/scrape_dag.py","logger":"airflow.dag_processing.dagbag.BundleDagBag","filename":"dagbag.py","lineno":460}
{"timestamp":"2026-07-13T10:51:03.422645Z","level":"warning","event":"Setting email on a task is deprecated; please migrate to SmtpNotifier.","category":"UserWarning","filename":"/home/airflow/.local/lib/python3.13/site-packages/airflow/providers/standard/operators/python.py","lineno":194,"logger":"py.warnings"}
{"timestamp":"2026-07-13T10:51:03.422855Z","level":"warning","event":"Setting email_on_retry on a task is deprecated; please migrate to SmtpNotifier.","category":"UserWarning","filename":"/home/airflow/.local/lib/python3.13/site-packages/airflow/providers/standard/operators/python.py","lineno":194,"logger":"py.warnings"}
{"timestamp":"2026-07-13T10:51:03.423081Z","level":"warning","event":"Setting email_on_failure on a task is deprecated; please migrate to SmtpNotifier.","category":"UserWarning","filename":"/home/airflow/.local/lib/python3.13/site-packages/airflow/providers/standard/operators/python.py","lineno":194,"logger":"py.warnings"}
{"timestamp":"2026-07-13T10:51:33.985735Z","level":"info","event":"Filling up the DagBag from /opt/airflow/dags/scrape_dag.py","logger":"airflow.dag_processing.dagbag.BundleDagBag","filename":"dagbag.py","lineno":460}
{"timestamp":"2026-07-13T10:51:34.129641Z","level":"warning","event":"Setting email on a task is deprecated; please migrate to SmtpNotifier.","category":"UserWarning","filename":"/home/airflow/.local/lib/python3.13/site-packages/airflow/providers/standard/operators/python.py","lineno":194,"logger":"py.warnings"}
{"timestamp":"2026-07-13T10:51:34.129774Z","level":"warning","event":"Setting email_on_retry on a task is deprecated; please migrate to SmtpNotifier.","category":"UserWarning","filename":"/home/airflow/.local/lib/python3.13/site-packages/airflow/providers/standard/operators/python.py","lineno":194,"logger":"py.warnings"}
{"timestamp":"2026-07-13T10:51:34.129848Z","level":"warning","event":"Setting email_on_failure on a task is deprecated; please migrate to SmtpNotifier.","category":"UserWarning","filename":"/home/airflow/.local/lib/python3.13/site-packages/airflow/providers/standard/operators/python.py","lineno":194,"logger":"py.warnings"}
{"timestamp":"2026-07-13T10:52:04.908884Z","level":"info","event":"Filling up the DagBag from /opt/airflow/dags/scrape_dag.py","logger":"airflow.dag_processing.dagbag.BundleDagBag","filename":"dagbag.py","lineno":460}
{"timestamp":"2026-07-13T10:52:05.329614Z","level":"warning","event":"Setting email on a task is deprecated; please migrate to SmtpNotifier.","category":"UserWarning","filename":"/home/airflow/.local/lib/python3.13/site-packages/airflow/providers/standard/operators/python.py","lineno":194,"logger":"py.warnings"}
{"timestamp":"2026-07-13T10:52:05.330643Z","level":"warning","event":"Setting email_on_retry on a task is deprecated; please migrate to SmtpNotifier.","category":"UserWarning","filename":"/home/airflow/.local/lib/python3.13/site-packages/airflow/providers/standard/operators/python.py","lineno":194,"logger":"py.warnings"}
{"timestamp":"2026-07-13T10:52:05.330888Z","level":"warning","event":"Setting email_on_failure on a task is deprecated; please migrate to SmtpNotifier.","category":"UserWarning","filename":"/home/airflow/.local/lib/python3.13/site-packages/airflow/providers/standard/operators/python.py","lineno":194,"logger":"py.warnings"}
{"timestamp":"2026-07-13T10:52:35.535909Z","level":"info","event":"Filling up the DagBag from /opt/airflow/dags/scrape_dag.py","logger":"airflow.dag_processing.dagbag.BundleDagBag","filename":"dagbag.py","lineno":460}
{"timestamp":"2026-07-13T10:52:35.683325Z","level":"warning","event":"Setting email on a task is deprecated; please migrate to SmtpNotifier.","category":"UserWarning","filename":"/home/airflow/.local/lib/python3.13/site-packages/airflow/providers/standard/operators/python.py","lineno":194,"logger":"py.warnings"}
{"timestamp":"2026-07-13T10:52:35.683462Z","level":"warning","event":"Setting email_on_retry on a task is deprecated; please migrate to SmtpNotifier.","category":"UserWarning","filename":"/home/airflow/.local/lib/python3.13/site-packages/airflow/providers/standard/operators/python.py","lineno":194,"logger":"py.warnings"}
{"timestamp":"2026-07-13T10:52:35.683520Z","level":"warning","event":"Setting email_on_failure on a task is deprecated; please migrate to SmtpNotifier.","category":"UserWarning","filename":"/home/airflow/.local/lib/python3.13/site-packages/airflow/providers/standard/operators/python.py","lineno":194,"logger":"py.warnings"}
{"timestamp":"2026-07-13T10:53:06.269930Z","level":"info","event":"Filling up the DagBag from /opt/airflow/dags/scrape_dag.py","logger":"airflow.dag_processing.dagbag.BundleDagBag","filename":"dagbag.py","lineno":460}
{"timestamp":"2026-07-13T10:53:06.467780Z","level":"warning","event":"Setting email on a task is deprecated; please migrate to SmtpNotifier.","category":"UserWarning","filename":"/home/airflow/.local/lib/python3.13/site-packages/airflow/providers/standard/operators/python.py","lineno":194,"logger":"py.warnings"}
{"timestamp":"2026-07-13T10:53:06.467904Z","level":"warning","event":"Setting email_on_retry on a task is deprecated; please migrate to SmtpNotifier.","category":"UserWarning","filename":"/home/airflow/.local/lib/python3.13/site-packages/airflow/providers/standard/operators/python.py","lineno":194,"logger":"py.warnings"}
{"timestamp":"2026-07-13T10:53:06.467950Z","level":"warning","event":"Setting email_on_failure on a task is deprecated; please migrate to SmtpNotifier.","category":"UserWarning","filename":"/home/airflow/.local/lib/python3.13/site-packages/airflow/providers/standard/operators/python.py","lineno":194,"logger":"py.warnings"}
{"timestamp":"2026-07-13T10:53:36.657103Z","level":"info","event":"Filling up the DagBag from /opt/airflow/dags/scrape_dag.py","logger":"airflow.dag_processing.dagbag.BundleDagBag","filename":"dagbag.py","lineno":460}
{"timestamp":"2026-07-13T10:53:36.808883Z","level":"warning","event":"Setting email on a task is deprecated; please migrate to SmtpNotifier.","category":"UserWarning","filename":"/home/airflow/.local/lib/python3.13/site-packages/airflow/providers/standard/operators/python.py","lineno":194,"logger":"py.warnings"}
{"timestamp":"2026-07-13T10:53:36.808990Z","level":"warning","event":"Setting email_on_retry on a task is deprecated; please migrate to SmtpNotifier.","category":"UserWarning","filename":"/home/airflow/.local/lib/python3.13/site-packages/airflow/providers/standard/operators/python.py","lineno":194,"logger":"py.warnings"}
{"timestamp":"2026-07-13T10:53:36.809043Z","level":"warning","event":"Setting email_on_failure on a task is deprecated; please migrate to SmtpNotifier.","category":"UserWarning","filename":"/home/airflow/.local/lib/python3.13/site-packages/airflow/providers/standard/operators/python.py","lineno":194,"logger":"py.warnings"}
{"timestamp":"2026-07-13T10:54:07.007649Z","level":"info","event":"Filling up the DagBag from /opt/airflow/dags/scrape_dag.py","logger":"airflow.dag_processing.dagbag.BundleDagBag","filename":"dagbag.py","lineno":460}
{"timestamp":"2026-07-13T10:54:07.148948Z","level":"warning","event":"Setting email on a task is deprecated; please migrate to SmtpNotifier.","category":"UserWarning","filename":"/home/airflow/.local/lib/python3.13/site-packages/airflow/providers/standard/operators/python.py","lineno":194,"logger":"py.warnings"}
{"timestamp":"2026-07-13T10:54:07.149029Z","level":"warning","event":"Setting email_on_retry on a task is deprecated; please migrate to SmtpNotifier.","category":"UserWarning","filename":"/home/airflow/.local/lib/python3.13/site-packages/airflow/providers/standard/operators/python.py","lineno":194,"logger":"py.warnings"}
{"timestamp":"2026-07-13T10:54:07.149064Z","level":"warning","event":"Setting email_on_failure on a task is deprecated; please migrate to SmtpNotifier.","category":"UserWarning","filename":"/home/airflow/.local/lib/python3.13/site-packages/airflow/providers/standard/operators/python.py","lineno":194,"logger":"py.warnings"}
{"timestamp":"2026-07-13T10:54:37.825358Z","level":"info","event":"Filling up the DagBag from /opt/airflow/dags/scrape_dag.py","logger":"airflow.dag_processing.dagbag.BundleDagBag","filename":"dagbag.py","lineno":460}
{"timestamp":"2026-07-13T10:54:38.000757Z","level":"warning","event":"Setting email on a task is deprecated; please migrate to SmtpNotifier.","category":"UserWarning","filename":"/home/airflow/.local/lib/python3.13/site-packages/airflow/providers/standard/operators/python.py","lineno":194,"logger":"py.warnings"}
{"timestamp":"2026-07-13T10:54:38.000880Z","level":"warning","event":"Setting email_on_retry on a task is deprecated; please migrate to SmtpNotifier.","category":"UserWarning","filename":"/home/airflow/.local/lib/python3.13/site-packages/airflow/providers/standard/operators/python.py","lineno":194,"logger":"py.warnings"}
{"timestamp":"2026-07-13T10:54:38.000955Z","level":"warning","event":"Setting email_on_failure on a task is deprecated; please migrate to SmtpNotifier.","category":"UserWarning","filename":"/home/airflow/.local/lib/python3.13/site-packages/airflow/providers/standard/operators/python.py","lineno":194,"logger":"py.warnings"}
{"timestamp":"2026-07-13T10:55:08.738870Z","level":"info","event":"Filling up the DagBag from /opt/airflow/dags/scrape_dag.py","logger":"airflow.dag_processing.dagbag.BundleDagBag","filename":"dagbag.py","lineno":460}
{"timestamp":"2026-07-13T10:55:08.906417Z","level":"warning","event":"Setting email on a task is deprecated; please migrate to SmtpNotifier.","category":"UserWarning","filename":"/home/airflow/.local/lib/python3.13/site-packages/airflow/providers/standard/operators/python.py","lineno":194,"logger":"py.warnings"}
{"timestamp":"2026-07-13T10:55:08.906578Z","level":"warning","event":"Setting email_on_retry on a task is deprecated; please migrate to SmtpNotifier.","category":"UserWarning","filename":"/home/airflow/.local/lib/python3.13/site-packages/airflow/providers/standard/operators/python.py","lineno":194,"logger":"py.warnings"}
{"timestamp":"2026-07-13T10:55:08.906642Z","level":"warning","event":"Setting email_on_failure on a task is deprecated; please migrate to SmtpNotifier.","category":"UserWarning","filename":"/home/airflow/.local/lib/python3.13/site-packages/airflow/providers/standard/operators/python.py","lineno":194,"logger":"py.warnings"}
{"timestamp":"2026-07-13T10:55:39.009352Z","level":"info","event":"Filling up the DagBag from /opt/airflow/dags/scrape_dag.py","logger":"airflow.dag_processing.dagbag.BundleDagBag","filename":"dagbag.py","lineno":460}
{"timestamp":"2026-07-13T10:55:39.168490Z","level":"warning","event":"Setting email on a task is deprecated; please migrate to SmtpNotifier.","category":"UserWarning","filename":"/home/airflow/.local/lib/python3.13/site-packages/airflow/providers/standard/operators/python.py","lineno":194,"logger":"py.warnings"}
{"timestamp":"2026-07-13T10:55:39.168607Z","level":"warning","event":"Setting email_on_retry on a task is deprecated; please migrate to SmtpNotifier.","category":"UserWarning","filename":"/home/airflow/.local/lib/python3.13/site-packages/airflow/providers/standard/operators/python.py","lineno":194,"logger":"py.warnings"}
{"timestamp":"2026-07-13T10:55:39.168646Z","level":"warning","event":"Setting email_on_failure on a task is deprecated; please migrate to SmtpNotifier.","category":"UserWarning","filename":"/home/airflow/.local/lib/python3.13/site-packages/airflow/providers/standard/operators/python.py","lineno":194,"logger":"py.warnings"}
{"timestamp":"2026-07-13T10:56:09.733287Z","level":"info","event":"Filling up the DagBag from /opt/airflow/dags/scrape_dag.py","logger":"airflow.dag_processing.dagbag.BundleDagBag","filename":"dagbag.py","lineno":460}
{"timestamp":"2026-07-13T10:56:10.701093Z","level":"warning","event":"Setting email on a task is deprecated; please migrate to SmtpNotifier.","category":"UserWarning","filename":"/home/airflow/.local/lib/python3.13/site-packages/airflow/providers/standard/operators/python.py","lineno":194,"logger":"py.warnings"}
{"timestamp":"2026-07-13T10:56:10.702097Z","level":"warning","event":"Setting email_on_retry on a task is deprecated; please migrate to SmtpNotifier.","category":"UserWarning","filename":"/home/airflow/.local/lib/python3.13/site-packages/airflow/providers/standard/operators/python.py","lineno":194,"logger":"py.warnings"}
{"timestamp":"2026-07-13T10:56:10.702210Z","level":"warning","event":"Setting email_on_failure on a task is deprecated; please migrate to SmtpNotifier.","category":"UserWarning","filename":"/home/airflow/.local/lib/python3.13/site-packages/airflow/providers/standard/operators/python.py","lineno":194,"logger":"py.warnings"}
{"timestamp":"2026-07-13T10:56:43.500310Z","level":"info","event":"Filling up the DagBag from /opt/airflow/dags/scrape_dag.py","logger":"airflow.dag_processing.dagbag.BundleDagBag","filename":"dagbag.py","lineno":460}
{"timestamp":"2026-07-13T10:56:44.482547Z","level":"warning","event":"Setting email on a task is deprecated; please migrate to SmtpNotifier.","category":"UserWarning","filename":"/home/airflow/.local/lib/python3.13/site-packages/airflow/providers/standard/operators/python.py","lineno":194,"logger":"py.warnings"}
{"timestamp":"2026-07-13T10:56:44.483035Z","level":"warning","event":"Setting email_on_retry on a task is deprecated; please migrate to SmtpNotifier.","category":"UserWarning","filename":"/home/airflow/.local/lib/python3.13/site-packages/airflow/providers/standard/operators/python.py","lineno":194,"logger":"py.warnings"}
{"timestamp":"2026-07-13T10:56:44.483119Z","level":"warning","event":"Setting email_on_failure on a task is deprecated; please migrate to SmtpNotifier.","category":"UserWarning","filename":"/home/airflow/.local/lib/python3.13/site-packages/airflow/providers/standard/operators/python.py","lineno":194,"logger":"py.warnings"}
{"timestamp":"2026-07-13T10:56:51.205958Z","level":"info","event":"Filling up the DagBag from /opt/airflow/dags/scrape_dag.py","logger":"airflow.dag_processing.dagbag.BundleDagBag","filename":"dagbag.py","lineno":460}
{"timestamp":"2026-07-13T10:56:51.878541Z","level":"warning","event":"Setting email on a task is deprecated; please migrate to SmtpNotifier.","category":"UserWarning","filename":"/home/airflow/.local/lib/python3.13/site-packages/airflow/providers/standard/operators/python.py","lineno":194,"logger":"py.warnings"}
{"timestamp":"2026-07-13T10:56:51.878945Z","level":"warning","event":"Setting email_on_retry on a task is deprecated; please migrate to SmtpNotifier.","category":"UserWarning","filename":"/home/airflow/.local/lib/python3.13/site-packages/airflow/providers/standard/operators/python.py","lineno":194,"logger":"py.warnings"}
{"timestamp":"2026-07-13T10:56:51.879013Z","level":"warning","event":"Setting email_on_failure on a task is deprecated; please migrate to SmtpNotifier.","category":"UserWarning","filename":"/home/airflow/.local/lib/python3.13/site-packages/airflow/providers/standard/operators/python.py","lineno":194,"logger":"py.warnings"}
{"timestamp":"2026-07-13T10:57:24.135101Z","level":"info","event":"Filling up the DagBag from /opt/airflow/dags/scrape_dag.py","logger":"airflow.dag_processing.dagbag.BundleDagBag","filename":"dagbag.py","lineno":460}
{"timestamp":"2026-07-13T10:57:24.759825Z","level":"warning","event":"Setting email on a task is deprecated; please migrate to SmtpNotifier.","category":"UserWarning","filename":"/home/airflow/.local/lib/python3.13/site-packages/airflow/providers/standard/operators/python.py","lineno":194,"logger":"py.warnings"}
{"timestamp":"2026-07-13T10:57:24.760534Z","level":"warning","event":"Setting email_on_retry on a task is deprecated; please migrate to SmtpNotifier.","category":"UserWarning","filename":"/home/airflow/.local/lib/python3.13/site-packages/airflow/providers/standard/operators/python.py","lineno":194,"logger":"py.warnings"}
{"timestamp":"2026-07-13T10:57:24.760767Z","level":"warning","event":"Setting email_on_failure on a task is deprecated; please migrate to SmtpNotifier.","category":"UserWarning","filename":"/home/airflow/.local/lib/python3.13/site-packages/airflow/providers/standard/operators/python.py","lineno":194,"logger":"py.warnings"}
{"timestamp":"2026-07-13T10:57:55.837444Z","level":"info","event":"Filling up the DagBag from /opt/airflow/dags/scrape_dag.py","logger":"airflow.dag_processing.dagbag.BundleDagBag","filename":"dagbag.py","lineno":460}
{"timestamp":"2026-07-13T10:57:56.140368Z","level":"warning","event":"Setting email on a task is deprecated; please migrate to SmtpNotifier.","category":"UserWarning","filename":"/home/airflow/.local/lib/python3.13/site-packages/airflow/providers/standard/operators/python.py","lineno":194,"logger":"py.warnings"}
{"timestamp":"2026-07-13T10:57:56.140615Z","level":"warning","event":"Setting email_on_retry on a task is deprecated; please migrate to SmtpNotifier.","category":"UserWarning","filename":"/home/airflow/.local/lib/python3.13/site-packages/airflow/providers/standard/operators/python.py","lineno":194,"logger":"py.warnings"}
{"timestamp":"2026-07-13T10:57:56.140782Z","level":"warning","event":"Setting email_on_failure on a task is deprecated; please migrate to SmtpNotifier.","category":"UserWarning","filename":"/home/airflow/.local/lib/python3.13/site-packages/airflow/providers/standard/operators/python.py","lineno":194,"logger":"py.warnings"}
{"timestamp":"2026-07-13T10:58:26.638230Z","level":"info","event":"Filling up the DagBag from /opt/airflow/dags/scrape_dag.py","logger":"airflow.dag_processing.dagbag.BundleDagBag","filename":"dagbag.py","lineno":460}
{"timestamp":"2026-07-13T10:58:27.105848Z","level":"warning","event":"Setting email on a task is deprecated; please migrate to SmtpNotifier.","category":"UserWarning","filename":"/home/airflow/.local/lib/python3.13/site-packages/airflow/providers/standard/operators/python.py","lineno":194,"logger":"py.warnings"}
{"timestamp":"2026-07-13T10:58:27.106228Z","level":"warning","event":"Setting email_on_retry on a task is deprecated; please migrate to SmtpNotifier.","category":"UserWarning","filename":"/home/airflow/.local/lib/python3.13/site-packages/airflow/providers/standard/operators/python.py","lineno":194,"logger":"py.warnings"}
{"timestamp":"2026-07-13T10:58:27.106317Z","level":"warning","event":"Setting email_on_failure on a task is deprecated; please migrate to SmtpNotifier.","category":"UserWarning","filename":"/home/airflow/.local/lib/python3.13/site-packages/airflow/providers/standard/operators/python.py","lineno":194,"logger":"py.warnings"}
{"timestamp":"2026-07-13T10:58:57.504084Z","level":"info","event":"Filling up the DagBag from /opt/airflow/dags/scrape_dag.py","logger":"airflow.dag_processing.dagbag.BundleDagBag","filename":"dagbag.py","lineno":460}
{"timestamp":"2026-07-13T10:58:57.686356Z","level":"warning","event":"Setting email on a task is deprecated; please migrate to SmtpNotifier.","category":"UserWarning","filename":"/home/airflow/.local/lib/python3.13/site-packages/airflow/providers/standard/operators/python.py","lineno":194,"logger":"py.warnings"}
{"timestamp":"2026-07-13T10:58:57.686481Z","level":"warning","event":"Setting email_on_retry on a task is deprecated; please migrate to SmtpNotifier.","category":"UserWarning","filename":"/home/airflow/.local/lib/python3.13/site-packages/airflow/providers/standard/operators/python.py","lineno":194,"logger":"py.warnings"}
{"timestamp":"2026-07-13T10:58:57.686519Z","level":"warning","event":"Setting email_on_failure on a task is deprecated; please migrate to SmtpNotifier.","category":"UserWarning","filename":"/home/airflow/.local/lib/python3.13/site-packages/airflow/providers/standard/operators/python.py","lineno":194,"logger":"py.warnings"}
{"timestamp":"2026-07-13T10:59:28.714152Z","level":"info","event":"Filling up the DagBag from /opt/airflow/dags/scrape_dag.py","logger":"airflow.dag_processing.dagbag.BundleDagBag","filename":"dagbag.py","lineno":460}
{"timestamp":"2026-07-13T10:59:28.827295Z","level":"warning","event":"Setting email on a task is deprecated; please migrate to SmtpNotifier.","category":"UserWarning","filename":"/home/airflow/.local/lib/python3.13/site-packages/airflow/providers/standard/operators/python.py","lineno":194,"logger":"py.warnings"}
{"timestamp":"2026-07-13T10:59:28.827401Z","level":"warning","event":"Setting email_on_retry on a task is deprecated; please migrate to SmtpNotifier.","category":"UserWarning","filename":"/home/airflow/.local/lib/python3.13/site-packages/airflow/providers/standard/operators/python.py","lineno":194,"logger":"py.warnings"}
{"timestamp":"2026-07-13T10:59:28.827458Z","level":"warning","event":"Setting email_on_failure on a task is deprecated; please migrate to SmtpNotifier.","category":"UserWarning","filename":"/home/airflow/.local/lib/python3.13/site-packages/airflow/providers/standard/operators/python.py","lineno":194,"logger":"py.warnings"}
{"timestamp":"2026-07-13T10:59:59.894779Z","level":"info","event":"Filling up the DagBag from /opt/airflow/dags/scrape_dag.py","logger":"airflow.dag_processing.dagbag.BundleDagBag","filename":"dagbag.py","lineno":460}
{"timestamp":"2026-07-13T11:00:00.031511Z","level":"warning","event":"Setting email on a task is deprecated; please migrate to SmtpNotifier.","category":"UserWarning","filename":"/home/airflow/.local/lib/python3.13/site-packages/airflow/providers/standard/operators/python.py","lineno":194,"logger":"py.warnings"}
{"timestamp":"2026-07-13T11:00:00.031681Z","level":"warning","event":"Setting email_on_retry on a task is deprecated; please migrate to SmtpNotifier.","category":"UserWarning","filename":"/home/airflow/.local/lib/python3.13/site-packages/airflow/providers/standard/operators/python.py","lineno":194,"logger":"py.warnings"}
{"timestamp":"2026-07-13T11:00:00.031734Z","level":"warning","event":"Setting email_on_failure on a task is deprecated; please migrate to SmtpNotifier.","category":"UserWarning","filename":"/home/airflow/.local/lib/python3.13/site-packages/airflow/providers/standard/operators/python.py","lineno":194,"logger":"py.warnings"}
{"timestamp":"2026-07-13T11:00:30.812840Z","level":"info","event":"Filling up the DagBag from /opt/airflow/dags/scrape_dag.py","logger":"airflow.dag_processing.dagbag.BundleDagBag","filename":"dagbag.py","lineno":460}
{"timestamp":"2026-07-13T11:00:30.928411Z","level":"warning","event":"Setting email on a task is deprecated; please migrate to SmtpNotifier.","category":"UserWarning","filename":"/home/airflow/.local/lib/python3.13/site-packages/airflow/providers/standard/operators/python.py","lineno":194,"logger":"py.warnings"}
{"timestamp":"2026-07-13T11:00:30.928763Z","level":"warning","event":"Setting email_on_retry on a task is deprecated; please migrate to SmtpNotifier.","category":"UserWarning","filename":"/home/airflow/.local/lib/python3.13/site-packages/airflow/providers/standard/operators/python.py","lineno":194,"logger":"py.warnings"}
{"timestamp":"2026-07-13T11:00:30.928921Z","level":"warning","event":"Setting email_on_failure on a task is deprecated; please migrate to SmtpNotifier.","category":"UserWarning","filename":"/home/airflow/.local/lib/python3.13/site-packages/airflow/providers/standard/operators/python.py","lineno":194,"logger":"py.warnings"}
{"timestamp":"2026-07-13T11:01:01.237041Z","level":"info","event":"Filling up the DagBag from /opt/airflow/dags/scrape_dag.py","logger":"airflow.dag_processing.dagbag.BundleDagBag","filename":"dagbag.py","lineno":460}
{"timestamp":"2026-07-13T11:01:01.418668Z","level":"warning","event":"Setting email on a task is deprecated; please migrate to SmtpNotifier.","category":"UserWarning","filename":"/home/airflow/.local/lib/python3.13/site-packages/airflow/providers/standard/operators/python.py","lineno":194,"logger":"py.warnings"}
{"timestamp":"2026-07-13T11:01:01.418805Z","level":"warning","event":"Setting email_on_retry on a task is deprecated; please migrate to SmtpNotifier.","category":"UserWarning","filename":"/home/airflow/.local/lib/python3.13/site-packages/airflow/providers/standard/operators/python.py","lineno":194,"logger":"py.warnings"}
{"timestamp":"2026-07-13T11:01:01.418873Z","level":"warning","event":"Setting email_on_failure on a task is deprecated; please migrate to SmtpNotifier.","category":"UserWarning","filename":"/home/airflow/.local/lib/python3.13/site-packages/airflow/providers/standard/operators/python.py","lineno":194,"logger":"py.warnings"}
{"timestamp":"2026-07-13T11:01:32.089702Z","level":"info","event":"Filling up the DagBag from /opt/airflow/dags/scrape_dag.py","logger":"airflow.dag_processing.dagbag.BundleDagBag","filename":"dagbag.py","lineno":460}
{"timestamp":"2026-07-13T11:01:32.248450Z","level":"warning","event":"Setting email on a task is deprecated; please migrate to SmtpNotifier.","category":"UserWarning","filename":"/home/airflow/.local/lib/python3.13/site-packages/airflow/providers/standard/operators/python.py","lineno":194,"logger":"py.warnings"}
{"timestamp":"2026-07-13T11:01:32.248607Z","level":"warning","event":"Setting email_on_retry on a task is deprecated; please migrate to SmtpNotifier.","category":"UserWarning","filename":"/home/airflow/.local/lib/python3.13/site-packages/airflow/providers/standard/operators/python.py","lineno":194,"logger":"py.warnings"}
{"timestamp":"2026-07-13T11:01:32.248713Z","level":"warning","event":"Setting email_on_failure on a task is deprecated; please migrate to SmtpNotifier.","category":"UserWarning","filename":"/home/airflow/.local/lib/python3.13/site-packages/airflow/providers/standard/operators/python.py","lineno":194,"logger":"py.warnings"}
{"timestamp":"2026-07-13T11:02:02.415950Z","level":"info","event":"Filling up the DagBag from /opt/airflow/dags/scrape_dag.py","logger":"airflow.dag_processing.dagbag.BundleDagBag","filename":"dagbag.py","lineno":460}
{"timestamp":"2026-07-13T11:02:02.595908Z","level":"warning","event":"Setting email on a task is deprecated; please migrate to SmtpNotifier.","category":"UserWarning","filename":"/home/airflow/.local/lib/python3.13/site-packages/airflow/providers/standard/operators/python.py","lineno":194,"logger":"py.warnings"}
{"timestamp":"2026-07-13T11:02:02.596025Z","level":"warning","event":"Setting email_on_retry on a task is deprecated; please migrate to SmtpNotifier.","category":"UserWarning","filename":"/home/airflow/.local/lib/python3.13/site-packages/airflow/providers/standard/operators/python.py","lineno":194,"logger":"py.warnings"}
{"timestamp":"2026-07-13T11:02:02.596076Z","level":"warning","event":"Setting email_on_failure on a task is deprecated; please migrate to SmtpNotifier.","category":"UserWarning","filename":"/home/airflow/.local/lib/python3.13/site-packages/airflow/providers/standard/operators/python.py","lineno":194,"logger":"py.warnings"}
{"timestamp":"2026-07-13T11:02:33.423993Z","level":"info","event":"Filling up the DagBag from /opt/airflow/dags/scrape_dag.py","logger":"airflow.dag_processing.dagbag.BundleDagBag","filename":"dagbag.py","lineno":460}
{"timestamp":"2026-07-13T11:02:33.731729Z","level":"warning","event":"Setting email on a task is deprecated; please migrate to SmtpNotifier.","category":"UserWarning","filename":"/home/airflow/.local/lib/python3.13/site-packages/airflow/providers/standard/operators/python.py","lineno":194,"logger":"py.warnings"}
{"timestamp":"2026-07-13T11:02:33.731892Z","level":"warning","event":"Setting email_on_retry on a task is deprecated; please migrate to SmtpNotifier.","category":"UserWarning","filename":"/home/airflow/.local/lib/python3.13/site-packages/airflow/providers/standard/operators/python.py","lineno":194,"logger":"py.warnings"}
{"timestamp":"2026-07-13T11:02:33.731949Z","level":"warning","event":"Setting email_on_failure on a task is deprecated; please migrate to SmtpNotifier.","category":"UserWarning","filename":"/home/airflow/.local/lib/python3.13/site-packages/airflow/providers/standard/operators/python.py","lineno":194,"logger":"py.warnings"}
{"timestamp":"2026-07-13T11:03:04.331263Z","level":"info","event":"Filling up the DagBag from /opt/airflow/dags/scrape_dag.py","logger":"airflow.dag_processing.dagbag.BundleDagBag","filename":"dagbag.py","lineno":460}
{"timestamp":"2026-07-13T11:03:04.515708Z","level":"warning","event":"Setting email on a task is deprecated; please migrate to SmtpNotifier.","category":"UserWarning","filename":"/home/airflow/.local/lib/python3.13/site-packages/airflow/providers/standard/operators/python.py","lineno":194,"logger":"py.warnings"}
{"timestamp":"2026-07-13T11:03:04.515875Z","level":"warning","event":"Setting email_on_retry on a task is deprecated; please migrate to SmtpNotifier.","category":"UserWarning","filename":"/home/airflow/.local/lib/python3.13/site-packages/airflow/providers/standard/operators/python.py","lineno":194,"logger":"py.warnings"}
{"timestamp":"2026-07-13T11:03:04.515959Z","level":"warning","event":"Setting email_on_failure on a task is deprecated; please migrate to SmtpNotifier.","category":"UserWarning","filename":"/home/airflow/.local/lib/python3.13/site-packages/airflow/providers/standard/operators/python.py","lineno":194,"logger":"py.warnings"}
{"timestamp":"2026-07-13T11:03:34.811267Z","level":"info","event":"Filling up the DagBag from /opt/airflow/dags/scrape_dag.py","logger":"airflow.dag_processing.dagbag.BundleDagBag","filename":"dagbag.py","lineno":460}
{"timestamp":"2026-07-13T11:03:34.957596Z","level":"warning","event":"Setting email on a task is deprecated; please migrate to SmtpNotifier.","category":"UserWarning","filename":"/home/airflow/.local/lib/python3.13/site-packages/airflow/providers/standard/operators/python.py","lineno":194,"logger":"py.warnings"}
{"timestamp":"2026-07-13T11:03:34.957760Z","level":"warning","event":"Setting email_on_retry on a task is deprecated; please migrate to SmtpNotifier.","category":"UserWarning","filename":"/home/airflow/.local/lib/python3.13/site-packages/airflow/providers/standard/operators/python.py","lineno":194,"logger":"py.warnings"}
{"timestamp":"2026-07-13T11:03:34.957832Z","level":"warning","event":"Setting email_on_failure on a task is deprecated; please migrate to SmtpNotifier.","category":"UserWarning","filename":"/home/airflow/.local/lib/python3.13/site-packages/airflow/providers/standard/operators/python.py","lineno":194,"logger":"py.warnings"}
{"timestamp":"2026-07-13T11:04:05.371659Z","level":"info","event":"Filling up the DagBag from /opt/airflow/dags/scrape_dag.py","logger":"airflow.dag_processing.dagbag.BundleDagBag","filename":"dagbag.py","lineno":460}
{"timestamp":"2026-07-13T11:04:05.570924Z","level":"warning","event":"Setting email on a task is deprecated; please migrate to SmtpNotifier.","category":"UserWarning","filename":"/home/airflow/.local/lib/python3.13/site-packages/airflow/providers/standard/operators/python.py","lineno":194,"logger":"py.warnings"}
{"timestamp":"2026-07-13T11:04:05.571396Z","level":"warning","event":"Setting email_on_retry on a task is deprecated; please migrate to SmtpNotifier.","category":"UserWarning","filename":"/home/airflow/.local/lib/python3.13/site-packages/airflow/providers/standard/operators/python.py","lineno":194,"logger":"py.warnings"}
{"timestamp":"2026-07-13T11:04:05.571703Z","level":"warning","event":"Setting email_on_failure on a task is deprecated; please migrate to SmtpNotifier.","category":"UserWarning","filename":"/home/airflow/.local/lib/python3.13/site-packages/airflow/providers/standard/operators/python.py","lineno":194,"logger":"py.warnings"}
{"timestamp":"2026-07-13T11:04:35.766661Z","level":"info","event":"Filling up the DagBag from /opt/airflow/dags/scrape_dag.py","logger":"airflow.dag_processing.dagbag.BundleDagBag","filename":"dagbag.py","lineno":460}
{"timestamp":"2026-07-13T11:04:35.923231Z","level":"warning","event":"Setting email on a task is deprecated; please migrate to SmtpNotifier.","category":"UserWarning","filename":"/home/airflow/.local/lib/python3.13/site-packages/airflow/providers/standard/operators/python.py","lineno":194,"logger":"py.warnings"}
{"timestamp":"2026-07-13T11:04:35.923359Z","level":"warning","event":"Setting email_on_retry on a task is deprecated; please migrate to SmtpNotifier.","category":"UserWarning","filename":"/home/airflow/.local/lib/python3.13/site-packages/airflow/providers/standard/operators/python.py","lineno":194,"logger":"py.warnings"}
{"timestamp":"2026-07-13T11:04:35.923400Z","level":"warning","event":"Setting email_on_failure on a task is deprecated; please migrate to SmtpNotifier.","category":"UserWarning","filename":"/home/airflow/.local/lib/python3.13/site-packages/airflow/providers/standard/operators/python.py","lineno":194,"logger":"py.warnings"}
{"timestamp":"2026-07-13T11:05:06.220816Z","level":"info","event":"Filling up the DagBag from /opt/airflow/dags/scrape_dag.py","logger":"airflow.dag_processing.dagbag.BundleDagBag","filename":"dagbag.py","lineno":460}
{"timestamp":"2026-07-13T11:05:06.448171Z","level":"warning","event":"Setting email on a task is deprecated; please migrate to SmtpNotifier.","category":"UserWarning","filename":"/home/airflow/.local/lib/python3.13/site-packages/airflow/providers/standard/operators/python.py","lineno":194,"logger":"py.warnings"}
{"timestamp":"2026-07-13T11:05:06.448391Z","level":"warning","event":"Setting email_on_retry on a task is deprecated; please migrate to SmtpNotifier.","category":"UserWarning","filename":"/home/airflow/.local/lib/python3.13/site-packages/airflow/providers/standard/operators/python.py","lineno":194,"logger":"py.warnings"}
{"timestamp":"2026-07-13T11:05:06.448471Z","level":"warning","event":"Setting email_on_failure on a task is deprecated; please migrate to SmtpNotifier.","category":"UserWarning","filename":"/home/airflow/.local/lib/python3.13/site-packages/airflow/providers/standard/operators/python.py","lineno":194,"logger":"py.warnings"}
{"timestamp":"2026-07-13T11:05:37.845740Z","level":"info","event":"Filling up the DagBag from /opt/airflow/dags/scrape_dag.py","logger":"airflow.dag_processing.dagbag.BundleDagBag","filename":"dagbag.py","lineno":460}
{"timestamp":"2026-07-13T11:05:38.457601Z","level":"warning","event":"Setting email on a task is deprecated; please migrate to SmtpNotifier.","category":"UserWarning","filename":"/home/airflow/.local/lib/python3.13/site-packages/airflow/providers/standard/operators/python.py","lineno":194,"logger":"py.warnings"}
{"timestamp":"2026-07-13T11:05:38.458002Z","level":"warning","event":"Setting email_on_retry on a task is deprecated; please migrate to SmtpNotifier.","category":"UserWarning","filename":"/home/airflow/.local/lib/python3.13/site-packages/airflow/providers/standard/operators/python.py","lineno":194,"logger":"py.warnings"}
{"timestamp":"2026-07-13T11:05:38.458061Z","level":"warning","event":"Setting email_on_failure on a task is deprecated; please migrate to SmtpNotifier.","category":"UserWarning","filename":"/home/airflow/.local/lib/python3.13/site-packages/airflow/providers/standard/operators/python.py","lineno":194,"logger":"py.warnings"}
{"timestamp":"2026-07-13T11:06:09.528948Z","level":"info","event":"Filling up the DagBag from /opt/airflow/dags/scrape_dag.py","logger":"airflow.dag_processing.dagbag.BundleDagBag","filename":"dagbag.py","lineno":460}
{"timestamp":"2026-07-13T11:06:09.664718Z","level":"warning","event":"Setting email on a task is deprecated; please migrate to SmtpNotifier.","category":"UserWarning","filename":"/home/airflow/.local/lib/python3.13/site-packages/airflow/providers/standard/operators/python.py","lineno":194,"logger":"py.warnings"}
{"timestamp":"2026-07-13T11:06:09.664825Z","level":"warning","event":"Setting email_on_retry on a task is deprecated; please migrate to SmtpNotifier.","category":"UserWarning","filename":"/home/airflow/.local/lib/python3.13/site-packages/airflow/providers/standard/operators/python.py","lineno":194,"logger":"py.warnings"}
{"timestamp":"2026-07-13T11:06:09.664863Z","level":"warning","event":"Setting email_on_failure on a task is deprecated; please migrate to SmtpNotifier.","category":"UserWarning","filename":"/home/airflow/.local/lib/python3.13/site-packages/airflow/providers/standard/operators/python.py","lineno":194,"logger":"py.warnings"}
{"timestamp":"2026-07-13T11:06:40.422204Z","level":"info","event":"Filling up the DagBag from /opt/airflow/dags/scrape_dag.py","logger":"airflow.dag_processing.dagbag.BundleDagBag","filename":"dagbag.py","lineno":460}
{"timestamp":"2026-07-13T11:06:40.870229Z","level":"warning","event":"Setting email on a task is deprecated; please migrate to SmtpNotifier.","category":"UserWarning","filename":"/home/airflow/.local/lib/python3.13/site-packages/airflow/providers/standard/operators/python.py","lineno":194,"logger":"py.warnings"}
{"timestamp":"2026-07-13T11:06:40.870579Z","level":"warning","event":"Setting email_on_retry on a task is deprecated; please migrate to SmtpNotifier.","category":"UserWarning","filename":"/home/airflow/.local/lib/python3.13/site-packages/airflow/providers/standard/operators/python.py","lineno":194,"logger":"py.warnings"}
{"timestamp":"2026-07-13T11:06:40.870667Z","level":"warning","event":"Setting email_on_failure on a task is deprecated; please migrate to SmtpNotifier.","category":"UserWarning","filename":"/home/airflow/.local/lib/python3.13/site-packages/airflow/providers/standard/operators/python.py","lineno":194,"logger":"py.warnings"}
{"timestamp":"2026-07-13T11:07:31.610460Z","level":"info","event":"Filling up the DagBag from /opt/airflow/dags/scrape_dag.py","logger":"airflow.dag_processing.dagbag.BundleDagBag","filename":"dagbag.py","lineno":460}
{"timestamp":"2026-07-13T11:07:34.325573Z","level":"warning","event":"Setting email on a task is deprecated; please migrate to SmtpNotifier.","category":"UserWarning","filename":"/home/airflow/.local/lib/python3.13/site-packages/airflow/providers/standard/operators/python.py","lineno":194,"logger":"py.warnings"}
{"timestamp":"2026-07-13T11:07:34.325951Z","level":"warning","event":"Setting email_on_retry on a task is deprecated; please migrate to SmtpNotifier.","category":"UserWarning","filename":"/home/airflow/.local/lib/python3.13/site-packages/airflow/providers/standard/operators/python.py","lineno":194,"logger":"py.warnings"}
{"timestamp":"2026-07-13T11:07:34.326054Z","level":"warning","event":"Setting email_on_failure on a task is deprecated; please migrate to SmtpNotifier.","category":"UserWarning","filename":"/home/airflow/.local/lib/python3.13/site-packages/airflow/providers/standard/operators/python.py","lineno":194,"logger":"py.warnings"}
{"timestamp":"2026-07-13T11:08:10.313890Z","level":"info","event":"Filling up the DagBag from /opt/airflow/dags/scrape_dag.py","logger":"airflow.dag_processing.dagbag.BundleDagBag","filename":"dagbag.py","lineno":460}
{"timestamp":"2026-07-13T11:08:10.516656Z","level":"warning","event":"Setting email on a task is deprecated; please migrate to SmtpNotifier.","category":"UserWarning","filename":"/home/airflow/.local/lib/python3.13/site-packages/airflow/providers/standard/operators/python.py","lineno":194,"logger":"py.warnings"}
{"timestamp":"2026-07-13T11:08:10.516805Z","level":"warning","event":"Setting email_on_retry on a task is deprecated; please migrate to SmtpNotifier.","category":"UserWarning","filename":"/home/airflow/.local/lib/python3.13/site-packages/airflow/providers/standard/operators/python.py","lineno":194,"logger":"py.warnings"}
{"timestamp":"2026-07-13T11:08:10.516873Z","level":"warning","event":"Setting email_on_failure on a task is deprecated; please migrate to SmtpNotifier.","category":"UserWarning","filename":"/home/airflow/.local/lib/python3.13/site-packages/airflow/providers/standard/operators/python.py","lineno":194,"logger":"py.warnings"}
{"timestamp":"2026-07-13T11:08:41.912730Z","level":"info","event":"Filling up the DagBag from /opt/airflow/dags/scrape_dag.py","logger":"airflow.dag_processing.dagbag.BundleDagBag","filename":"dagbag.py","lineno":460}
{"timestamp":"2026-07-13T11:08:42.195593Z","level":"warning","event":"Setting email on a task is deprecated; please migrate to SmtpNotifier.","category":"UserWarning","filename":"/home/airflow/.local/lib/python3.13/site-packages/airflow/providers/standard/operators/python.py","lineno":194,"logger":"py.warnings"}
{"timestamp":"2026-07-13T11:08:42.196239Z","level":"warning","event":"Setting email_on_retry on a task is deprecated; please migrate to SmtpNotifier.","category":"UserWarning","filename":"/home/airflow/.local/lib/python3.13/site-packages/airflow/providers/standard/operators/python.py","lineno":194,"logger":"py.warnings"}
{"timestamp":"2026-07-13T11:08:42.196543Z","level":"warning","event":"Setting email_on_failure on a task is deprecated; please migrate to SmtpNotifier.","category":"UserWarning","filename":"/home/airflow/.local/lib/python3.13/site-packages/airflow/providers/standard/operators/python.py","lineno":194,"logger":"py.warnings"}
{"timestamp":"2026-07-13T11:09:12.803933Z","level":"info","event":"Filling up the DagBag from /opt/airflow/dags/scrape_dag.py","logger":"airflow.dag_processing.dagbag.BundleDagBag","filename":"dagbag.py","lineno":460}
{"timestamp":"2026-07-13T11:09:12.933398Z","level":"warning","event":"Setting email on a task is deprecated; please migrate to SmtpNotifier.","category":"UserWarning","filename":"/home/airflow/.local/lib/python3.13/site-packages/airflow/providers/standard/operators/python.py","lineno":194,"logger":"py.warnings"}
{"timestamp":"2026-07-13T11:09:12.933498Z","level":"warning","event":"Setting email_on_retry on a task is deprecated; please migrate to SmtpNotifier.","category":"UserWarning","filename":"/home/airflow/.local/lib/python3.13/site-packages/airflow/providers/standard/operators/python.py","lineno":194,"logger":"py.warnings"}
{"timestamp":"2026-07-13T11:09:12.933535Z","level":"warning","event":"Setting email_on_failure on a task is deprecated; please migrate to SmtpNotifier.","category":"UserWarning","filename":"/home/airflow/.local/lib/python3.13/site-packages/airflow/providers/standard/operators/python.py","lineno":194,"logger":"py.warnings"}
{"timestamp":"2026-07-13T11:09:43.009228Z","level":"info","event":"Filling up the DagBag from /opt/airflow/dags/scrape_dag.py","logger":"airflow.dag_processing.dagbag.BundleDagBag","filename":"dagbag.py","lineno":460}
{"timestamp":"2026-07-13T11:09:43.115789Z","level":"warning","event":"Setting email on a task is deprecated; please migrate to SmtpNotifier.","category":"UserWarning","filename":"/home/airflow/.local/lib/python3.13/site-packages/airflow/providers/standard/operators/python.py","lineno":194,"logger":"py.warnings"}
{"timestamp":"2026-07-13T11:09:43.115904Z","level":"warning","event":"Setting email_on_retry on a task is deprecated; please migrate to SmtpNotifier.","category":"UserWarning","filename":"/home/airflow/.local/lib/python3.13/site-packages/airflow/providers/standard/operators/python.py","lineno":194,"logger":"py.warnings"}
{"timestamp":"2026-07-13T11:09:43.115967Z","level":"warning","event":"Setting email_on_failure on a task is deprecated; please migrate to SmtpNotifier.","category":"UserWarning","filename":"/home/airflow/.local/lib/python3.13/site-packages/airflow/providers/standard/operators/python.py","lineno":194,"logger":"py.warnings"}
{"timestamp":"2026-07-13T11:10:13.236265Z","level":"info","event":"Filling up the DagBag from /opt/airflow/dags/scrape_dag.py","logger":"airflow.dag_processing.dagbag.BundleDagBag","filename":"dagbag.py","lineno":460}
{"timestamp":"2026-07-13T11:10:13.340837Z","level":"warning","event":"Setting email on a task is deprecated; please migrate to SmtpNotifier.","category":"UserWarning","filename":"/home/airflow/.local/lib/python3.13/site-packages/airflow/providers/standard/operators/python.py","lineno":194,"logger":"py.warnings"}
{"timestamp":"2026-07-13T11:10:13.340933Z","level":"warning","event":"Setting email_on_retry on a task is deprecated; please migrate to SmtpNotifier.","category":"UserWarning","filename":"/home/airflow/.local/lib/python3.13/site-packages/airflow/providers/standard/operators/python.py","lineno":194,"logger":"py.warnings"}
{"timestamp":"2026-07-13T11:10:13.340981Z","level":"warning","event":"Setting email_on_failure on a task is deprecated; please migrate to SmtpNotifier.","category":"UserWarning","filename":"/home/airflow/.local/lib/python3.13/site-packages/airflow/providers/standard/operators/python.py","lineno":194,"logger":"py.warnings"}
{"timestamp":"2026-07-13T11:10:44.963044Z","level":"info","event":"Filling up the DagBag from /opt/airflow/dags/scrape_dag.py","logger":"airflow.dag_processing.dagbag.BundleDagBag","filename":"dagbag.py","lineno":460}
{"timestamp":"2026-07-13T11:10:45.114605Z","level":"warning","event":"Setting email on a task is deprecated; please migrate to SmtpNotifier.","category":"UserWarning","filename":"/home/airflow/.local/lib/python3.13/site-packages/airflow/providers/standard/operators/python.py","lineno":194,"logger":"py.warnings"}
{"timestamp":"2026-07-13T11:10:45.114765Z","level":"warning","event":"Setting email_on_retry on a task is deprecated; please migrate to SmtpNotifier.","category":"UserWarning","filename":"/home/airflow/.local/lib/python3.13/site-packages/airflow/providers/standard/operators/python.py","lineno":194,"logger":"py.warnings"}
{"timestamp":"2026-07-13T11:10:45.114823Z","level":"warning","event":"Setting email_on_failure on a task is deprecated; please migrate to SmtpNotifier.","category":"UserWarning","filename":"/home/airflow/.local/lib/python3.13/site-packages/airflow/providers/standard/operators/python.py","lineno":194,"logger":"py.warnings"}
{"timestamp":"2026-07-13T11:11:16.588102Z","level":"info","event":"Filling up the DagBag from /opt/airflow/dags/scrape_dag.py","logger":"airflow.dag_processing.dagbag.BundleDagBag","filename":"dagbag.py","lineno":460}
{"timestamp":"2026-07-13T11:11:16.714605Z","level":"warning","event":"Setting email on a task is deprecated; please migrate to SmtpNotifier.","category":"UserWarning","filename":"/home/airflow/.local/lib/python3.13/site-packages/airflow/providers/standard/operators/python.py","lineno":194,"logger":"py.warnings"}
{"timestamp":"2026-07-13T11:11:16.714732Z","level":"warning","event":"Setting email_on_retry on a task is deprecated; please migrate to SmtpNotifier.","category":"UserWarning","filename":"/home/airflow/.local/lib/python3.13/site-packages/airflow/providers/standard/operators/python.py","lineno":194,"logger":"py.warnings"}
{"timestamp":"2026-07-13T11:11:16.714779Z","level":"warning","event":"Setting email_on_failure on a task is deprecated; please migrate to SmtpNotifier.","category":"UserWarning","filename":"/home/airflow/.local/lib/python3.13/site-packages/airflow/providers/standard/operators/python.py","lineno":194,"logger":"py.warnings"}
{"timestamp":"2026-07-13T11:11:47.879760Z","level":"info","event":"Filling up the DagBag from /opt/airflow/dags/scrape_dag.py","logger":"airflow.dag_processing.dagbag.BundleDagBag","filename":"dagbag.py","lineno":460}
{"timestamp":"2026-07-13T11:11:48.028033Z","level":"warning","event":"Setting email on a task is deprecated; please migrate to SmtpNotifier.","category":"UserWarning","filename":"/home/airflow/.local/lib/python3.13/site-packages/airflow/providers/standard/operators/python.py","lineno":194,"logger":"py.warnings"}
{"timestamp":"2026-07-13T11:11:48.028144Z","level":"warning","event":"Setting email_on_retry on a task is deprecated; please migrate to SmtpNotifier.","category":"UserWarning","filename":"/home/airflow/.local/lib/python3.13/site-packages/airflow/providers/standard/operators/python.py","lineno":194,"logger":"py.warnings"}
{"timestamp":"2026-07-13T11:11:48.028184Z","level":"warning","event":"Setting email_on_failure on a task is deprecated; please migrate to SmtpNotifier.","category":"UserWarning","filename":"/home/airflow/.local/lib/python3.13/site-packages/airflow/providers/standard/operators/python.py","lineno":194,"logger":"py.warnings"}
{"timestamp":"2026-07-13T11:12:19.199434Z","level":"info","event":"Filling up the DagBag from /opt/airflow/dags/scrape_dag.py","logger":"airflow.dag_processing.dagbag.BundleDagBag","filename":"dagbag.py","lineno":460}
{"timestamp":"2026-07-13T11:12:19.522103Z","level":"warning","event":"Setting email on a task is deprecated; please migrate to SmtpNotifier.","category":"UserWarning","filename":"/home/airflow/.local/lib/python3.13/site-packages/airflow/providers/standard/operators/python.py","lineno":194,"logger":"py.warnings"}
{"timestamp":"2026-07-13T11:12:19.523099Z","level":"warning","event":"Setting email_on_retry on a task is deprecated; please migrate to SmtpNotifier.","category":"UserWarning","filename":"/home/airflow/.local/lib/python3.13/site-packages/airflow/providers/standard/operators/python.py","lineno":194,"logger":"py.warnings"}
{"timestamp":"2026-07-13T11:12:19.523504Z","level":"warning","event":"Setting email_on_failure on a task is deprecated; please migrate to SmtpNotifier.","category":"UserWarning","filename":"/home/airflow/.local/lib/python3.13/site-packages/airflow/providers/standard/operators/python.py","lineno":194,"logger":"py.warnings"}
{"timestamp":"2026-07-13T11:12:51.176591Z","level":"info","event":"Filling up the DagBag from /opt/airflow/dags/scrape_dag.py","logger":"airflow.dag_processing.dagbag.BundleDagBag","filename":"dagbag.py","lineno":460}
{"timestamp":"2026-07-13T11:12:51.335357Z","level":"warning","event":"Setting email on a task is deprecated; please migrate to SmtpNotifier.","category":"UserWarning","filename":"/home/airflow/.local/lib/python3.13/site-packages/airflow/providers/standard/operators/python.py","lineno":194,"logger":"py.warnings"}
{"timestamp":"2026-07-13T11:12:51.335520Z","level":"warning","event":"Setting email_on_retry on a task is deprecated; please migrate to SmtpNotifier.","category":"UserWarning","filename":"/home/airflow/.local/lib/python3.13/site-packages/airflow/providers/standard/operators/python.py","lineno":194,"logger":"py.warnings"}
{"timestamp":"2026-07-13T11:12:51.335590Z","level":"warning","event":"Setting email_on_failure on a task is deprecated; please migrate to SmtpNotifier.","category":"UserWarning","filename":"/home/airflow/.local/lib/python3.13/site-packages/airflow/providers/standard/operators/python.py","lineno":194,"logger":"py.warnings"}
{"timestamp":"2026-07-13T11:13:21.699108Z","level":"info","event":"Filling up the DagBag from /opt/airflow/dags/scrape_dag.py","logger":"airflow.dag_processing.dagbag.BundleDagBag","filename":"dagbag.py","lineno":460}
{"timestamp":"2026-07-13T11:13:21.842402Z","level":"warning","event":"Setting email on a task is deprecated; please migrate to SmtpNotifier.","category":"UserWarning","filename":"/home/airflow/.local/lib/python3.13/site-packages/airflow/providers/standard/operators/python.py","lineno":194,"logger":"py.warnings"}
{"timestamp":"2026-07-13T11:13:21.842549Z","level":"warning","event":"Setting email_on_retry on a task is deprecated; please migrate to SmtpNotifier.","category":"UserWarning","filename":"/home/airflow/.local/lib/python3.13/site-packages/airflow/providers/standard/operators/python.py","lineno":194,"logger":"py.warnings"}
{"timestamp":"2026-07-13T11:13:21.842604Z","level":"warning","event":"Setting email_on_failure on a task is deprecated; please migrate to SmtpNotifier.","category":"UserWarning","filename":"/home/airflow/.local/lib/python3.13/site-packages/airflow/providers/standard/operators/python.py","lineno":194,"logger":"py.warnings"}
{"timestamp":"2026-07-13T11:13:52.515322Z","level":"info","event":"Filling up the DagBag from /opt/airflow/dags/scrape_dag.py","logger":"airflow.dag_processing.dagbag.BundleDagBag","filename":"dagbag.py","lineno":460}
{"timestamp":"2026-07-13T11:13:52.702108Z","level":"warning","event":"Setting email on a task is deprecated; please migrate to SmtpNotifier.","category":"UserWarning","filename":"/home/airflow/.local/lib/python3.13/site-packages/airflow/providers/standard/operators/python.py","lineno":194,"logger":"py.warnings"}
{"timestamp":"2026-07-13T11:13:52.702235Z","level":"warning","event":"Setting email_on_retry on a task is deprecated; please migrate to SmtpNotifier.","category":"UserWarning","filename":"/home/airflow/.local/lib/python3.13/site-packages/airflow/providers/standard/operators/python.py","lineno":194,"logger":"py.warnings"}
{"timestamp":"2026-07-13T11:13:52.702311Z","level":"warning","event":"Setting email_on_failure on a task is deprecated; please migrate to SmtpNotifier.","category":"UserWarning","filename":"/home/airflow/.local/lib/python3.13/site-packages/airflow/providers/standard/operators/python.py","lineno":194,"logger":"py.warnings"}
{"timestamp":"2026-07-13T11:14:22.979248Z","level":"info","event":"Filling up the DagBag from /opt/airflow/dags/scrape_dag.py","logger":"airflow.dag_processing.dagbag.BundleDagBag","filename":"dagbag.py","lineno":460}
{"timestamp":"2026-07-13T11:14:23.170766Z","level":"warning","event":"Setting email on a task is deprecated; please migrate to SmtpNotifier.","category":"UserWarning","filename":"/home/airflow/.local/lib/python3.13/site-packages/airflow/providers/standard/operators/python.py","lineno":194,"logger":"py.warnings"}
{"timestamp":"2026-07-13T11:14:23.170899Z","level":"warning","event":"Setting email_on_retry on a task is deprecated; please migrate to SmtpNotifier.","category":"UserWarning","filename":"/home/airflow/.local/lib/python3.13/site-packages/airflow/providers/standard/operators/python.py","lineno":194,"logger":"py.warnings"}
{"timestamp":"2026-07-13T11:14:23.170959Z","level":"warning","event":"Setting email_on_failure on a task is deprecated; please migrate to SmtpNotifier.","category":"UserWarning","filename":"/home/airflow/.local/lib/python3.13/site-packages/airflow/providers/standard/operators/python.py","lineno":194,"logger":"py.warnings"}
{"timestamp":"2026-07-13T11:14:53.681896Z","level":"info","event":"Filling up the DagBag from /opt/airflow/dags/scrape_dag.py","logger":"airflow.dag_processing.dagbag.BundleDagBag","filename":"dagbag.py","lineno":460}
{"timestamp":"2026-07-13T11:14:53.856210Z","level":"warning","event":"Setting email on a task is deprecated; please migrate to SmtpNotifier.","category":"UserWarning","filename":"/home/airflow/.local/lib/python3.13/site-packages/airflow/providers/standard/operators/python.py","lineno":194,"logger":"py.warnings"}
{"timestamp":"2026-07-13T11:14:53.856328Z","level":"warning","event":"Setting email_on_retry on a task is deprecated; please migrate to SmtpNotifier.","category":"UserWarning","filename":"/home/airflow/.local/lib/python3.13/site-packages/airflow/providers/standard/operators/python.py","lineno":194,"logger":"py.warnings"}
{"timestamp":"2026-07-13T11:14:53.856434Z","level":"warning","event":"Setting email_on_failure on a task is deprecated; please migrate to SmtpNotifier.","category":"UserWarning","filename":"/home/airflow/.local/lib/python3.13/site-packages/airflow/providers/standard/operators/python.py","lineno":194,"logger":"py.warnings"}
{"timestamp":"2026-07-13T11:15:24.382942Z","level":"info","event":"Filling up the DagBag from /opt/airflow/dags/scrape_dag.py","logger":"airflow.dag_processing.dagbag.BundleDagBag","filename":"dagbag.py","lineno":460}
{"timestamp":"2026-07-13T11:15:24.553787Z","level":"warning","event":"Setting email on a task is deprecated; please migrate to SmtpNotifier.","category":"UserWarning","filename":"/home/airflow/.local/lib/python3.13/site-packages/airflow/providers/standard/operators/python.py","lineno":194,"logger":"py.warnings"}
{"timestamp":"2026-07-13T11:15:24.553874Z","level":"warning","event":"Setting email_on_retry on a task is deprecated; please migrate to SmtpNotifier.","category":"UserWarning","filename":"/home/airflow/.local/lib/python3.13/site-packages/airflow/providers/standard/operators/python.py","lineno":194,"logger":"py.warnings"}
{"timestamp":"2026-07-13T11:15:24.553917Z","level":"warning","event":"Setting email_on_failure on a task is deprecated; please migrate to SmtpNotifier.","category":"UserWarning","filename":"/home/airflow/.local/lib/python3.13/site-packages/airflow/providers/standard/operators/python.py","lineno":194,"logger":"py.warnings"}
{"timestamp":"2026-07-13T11:15:55.380681Z","level":"info","event":"Filling up the DagBag from /opt/airflow/dags/scrape_dag.py","logger":"airflow.dag_processing.dagbag.BundleDagBag","filename":"dagbag.py","lineno":460}
{"timestamp":"2026-07-13T11:15:55.597241Z","level":"warning","event":"Setting email on a task is deprecated; please migrate to SmtpNotifier.","category":"UserWarning","filename":"/home/airflow/.local/lib/python3.13/site-packages/airflow/providers/standard/operators/python.py","lineno":194,"logger":"py.warnings"}
{"timestamp":"2026-07-13T11:15:55.597387Z","level":"warning","event":"Setting email_on_retry on a task is deprecated; please migrate to SmtpNotifier.","category":"UserWarning","filename":"/home/airflow/.local/lib/python3.13/site-packages/airflow/providers/standard/operators/python.py","lineno":194,"logger":"py.warnings"}
{"timestamp":"2026-07-13T11:15:55.597462Z","level":"warning","event":"Setting email_on_failure on a task is deprecated; please migrate to SmtpNotifier.","category":"UserWarning","filename":"/home/airflow/.local/lib/python3.13/site-packages/airflow/providers/standard/operators/python.py","lineno":194,"logger":"py.warnings"}
{"timestamp":"2026-07-13T11:16:26.116565Z","level":"info","event":"Filling up the DagBag from /opt/airflow/dags/scrape_dag.py","logger":"airflow.dag_processing.dagbag.BundleDagBag","filename":"dagbag.py","lineno":460}
{"timestamp":"2026-07-13T11:16:26.312097Z","level":"warning","event":"Setting email on a task is deprecated; please migrate to SmtpNotifier.","category":"UserWarning","filename":"/home/airflow/.local/lib/python3.13/site-packages/airflow/providers/standard/operators/python.py","lineno":194,"logger":"py.warnings"}
{"timestamp":"2026-07-13T11:16:26.312328Z","level":"warning","event":"Setting email_on_retry on a task is deprecated; please migrate to SmtpNotifier.","category":"UserWarning","filename":"/home/airflow/.local/lib/python3.13/site-packages/airflow/providers/standard/operators/python.py","lineno":194,"logger":"py.warnings"}
{"timestamp":"2026-07-13T11:16:26.312432Z","level":"warning","event":"Setting email_on_failure on a task is deprecated; please migrate to SmtpNotifier.","category":"UserWarning","filename":"/home/airflow/.local/lib/python3.13/site-packages/airflow/providers/standard/operators/python.py","lineno":194,"logger":"py.warnings"}
{"timestamp":"2026-07-13T11:16:56.426028Z","level":"info","event":"Filling up the DagBag from /opt/airflow/dags/scrape_dag.py","logger":"airflow.dag_processing.dagbag.BundleDagBag","filename":"dagbag.py","lineno":460}
{"timestamp":"2026-07-13T11:16:56.581797Z","level":"warning","event":"Setting email on a task is deprecated; please migrate to SmtpNotifier.","category":"UserWarning","filename":"/home/airflow/.local/lib/python3.13/site-packages/airflow/providers/standard/operators/python.py","lineno":194,"logger":"py.warnings"}
{"timestamp":"2026-07-13T11:16:56.581877Z","level":"warning","event":"Setting email_on_retry on a task is deprecated; please migrate to SmtpNotifier.","category":"UserWarning","filename":"/home/airflow/.local/lib/python3.13/site-packages/airflow/providers/standard/operators/python.py","lineno":194,"logger":"py.warnings"}
{"timestamp":"2026-07-13T11:16:56.581915Z","level":"warning","event":"Setting email_on_failure on a task is deprecated; please migrate to SmtpNotifier.","category":"UserWarning","filename":"/home/airflow/.local/lib/python3.13/site-packages/airflow/providers/standard/operators/python.py","lineno":194,"logger":"py.warnings"}
{"timestamp":"2026-07-13T11:17:27.248825Z","level":"info","event":"Filling up the DagBag from /opt/airflow/dags/scrape_dag.py","logger":"airflow.dag_processing.dagbag.BundleDagBag","filename":"dagbag.py","lineno":460}
{"timestamp":"2026-07-13T11:17:28.170321Z","level":"warning","event":"Setting email on a task is deprecated; please migrate to SmtpNotifier.","category":"UserWarning","filename":"/home/airflow/.local/lib/python3.13/site-packages/airflow/providers/standard/operators/python.py","lineno":194,"logger":"py.warnings"}
{"timestamp":"2026-07-13T11:17:28.170676Z","level":"warning","event":"Setting email_on_retry on a task is deprecated; please migrate to SmtpNotifier.","category":"UserWarning","filename":"/home/airflow/.local/lib/python3.13/site-packages/airflow/providers/standard/operators/python.py","lineno":194,"logger":"py.warnings"}
{"timestamp":"2026-07-13T11:17:28.170731Z","level":"warning","event":"Setting email_on_failure on a task is deprecated; please migrate to SmtpNotifier.","category":"UserWarning","filename":"/home/airflow/.local/lib/python3.13/site-packages/airflow/providers/standard/operators/python.py","lineno":194,"logger":"py.warnings"}
{"timestamp":"2026-07-13T11:18:24.772340Z","level":"info","event":"Filling up the DagBag from /opt/airflow/dags/scrape_dag.py","logger":"airflow.dag_processing.dagbag.BundleDagBag","filename":"dagbag.py","lineno":460}
{"timestamp":"2026-07-13T11:18:25.278381Z","level":"warning","event":"Setting email on a task is deprecated; please migrate to SmtpNotifier.","category":"UserWarning","filename":"/home/airflow/.local/lib/python3.13/site-packages/airflow/providers/standard/operators/python.py","lineno":194,"logger":"py.warnings"}
{"timestamp":"2026-07-13T11:18:25.278608Z","level":"warning","event":"Setting email_on_retry on a task is deprecated; please migrate to SmtpNotifier.","category":"UserWarning","filename":"/home/airflow/.local/lib/python3.13/site-packages/airflow/providers/standard/operators/python.py","lineno":194,"logger":"py.warnings"}
{"timestamp":"2026-07-13T11:18:25.278647Z","level":"warning","event":"Setting email_on_failure on a task is deprecated; please migrate to SmtpNotifier.","category":"UserWarning","filename":"/home/airflow/.local/lib/python3.13/site-packages/airflow/providers/standard/operators/python.py","lineno":194,"logger":"py.warnings"}
{"timestamp":"2026-07-13T11:19:05.168824Z","level":"info","event":"Filling up the DagBag from /opt/airflow/dags/scrape_dag.py","logger":"airflow.dag_processing.dagbag.BundleDagBag","filename":"dagbag.py","lineno":460}
{"timestamp":"2026-07-13T11:19:09.523428Z","level":"warning","event":"Setting email on a task is deprecated; please migrate to SmtpNotifier.","category":"UserWarning","filename":"/home/airflow/.local/lib/python3.13/site-packages/airflow/providers/standard/operators/python.py","lineno":194,"logger":"py.warnings"}
{"timestamp":"2026-07-13T11:19:09.525623Z","level":"warning","event":"Setting email_on_retry on a task is deprecated; please migrate to SmtpNotifier.","category":"UserWarning","filename":"/home/airflow/.local/lib/python3.13/site-packages/airflow/providers/standard/operators/python.py","lineno":194,"logger":"py.warnings"}
{"timestamp":"2026-07-13T11:19:09.526109Z","level":"warning","event":"Setting email_on_failure on a task is deprecated; please migrate to SmtpNotifier.","category":"UserWarning","filename":"/home/airflow/.local/lib/python3.13/site-packages/airflow/providers/standard/operators/python.py","lineno":194,"logger":"py.warnings"}
{"timestamp":"2026-07-13T11:20:19.756413Z","level":"info","event":"Filling up the DagBag from /opt/airflow/dags/scrape_dag.py","logger":"airflow.dag_processing.dagbag.BundleDagBag","filename":"dagbag.py","lineno":460}
{"timestamp":"2026-07-13T11:20:21.645483Z","level":"warning","event":"Setting email on a task is deprecated; please migrate to SmtpNotifier.","category":"UserWarning","filename":"/home/airflow/.local/lib/python3.13/site-packages/airflow/providers/standard/operators/python.py","lineno":194,"logger":"py.warnings"}
{"timestamp":"2026-07-13T11:20:21.646731Z","level":"warning","event":"Setting email_on_retry on a task is deprecated; please migrate to SmtpNotifier.","category":"UserWarning","filename":"/home/airflow/.local/lib/python3.13/site-packages/airflow/providers/standard/operators/python.py","lineno":194,"logger":"py.warnings"}
{"timestamp":"2026-07-13T11:20:21.647017Z","level":"warning","event":"Setting email_on_failure on a task is deprecated; please migrate to SmtpNotifier.","category":"UserWarning","filename":"/home/airflow/.local/lib/python3.13/site-packages/airflow/providers/standard/operators/python.py","lineno":194,"logger":"py.warnings"}
{"timestamp":"2026-07-13T11:20:55.047887Z","level":"info","event":"Filling up the DagBag from /opt/airflow/dags/scrape_dag.py","logger":"airflow.dag_processing.dagbag.BundleDagBag","filename":"dagbag.py","lineno":460}
{"timestamp":"2026-07-13T11:20:55.377861Z","level":"warning","event":"Setting email on a task is deprecated; please migrate to SmtpNotifier.","category":"UserWarning","filename":"/home/airflow/.local/lib/python3.13/site-packages/airflow/providers/standard/operators/python.py","lineno":194,"logger":"py.warnings"}
{"timestamp":"2026-07-13T11:20:55.378380Z","level":"warning","event":"Setting email_on_retry on a task is deprecated; please migrate to SmtpNotifier.","category":"UserWarning","filename":"/home/airflow/.local/lib/python3.13/site-packages/airflow/providers/standard/operators/python.py","lineno":194,"logger":"py.warnings"}
{"timestamp":"2026-07-13T11:20:55.378647Z","level":"warning","event":"Setting email_on_failure on a task is deprecated; please migrate to SmtpNotifier.","category":"UserWarning","filename":"/home/airflow/.local/lib/python3.13/site-packages/airflow/providers/standard/operators/python.py","lineno":194,"logger":"py.warnings"}
{"timestamp":"2026-07-13T11:21:53.257251Z","level":"info","event":"Filling up the DagBag from /opt/airflow/dags/scrape_dag.py","logger":"airflow.dag_processing.dagbag.BundleDagBag","filename":"dagbag.py","lineno":460}
{"timestamp":"2026-07-13T11:21:54.008707Z","level":"warning","event":"Setting email on a task is deprecated; please migrate to SmtpNotifier.","category":"UserWarning","filename":"/home/airflow/.local/lib/python3.13/site-packages/airflow/providers/standard/operators/python.py","lineno":194,"logger":"py.warnings"}
{"timestamp":"2026-07-13T11:21:54.009014Z","level":"warning","event":"Setting email_on_retry on a task is deprecated; please migrate to SmtpNotifier.","category":"UserWarning","filename":"/home/airflow/.local/lib/python3.13/site-packages/airflow/providers/standard/operators/python.py","lineno":194,"logger":"py.warnings"}
{"timestamp":"2026-07-13T11:21:54.009105Z","level":"warning","event":"Setting email_on_failure on a task is deprecated; please migrate to SmtpNotifier.","category":"UserWarning","filename":"/home/airflow/.local/lib/python3.13/site-packages/airflow/providers/standard/operators/python.py","lineno":194,"logger":"py.warnings"}
{"timestamp":"2026-07-13T11:22:24.292915Z","level":"info","event":"Filling up the DagBag from /opt/airflow/dags/scrape_dag.py","logger":"airflow.dag_processing.dagbag.BundleDagBag","filename":"dagbag.py","lineno":460}
{"timestamp":"2026-07-13T11:22:24.629239Z","level":"warning","event":"Setting email on a task is deprecated; please migrate to SmtpNotifier.","category":"UserWarning","filename":"/home/airflow/.local/lib/python3.13/site-packages/airflow/providers/standard/operators/python.py","lineno":194,"logger":"py.warnings"}
{"timestamp":"2026-07-13T11:22:24.629571Z","level":"warning","event":"Setting email_on_retry on a task is deprecated; please migrate to SmtpNotifier.","category":"UserWarning","filename":"/home/airflow/.local/lib/python3.13/site-packages/airflow/providers/standard/operators/python.py","lineno":194,"logger":"py.warnings"}
{"timestamp":"2026-07-13T11:22:24.629744Z","level":"warning","event":"Setting email_on_failure on a task is deprecated; please migrate to SmtpNotifier.","category":"UserWarning","filename":"/home/airflow/.local/lib/python3.13/site-packages/airflow/providers/standard/operators/python.py","lineno":194,"logger":"py.warnings"}
{"timestamp":"2026-07-13T11:22:55.414831Z","level":"info","event":"Filling up the DagBag from /opt/airflow/dags/scrape_dag.py","logger":"airflow.dag_processing.dagbag.BundleDagBag","filename":"dagbag.py","lineno":460}
{"timestamp":"2026-07-13T11:22:55.613105Z","level":"warning","event":"Setting email on a task is deprecated; please migrate to SmtpNotifier.","category":"UserWarning","filename":"/home/airflow/.local/lib/python3.13/site-packages/airflow/providers/standard/operators/python.py","lineno":194,"logger":"py.warnings"}
{"timestamp":"2026-07-13T11:22:55.613230Z","level":"warning","event":"Setting email_on_retry on a task is deprecated; please migrate to SmtpNotifier.","category":"UserWarning","filename":"/home/airflow/.local/lib/python3.13/site-packages/airflow/providers/standard/operators/python.py","lineno":194,"logger":"py.warnings"}
{"timestamp":"2026-07-13T11:22:55.613297Z","level":"warning","event":"Setting email_on_failure on a task is deprecated; please migrate to SmtpNotifier.","category":"UserWarning","filename":"/home/airflow/.local/lib/python3.13/site-packages/airflow/providers/standard/operators/python.py","lineno":194,"logger":"py.warnings"}
{"timestamp":"2026-07-13T11:23:27.043431Z","level":"info","event":"Filling up the DagBag from /opt/airflow/dags/scrape_dag.py","logger":"airflow.dag_processing.dagbag.BundleDagBag","filename":"dagbag.py","lineno":460}
{"timestamp":"2026-07-13T11:23:27.304580Z","level":"warning","event":"Setting email on a task is deprecated; please migrate to SmtpNotifier.","category":"UserWarning","filename":"/home/airflow/.local/lib/python3.13/site-packages/airflow/providers/standard/operators/python.py","lineno":194,"logger":"py.warnings"}
{"timestamp":"2026-07-13T11:23:27.304755Z","level":"warning","event":"Setting email_on_retry on a task is deprecated; please migrate to SmtpNotifier.","category":"UserWarning","filename":"/home/airflow/.local/lib/python3.13/site-packages/airflow/providers/standard/operators/python.py","lineno":194,"logger":"py.warnings"}
{"timestamp":"2026-07-13T11:23:27.304808Z","level":"warning","event":"Setting email_on_failure on a task is deprecated; please migrate to SmtpNotifier.","category":"UserWarning","filename":"/home/airflow/.local/lib/python3.13/site-packages/airflow/providers/standard/operators/python.py","lineno":194,"logger":"py.warnings"}
{"timestamp":"2026-07-13T11:23:58.312837Z","level":"info","event":"Filling up the DagBag from /opt/airflow/dags/scrape_dag.py","logger":"airflow.dag_processing.dagbag.BundleDagBag","filename":"dagbag.py","lineno":460}
{"timestamp":"2026-07-13T11:23:58.565938Z","level":"warning","event":"Setting email on a task is deprecated; please migrate to SmtpNotifier.","category":"UserWarning","filename":"/home/airflow/.local/lib/python3.13/site-packages/airflow/providers/standard/operators/python.py","lineno":194,"logger":"py.warnings"}
{"timestamp":"2026-07-13T11:23:58.566148Z","level":"warning","event":"Setting email_on_retry on a task is deprecated; please migrate to SmtpNotifier.","category":"UserWarning","filename":"/home/airflow/.local/lib/python3.13/site-packages/airflow/providers/standard/operators/python.py","lineno":194,"logger":"py.warnings"}
{"timestamp":"2026-07-13T11:23:58.566227Z","level":"warning","event":"Setting email_on_failure on a task is deprecated; please migrate to SmtpNotifier.","category":"UserWarning","filename":"/home/airflow/.local/lib/python3.13/site-packages/airflow/providers/standard/operators/python.py","lineno":194,"logger":"py.warnings"}
{"timestamp":"2026-07-13T11:24:29.612338Z","level":"info","event":"Filling up the DagBag from /opt/airflow/dags/scrape_dag.py","logger":"airflow.dag_processing.dagbag.BundleDagBag","filename":"dagbag.py","lineno":460}
{"timestamp":"2026-07-13T11:24:29.773615Z","level":"warning","event":"Setting email on a task is deprecated; please migrate to SmtpNotifier.","category":"UserWarning","filename":"/home/airflow/.local/lib/python3.13/site-packages/airflow/providers/standard/operators/python.py","lineno":194,"logger":"py.warnings"}
{"timestamp":"2026-07-13T11:24:29.773708Z","level":"warning","event":"Setting email_on_retry on a task is deprecated; please migrate to SmtpNotifier.","category":"UserWarning","filename":"/home/airflow/.local/lib/python3.13/site-packages/airflow/providers/standard/operators/python.py","lineno":194,"logger":"py.warnings"}
{"timestamp":"2026-07-13T11:24:29.773745Z","level":"warning","event":"Setting email_on_failure on a task is deprecated; please migrate to SmtpNotifier.","category":"UserWarning","filename":"/home/airflow/.local/lib/python3.13/site-packages/airflow/providers/standard/operators/python.py","lineno":194,"logger":"py.warnings"}
{"timestamp":"2026-07-13T11:24:59.924998Z","level":"info","event":"Filling up the DagBag from /opt/airflow/dags/scrape_dag.py","logger":"airflow.dag_processing.dagbag.BundleDagBag","filename":"dagbag.py","lineno":460}
{"timestamp":"2026-07-13T11:25:00.121585Z","level":"warning","event":"Setting email on a task is deprecated; please migrate to SmtpNotifier.","category":"UserWarning","filename":"/home/airflow/.local/lib/python3.13/site-packages/airflow/providers/standard/operators/python.py","lineno":194,"logger":"py.warnings"}
{"timestamp":"2026-07-13T11:25:00.121976Z","level":"warning","event":"Setting email_on_retry on a task is deprecated; please migrate to SmtpNotifier.","category":"UserWarning","filename":"/home/airflow/.local/lib/python3.13/site-packages/airflow/providers/standard/operators/python.py","lineno":194,"logger":"py.warnings"}
{"timestamp":"2026-07-13T11:25:00.122078Z","level":"warning","event":"Setting email_on_failure on a task is deprecated; please migrate to SmtpNotifier.","category":"UserWarning","filename":"/home/airflow/.local/lib/python3.13/site-packages/airflow/providers/standard/operators/python.py","lineno":194,"logger":"py.warnings"}
{"timestamp":"2026-07-13T11:25:30.408084Z","level":"info","event":"Filling up the DagBag from /opt/airflow/dags/scrape_dag.py","logger":"airflow.dag_processing.dagbag.BundleDagBag","filename":"dagbag.py","lineno":460}
{"timestamp":"2026-07-13T11:25:30.520063Z","level":"warning","event":"Setting email on a task is deprecated; please migrate to SmtpNotifier.","category":"UserWarning","filename":"/home/airflow/.local/lib/python3.13/site-packages/airflow/providers/standard/operators/python.py","lineno":194,"logger":"py.warnings"}
{"timestamp":"2026-07-13T11:25:30.520183Z","level":"warning","event":"Setting email_on_retry on a task is deprecated; please migrate to SmtpNotifier.","category":"UserWarning","filename":"/home/airflow/.local/lib/python3.13/site-packages/airflow/providers/standard/operators/python.py","lineno":194,"logger":"py.warnings"}
{"timestamp":"2026-07-13T11:25:30.520241Z","level":"warning","event":"Setting email_on_failure on a task is deprecated; please migrate to SmtpNotifier.","category":"UserWarning","filename":"/home/airflow/.local/lib/python3.13/site-packages/airflow/providers/standard/operators/python.py","lineno":194,"logger":"py.warnings"}
{"timestamp":"2026-07-13T11:26:01.106557Z","level":"info","event":"Filling up the DagBag from /opt/airflow/dags/scrape_dag.py","logger":"airflow.dag_processing.dagbag.BundleDagBag","filename":"dagbag.py","lineno":460}
{"timestamp":"2026-07-13T11:26:01.207947Z","level":"warning","event":"Setting email on a task is deprecated; please migrate to SmtpNotifier.","category":"UserWarning","filename":"/home/airflow/.local/lib/python3.13/site-packages/airflow/providers/standard/operators/python.py","lineno":194,"logger":"py.warnings"}
{"timestamp":"2026-07-13T11:26:01.208048Z","level":"warning","event":"Setting email_on_retry on a task is deprecated; please migrate to SmtpNotifier.","category":"UserWarning","filename":"/home/airflow/.local/lib/python3.13/site-packages/airflow/providers/standard/operators/python.py","lineno":194,"logger":"py.warnings"}
{"timestamp":"2026-07-13T11:26:01.208096Z","level":"warning","event":"Setting email_on_failure on a task is deprecated; please migrate to SmtpNotifier.","category":"UserWarning","filename":"/home/airflow/.local/lib/python3.13/site-packages/airflow/providers/standard/operators/python.py","lineno":194,"logger":"py.warnings"}
{"timestamp":"2026-07-13T11:26:33.630045Z","level":"info","event":"Filling up the DagBag from /opt/airflow/dags/scrape_dag.py","logger":"airflow.dag_processing.dagbag.BundleDagBag","filename":"dagbag.py","lineno":460}
{"timestamp":"2026-07-13T11:26:33.883410Z","level":"warning","event":"Setting email on a task is deprecated; please migrate to SmtpNotifier.","category":"UserWarning","filename":"/home/airflow/.local/lib/python3.13/site-packages/airflow/providers/standard/operators/python.py","lineno":194,"logger":"py.warnings"}
{"timestamp":"2026-07-13T11:26:33.883558Z","level":"warning","event":"Setting email_on_retry on a task is deprecated; please migrate to SmtpNotifier.","category":"UserWarning","filename":"/home/airflow/.local/lib/python3.13/site-packages/airflow/providers/standard/operators/python.py","lineno":194,"logger":"py.warnings"}
{"timestamp":"2026-07-13T11:26:33.883636Z","level":"warning","event":"Setting email_on_failure on a task is deprecated; please migrate to SmtpNotifier.","category":"UserWarning","filename":"/home/airflow/.local/lib/python3.13/site-packages/airflow/providers/standard/operators/python.py","lineno":194,"logger":"py.warnings"}
{"timestamp":"2026-07-13T11:27:04.750595Z","level":"info","event":"Filling up the DagBag from /opt/airflow/dags/scrape_dag.py","logger":"airflow.dag_processing.dagbag.BundleDagBag","filename":"dagbag.py","lineno":460}
{"timestamp":"2026-07-13T11:27:05.107254Z","level":"warning","event":"Setting email on a task is deprecated; please migrate to SmtpNotifier.","category":"UserWarning","filename":"/home/airflow/.local/lib/python3.13/site-packages/airflow/providers/standard/operators/python.py","lineno":194,"logger":"py.warnings"}
{"timestamp":"2026-07-13T11:27:05.107530Z","level":"warning","event":"Setting email_on_retry on a task is deprecated; please migrate to SmtpNotifier.","category":"UserWarning","filename":"/home/airflow/.local/lib/python3.13/site-packages/airflow/providers/standard/operators/python.py","lineno":194,"logger":"py.warnings"}
{"timestamp":"2026-07-13T11:27:05.107610Z","level":"warning","event":"Setting email_on_failure on a task is deprecated; please migrate to SmtpNotifier.","category":"UserWarning","filename":"/home/airflow/.local/lib/python3.13/site-packages/airflow/providers/standard/operators/python.py","lineno":194,"logger":"py.warnings"}
{"timestamp":"2026-07-13T11:27:36.162306Z","level":"info","event":"Filling up the DagBag from /opt/airflow/dags/scrape_dag.py","logger":"airflow.dag_processing.dagbag.BundleDagBag","filename":"dagbag.py","lineno":460}
{"timestamp":"2026-07-13T11:27:36.456029Z","level":"warning","event":"Setting email on a task is deprecated; please migrate to SmtpNotifier.","category":"UserWarning","filename":"/home/airflow/.local/lib/python3.13/site-packages/airflow/providers/standard/operators/python.py","lineno":194,"logger":"py.warnings"}
{"timestamp":"2026-07-13T11:27:36.456355Z","level":"warning","event":"Setting email_on_retry on a task is deprecated; please migrate to SmtpNotifier.","category":"UserWarning","filename":"/home/airflow/.local/lib/python3.13/site-packages/airflow/providers/standard/operators/python.py","lineno":194,"logger":"py.warnings"}
{"timestamp":"2026-07-13T11:27:36.456524Z","level":"warning","event":"Setting email_on_failure on a task is deprecated; please migrate to SmtpNotifier.","category":"UserWarning","filename":"/home/airflow/.local/lib/python3.13/site-packages/airflow/providers/standard/operators/python.py","lineno":194,"logger":"py.warnings"}
{"timestamp":"2026-07-13T11:28:22.284739Z","level":"info","event":"Filling up the DagBag from /opt/airflow/dags/scrape_dag.py","logger":"airflow.dag_processing.dagbag.BundleDagBag","filename":"dagbag.py","lineno":460}
{"timestamp":"2026-07-13T11:28:23.075652Z","level":"warning","event":"Setting email on a task is deprecated; please migrate to SmtpNotifier.","category":"UserWarning","filename":"/home/airflow/.local/lib/python3.13/site-packages/airflow/providers/standard/operators/python.py","lineno":194,"logger":"py.warnings"}
{"timestamp":"2026-07-13T11:28:23.076308Z","level":"warning","event":"Setting email_on_retry on a task is deprecated; please migrate to SmtpNotifier.","category":"UserWarning","filename":"/home/airflow/.local/lib/python3.13/site-packages/airflow/providers/standard/operators/python.py","lineno":194,"logger":"py.warnings"}
{"timestamp":"2026-07-13T11:28:23.076854Z","level":"warning","event":"Setting email_on_failure on a task is deprecated; please migrate to SmtpNotifier.","category":"UserWarning","filename":"/home/airflow/.local/lib/python3.13/site-packages/airflow/providers/standard/operators/python.py","lineno":194,"logger":"py.warnings"}
{"timestamp":"2026-07-13T11:28:43.839766Z","level":"info","event":"Filling up the DagBag from /opt/airflow/dags/scrape_dag.py","logger":"airflow.dag_processing.dagbag.BundleDagBag","filename":"dagbag.py","lineno":460}
{"timestamp":"2026-07-13T11:28:46.324926Z","level":"warning","event":"Setting email on a task is deprecated; please migrate to SmtpNotifier.","category":"UserWarning","filename":"/home/airflow/.local/lib/python3.13/site-packages/airflow/providers/standard/operators/python.py","lineno":194,"logger":"py.warnings"}
{"timestamp":"2026-07-13T11:28:46.331256Z","level":"warning","event":"Setting email_on_retry on a task is deprecated; please migrate to SmtpNotifier.","category":"UserWarning","filename":"/home/airflow/.local/lib/python3.13/site-packages/airflow/providers/standard/operators/python.py","lineno":194,"logger":"py.warnings"}
{"timestamp":"2026-07-13T11:28:46.331619Z","level":"warning","event":"Setting email_on_failure on a task is deprecated; please migrate to SmtpNotifier.","category":"UserWarning","filename":"/home/airflow/.local/lib/python3.13/site-packages/airflow/providers/standard/operators/python.py","lineno":194,"logger":"py.warnings"}
{"timestamp":"2026-07-13T11:29:12.743394Z","level":"info","event":"Filling up the DagBag from /opt/airflow/dags/scrape_dag.py","logger":"airflow.dag_processing.dagbag.BundleDagBag","filename":"dagbag.py","lineno":460}
{"timestamp":"2026-07-13T11:29:12.780218Z","level":"error","event":"Failed to import: /opt/airflow/dags/scrape_dag.py","logger":"airflow.dag_processing.importers.python_importer","filename":"python_importer.py","lineno":244,"error_detail":[{"exc_type":"SyntaxError","exc_value":"unterminated string literal (detected at line 31) (scrape_dag.py, line 31)","exc_notes":[],"syntax_error":{"offset":48,"filename":"/opt/airflow/dags/scrape_dag.py","line":"        message=\"Error: {str(context[\"exception\"])},","lineno":31,"msg":"unterminated string literal (detected at line 31)"},"is_cause":false,"frames":[{"filename":"/home/airflow/.local/lib/python3.13/site-packages/airflow/dag_processing/importers/python_importer.py","lineno":238,"name":"parse"},{"filename":"<frozen importlib._bootstrap_external>","lineno":1019,"name":"exec_module"},{"filename":"<frozen importlib._bootstrap_external>","lineno":1157,"name":"get_code"},{"filename":"<frozen importlib._bootstrap_external>","lineno":1087,"name":"source_to_code"},{"filename":"<frozen importlib._bootstrap>","lineno":488,"name":"_call_with_frames_removed"}],"is_group":false,"exceptions":[]}]}
{"timestamp":"2026-07-13T11:29:12.788358Z","level":"error","event":"Error loading DAG from scrape_dag.py: unterminated string literal (detected at line 31) (scrape_dag.py, line 31)","logger":"airflow.dag_processing.dagbag.BundleDagBag","filename":"dagbag.py","lineno":319}
{"timestamp":"2026-07-13T11:29:41.073391Z","level":"info","event":"Filling up the DagBag from /opt/airflow/dags/scrape_dag.py","logger":"airflow.dag_processing.dagbag.BundleDagBag","filename":"dagbag.py","lineno":460}
{"timestamp":"2026-07-13T11:29:41.080119Z","level":"error","event":"Failed to import: /opt/airflow/dags/scrape_dag.py","logger":"airflow.dag_processing.importers.python_importer","filename":"python_importer.py","lineno":244,"error_detail":[{"exc_type":"SyntaxError","exc_value":"unterminated f-string literal (detected at line 31) (scrape_dag.py, line 31)","exc_notes":[],"syntax_error":{"offset":17,"filename":"/opt/airflow/dags/scrape_dag.py","line":"        message=f\"Error: {str(context[\"exception\"])},","lineno":31,"msg":"unterminated f-string literal (detected at line 31)"},"is_cause":false,"frames":[{"filename":"/home/airflow/.local/lib/python3.13/site-packages/airflow/dag_processing/importers/python_importer.py","lineno":238,"name":"parse"},{"filename":"<frozen importlib._bootstrap_external>","lineno":1019,"name":"exec_module"},{"filename":"<frozen importlib._bootstrap_external>","lineno":1157,"name":"get_code"},{"filename":"<frozen importlib._bootstrap_external>","lineno":1087,"name":"source_to_code"},{"filename":"<frozen importlib._bootstrap>","lineno":488,"name":"_call_with_frames_removed"}],"is_group":false,"exceptions":[]}]}
{"timestamp":"2026-07-13T11:29:41.087683Z","level":"error","event":"Error loading DAG from scrape_dag.py: unterminated f-string literal (detected at line 31) (scrape_dag.py, line 31)","logger":"airflow.dag_processing.dagbag.BundleDagBag","filename":"dagbag.py","lineno":319}
{"timestamp":"2026-07-13T11:30:11.919106Z","level":"info","event":"Filling up the DagBag from /opt/airflow/dags/scrape_dag.py","logger":"airflow.dag_processing.dagbag.BundleDagBag","filename":"dagbag.py","lineno":460}
{"timestamp":"2026-07-13T11:30:11.932630Z","level":"error","event":"Failed to import: /opt/airflow/dags/scrape_dag.py","logger":"airflow.dag_processing.importers.python_importer","filename":"python_importer.py","lineno":244,"error_detail":[{"exc_type":"SyntaxError","exc_value":"unterminated f-string literal (detected at line 31) (scrape_dag.py, line 31)","exc_notes":[],"syntax_error":{"offset":17,"filename":"/opt/airflow/dags/scrape_dag.py","line":"        message=f\"Error: {str(context[\"exception\"])},","lineno":31,"msg":"unterminated f-string literal (detected at line 31)"},"is_cause":false,"frames":[{"filename":"/home/airflow/.local/lib/python3.13/site-packages/airflow/dag_processing/importers/python_importer.py","lineno":238,"name":"parse"},{"filename":"<frozen importlib._bootstrap_external>","lineno":1019,"name":"exec_module"},{"filename":"<frozen importlib._bootstrap_external>","lineno":1157,"name":"get_code"},{"filename":"<frozen importlib._bootstrap_external>","lineno":1087,"name":"source_to_code"},{"filename":"<frozen importlib._bootstrap>","lineno":488,"name":"_call_with_frames_removed"}],"is_group":false,"exceptions":[]}]}
{"timestamp":"2026-07-13T11:30:11.938149Z","level":"error","event":"Error loading DAG from scrape_dag.py: unterminated f-string literal (detected at line 31) (scrape_dag.py, line 31)","logger":"airflow.dag_processing.dagbag.BundleDagBag","filename":"dagbag.py","lineno":319}
{"timestamp":"2026-07-13T11:30:29.682986Z","level":"info","event":"Filling up the DagBag from /opt/airflow/dags/scrape_dag.py","logger":"airflow.dag_processing.dagbag.BundleDagBag","filename":"dagbag.py","lineno":460}
{"timestamp":"2026-07-13T11:30:30.358725Z","level":"warning","event":"Setting email on a task is deprecated; please migrate to SmtpNotifier.","category":"UserWarning","filename":"/home/airflow/.local/lib/python3.13/site-packages/airflow/providers/standard/operators/python.py","lineno":194,"logger":"py.warnings"}
{"timestamp":"2026-07-13T11:30:30.359445Z","level":"warning","event":"Setting email_on_retry on a task is deprecated; please migrate to SmtpNotifier.","category":"UserWarning","filename":"/home/airflow/.local/lib/python3.13/site-packages/airflow/providers/standard/operators/python.py","lineno":194,"logger":"py.warnings"}
{"timestamp":"2026-07-13T11:30:30.359750Z","level":"warning","event":"Setting email_on_failure on a task is deprecated; please migrate to SmtpNotifier.","category":"UserWarning","filename":"/home/airflow/.local/lib/python3.13/site-packages/airflow/providers/standard/operators/python.py","lineno":194,"logger":"py.warnings"}
{"timestamp":"2026-07-13T11:30:32.766996Z","level":"info","event":"Filling up the DagBag from /opt/airflow/dags/scrape_dag.py","logger":"airflow.dag_processing.dagbag.BundleDagBag","filename":"dagbag.py","lineno":460}
{"timestamp":"2026-07-13T11:30:34.387666Z","level":"warning","event":"Setting email on a task is deprecated; please migrate to SmtpNotifier.","category":"UserWarning","filename":"/home/airflow/.local/lib/python3.13/site-packages/airflow/providers/standard/operators/python.py","lineno":194,"logger":"py.warnings"}
{"timestamp":"2026-07-13T11:30:34.388467Z","level":"warning","event":"Setting email_on_retry on a task is deprecated; please migrate to SmtpNotifier.","category":"UserWarning","filename":"/home/airflow/.local/lib/python3.13/site-packages/airflow/providers/standard/operators/python.py","lineno":194,"logger":"py.warnings"}
{"timestamp":"2026-07-13T11:30:34.388686Z","level":"warning","event":"Setting email_on_failure on a task is deprecated; please migrate to SmtpNotifier.","category":"UserWarning","filename":"/home/airflow/.local/lib/python3.13/site-packages/airflow/providers/standard/operators/python.py","lineno":194,"logger":"py.warnings"}
{"timestamp":"2026-07-13T11:31:05.549477Z","level":"info","event":"Filling up the DagBag from /opt/airflow/dags/scrape_dag.py","logger":"airflow.dag_processing.dagbag.BundleDagBag","filename":"dagbag.py","lineno":460}
{"timestamp":"2026-07-13T11:31:06.023303Z","level":"warning","event":"Setting email on a task is deprecated; please migrate to SmtpNotifier.","category":"UserWarning","filename":"/home/airflow/.local/lib/python3.13/site-packages/airflow/providers/standard/operators/python.py","lineno":194,"logger":"py.warnings"}
{"timestamp":"2026-07-13T11:31:06.023529Z","level":"warning","event":"Setting email_on_retry on a task is deprecated; please migrate to SmtpNotifier.","category":"UserWarning","filename":"/home/airflow/.local/lib/python3.13/site-packages/airflow/providers/standard/operators/python.py","lineno":194,"logger":"py.warnings"}
{"timestamp":"2026-07-13T11:31:06.024039Z","level":"warning","event":"Setting email_on_failure on a task is deprecated; please migrate to SmtpNotifier.","category":"UserWarning","filename":"/home/airflow/.local/lib/python3.13/site-packages/airflow/providers/standard/operators/python.py","lineno":194,"logger":"py.warnings"}
{"timestamp":"2026-07-13T11:31:36.975231Z","level":"info","event":"Filling up the DagBag from /opt/airflow/dags/scrape_dag.py","logger":"airflow.dag_processing.dagbag.BundleDagBag","filename":"dagbag.py","lineno":460}
{"timestamp":"2026-07-13T11:31:37.145774Z","level":"warning","event":"Setting email on a task is deprecated; please migrate to SmtpNotifier.","category":"UserWarning","filename":"/home/airflow/.local/lib/python3.13/site-packages/airflow/providers/standard/operators/python.py","lineno":194,"logger":"py.warnings"}
{"timestamp":"2026-07-13T11:31:37.145943Z","level":"warning","event":"Setting email_on_retry on a task is deprecated; please migrate to SmtpNotifier.","category":"UserWarning","filename":"/home/airflow/.local/lib/python3.13/site-packages/airflow/providers/standard/operators/python.py","lineno":194,"logger":"py.warnings"}
{"timestamp":"2026-07-13T11:31:37.146014Z","level":"warning","event":"Setting email_on_failure on a task is deprecated; please migrate to SmtpNotifier.","category":"UserWarning","filename":"/home/airflow/.local/lib/python3.13/site-packages/airflow/providers/standard/operators/python.py","lineno":194,"logger":"py.warnings"}
{"timestamp":"2026-07-13T11:32:07.890118Z","level":"info","event":"Filling up the DagBag from /opt/airflow/dags/scrape_dag.py","logger":"airflow.dag_processing.dagbag.BundleDagBag","filename":"dagbag.py","lineno":460}
{"timestamp":"2026-07-13T11:32:08.048299Z","level":"warning","event":"Setting email on a task is deprecated; please migrate to SmtpNotifier.","category":"UserWarning","filename":"/home/airflow/.local/lib/python3.13/site-packages/airflow/providers/standard/operators/python.py","lineno":194,"logger":"py.warnings"}
{"timestamp":"2026-07-13T11:32:08.048485Z","level":"warning","event":"Setting email_on_retry on a task is deprecated; please migrate to SmtpNotifier.","category":"UserWarning","filename":"/home/airflow/.local/lib/python3.13/site-packages/airflow/providers/standard/operators/python.py","lineno":194,"logger":"py.warnings"}
{"timestamp":"2026-07-13T11:32:08.048646Z","level":"warning","event":"Setting email_on_failure on a task is deprecated; please migrate to SmtpNotifier.","category":"UserWarning","filename":"/home/airflow/.local/lib/python3.13/site-packages/airflow/providers/standard/operators/python.py","lineno":194,"logger":"py.warnings"}
{"timestamp":"2026-07-13T11:32:38.537759Z","level":"info","event":"Filling up the DagBag from /opt/airflow/dags/scrape_dag.py","logger":"airflow.dag_processing.dagbag.BundleDagBag","filename":"dagbag.py","lineno":460}
{"timestamp":"2026-07-13T11:32:38.742990Z","level":"warning","event":"Setting email on a task is deprecated; please migrate to SmtpNotifier.","category":"UserWarning","filename":"/home/airflow/.local/lib/python3.13/site-packages/airflow/providers/standard/operators/python.py","lineno":194,"logger":"py.warnings"}
{"timestamp":"2026-07-13T11:32:38.743395Z","level":"warning","event":"Setting email_on_retry on a task is deprecated; please migrate to SmtpNotifier.","category":"UserWarning","filename":"/home/airflow/.local/lib/python3.13/site-packages/airflow/providers/standard/operators/python.py","lineno":194,"logger":"py.warnings"}
{"timestamp":"2026-07-13T11:32:38.743445Z","level":"warning","event":"Setting email_on_failure on a task is deprecated; please migrate to SmtpNotifier.","category":"UserWarning","filename":"/home/airflow/.local/lib/python3.13/site-packages/airflow/providers/standard/operators/python.py","lineno":194,"logger":"py.warnings"}
{"timestamp":"2026-07-13T11:33:09.509116Z","level":"info","event":"Filling up the DagBag from /opt/airflow/dags/scrape_dag.py","logger":"airflow.dag_processing.dagbag.BundleDagBag","filename":"dagbag.py","lineno":460}
{"timestamp":"2026-07-13T11:33:09.662137Z","level":"warning","event":"Setting email on a task is deprecated; please migrate to SmtpNotifier.","category":"UserWarning","filename":"/home/airflow/.local/lib/python3.13/site-packages/airflow/providers/standard/operators/python.py","lineno":194,"logger":"py.warnings"}
{"timestamp":"2026-07-13T11:33:09.662299Z","level":"warning","event":"Setting email_on_retry on a task is deprecated; please migrate to SmtpNotifier.","category":"UserWarning","filename":"/home/airflow/.local/lib/python3.13/site-packages/airflow/providers/standard/operators/python.py","lineno":194,"logger":"py.warnings"}
{"timestamp":"2026-07-13T11:33:09.662363Z","level":"warning","event":"Setting email_on_failure on a task is deprecated; please migrate to SmtpNotifier.","category":"UserWarning","filename":"/home/airflow/.local/lib/python3.13/site-packages/airflow/providers/standard/operators/python.py","lineno":194,"logger":"py.warnings"}
{"timestamp":"2026-07-13T11:33:41.178868Z","level":"info","event":"Filling up the DagBag from /opt/airflow/dags/scrape_dag.py","logger":"airflow.dag_processing.dagbag.BundleDagBag","filename":"dagbag.py","lineno":460}
{"timestamp":"2026-07-13T11:33:41.353792Z","level":"warning","event":"Setting email on a task is deprecated; please migrate to SmtpNotifier.","category":"UserWarning","filename":"/home/airflow/.local/lib/python3.13/site-packages/airflow/providers/standard/operators/python.py","lineno":194,"logger":"py.warnings"}
{"timestamp":"2026-07-13T11:33:41.353985Z","level":"warning","event":"Setting email_on_retry on a task is deprecated; please migrate to SmtpNotifier.","category":"UserWarning","filename":"/home/airflow/.local/lib/python3.13/site-packages/airflow/providers/standard/operators/python.py","lineno":194,"logger":"py.warnings"}
{"timestamp":"2026-07-13T11:33:41.354081Z","level":"warning","event":"Setting email_on_failure on a task is deprecated; please migrate to SmtpNotifier.","category":"UserWarning","filename":"/home/airflow/.local/lib/python3.13/site-packages/airflow/providers/standard/operators/python.py","lineno":194,"logger":"py.warnings"}
{"timestamp":"2026-07-13T11:34:12.694231Z","level":"info","event":"Filling up the DagBag from /opt/airflow/dags/scrape_dag.py","logger":"airflow.dag_processing.dagbag.BundleDagBag","filename":"dagbag.py","lineno":460}
{"timestamp":"2026-07-13T11:34:13.056083Z","level":"warning","event":"Setting email on a task is deprecated; please migrate to SmtpNotifier.","category":"UserWarning","filename":"/home/airflow/.local/lib/python3.13/site-packages/airflow/providers/standard/operators/python.py","lineno":194,"logger":"py.warnings"}
{"timestamp":"2026-07-13T11:34:13.056485Z","level":"warning","event":"Setting email_on_retry on a task is deprecated; please migrate to SmtpNotifier.","category":"UserWarning","filename":"/home/airflow/.local/lib/python3.13/site-packages/airflow/providers/standard/operators/python.py","lineno":194,"logger":"py.warnings"}
{"timestamp":"2026-07-13T11:34:13.056581Z","level":"warning","event":"Setting email_on_failure on a task is deprecated; please migrate to SmtpNotifier.","category":"UserWarning","filename":"/home/airflow/.local/lib/python3.13/site-packages/airflow/providers/standard/operators/python.py","lineno":194,"logger":"py.warnings"}
{"timestamp":"2026-07-13T11:34:44.421658Z","level":"info","event":"Filling up the DagBag from /opt/airflow/dags/scrape_dag.py","logger":"airflow.dag_processing.dagbag.BundleDagBag","filename":"dagbag.py","lineno":460}
{"timestamp":"2026-07-13T11:34:44.597435Z","level":"warning","event":"Setting email on a task is deprecated; please migrate to SmtpNotifier.","category":"UserWarning","filename":"/home/airflow/.local/lib/python3.13/site-packages/airflow/providers/standard/operators/python.py","lineno":194,"logger":"py.warnings"}
{"timestamp":"2026-07-13T11:34:44.597549Z","level":"warning","event":"Setting email_on_retry on a task is deprecated; please migrate to SmtpNotifier.","category":"UserWarning","filename":"/home/airflow/.local/lib/python3.13/site-packages/airflow/providers/standard/operators/python.py","lineno":194,"logger":"py.warnings"}
{"timestamp":"2026-07-13T11:34:44.597601Z","level":"warning","event":"Setting email_on_failure on a task is deprecated; please migrate to SmtpNotifier.","category":"UserWarning","filename":"/home/airflow/.local/lib/python3.13/site-packages/airflow/providers/standard/operators/python.py","lineno":194,"logger":"py.warnings"}
{"timestamp":"2026-07-13T11:35:15.229476Z","level":"info","event":"Filling up the DagBag from /opt/airflow/dags/scrape_dag.py","logger":"airflow.dag_processing.dagbag.BundleDagBag","filename":"dagbag.py","lineno":460}
{"timestamp":"2026-07-13T11:35:15.353728Z","level":"warning","event":"Setting email on a task is deprecated; please migrate to SmtpNotifier.","category":"UserWarning","filename":"/home/airflow/.local/lib/python3.13/site-packages/airflow/providers/standard/operators/python.py","lineno":194,"logger":"py.warnings"}
{"timestamp":"2026-07-13T11:35:15.353826Z","level":"warning","event":"Setting email_on_retry on a task is deprecated; please migrate to SmtpNotifier.","category":"UserWarning","filename":"/home/airflow/.local/lib/python3.13/site-packages/airflow/providers/standard/operators/python.py","lineno":194,"logger":"py.warnings"}
{"timestamp":"2026-07-13T11:35:15.353866Z","level":"warning","event":"Setting email_on_failure on a task is deprecated; please migrate to SmtpNotifier.","category":"UserWarning","filename":"/home/airflow/.local/lib/python3.13/site-packages/airflow/providers/standard/operators/python.py","lineno":194,"logger":"py.warnings"}
{"timestamp":"2026-07-13T11:35:45.672073Z","level":"info","event":"Filling up the DagBag from /opt/airflow/dags/scrape_dag.py","logger":"airflow.dag_processing.dagbag.BundleDagBag","filename":"dagbag.py","lineno":460}
{"timestamp":"2026-07-13T11:35:45.926008Z","level":"warning","event":"Setting email on a task is deprecated; please migrate to SmtpNotifier.","category":"UserWarning","filename":"/home/airflow/.local/lib/python3.13/site-packages/airflow/providers/standard/operators/python.py","lineno":194,"logger":"py.warnings"}
{"timestamp":"2026-07-13T11:35:45.926390Z","level":"warning","event":"Setting email_on_retry on a task is deprecated; please migrate to SmtpNotifier.","category":"UserWarning","filename":"/home/airflow/.local/lib/python3.13/site-packages/airflow/providers/standard/operators/python.py","lineno":194,"logger":"py.warnings"}
{"timestamp":"2026-07-13T11:35:45.926458Z","level":"warning","event":"Setting email_on_failure on a task is deprecated; please migrate to SmtpNotifier.","category":"UserWarning","filename":"/home/airflow/.local/lib/python3.13/site-packages/airflow/providers/standard/operators/python.py","lineno":194,"logger":"py.warnings"}
{"timestamp":"2026-07-13T11:36:21.136697Z","level":"info","event":"Filling up the DagBag from /opt/airflow/dags/scrape_dag.py","logger":"airflow.dag_processing.dagbag.BundleDagBag","filename":"dagbag.py","lineno":460}
{"timestamp":"2026-07-13T11:36:21.570691Z","level":"warning","event":"Setting email on a task is deprecated; please migrate to SmtpNotifier.","category":"UserWarning","filename":"/home/airflow/.local/lib/python3.13/site-packages/airflow/providers/standard/operators/python.py","lineno":194,"logger":"py.warnings"}
{"timestamp":"2026-07-13T11:36:21.571433Z","level":"warning","event":"Setting email_on_retry on a task is deprecated; please migrate to SmtpNotifier.","category":"UserWarning","filename":"/home/airflow/.local/lib/python3.13/site-packages/airflow/providers/standard/operators/python.py","lineno":194,"logger":"py.warnings"}
{"timestamp":"2026-07-13T11:36:21.571731Z","level":"warning","event":"Setting email_on_failure on a task is deprecated; please migrate to SmtpNotifier.","category":"UserWarning","filename":"/home/airflow/.local/lib/python3.13/site-packages/airflow/providers/standard/operators/python.py","lineno":194,"logger":"py.warnings"}
{"timestamp":"2026-07-13T11:36:56.010093Z","level":"info","event":"Filling up the DagBag from /opt/airflow/dags/scrape_dag.py","logger":"airflow.dag_processing.dagbag.BundleDagBag","filename":"dagbag.py","lineno":460}
{"timestamp":"2026-07-13T11:36:58.308035Z","level":"warning","event":"Setting email on a task is deprecated; please migrate to SmtpNotifier.","category":"UserWarning","filename":"/home/airflow/.local/lib/python3.13/site-packages/airflow/providers/standard/operators/python.py","lineno":194,"logger":"py.warnings"}
{"timestamp":"2026-07-13T11:36:58.310057Z","level":"warning","event":"Setting email_on_retry on a task is deprecated; please migrate to SmtpNotifier.","category":"UserWarning","filename":"/home/airflow/.local/lib/python3.13/site-packages/airflow/providers/standard/operators/python.py","lineno":194,"logger":"py.warnings"}
{"timestamp":"2026-07-13T11:36:58.310396Z","level":"warning","event":"Setting email_on_failure on a task is deprecated; please migrate to SmtpNotifier.","category":"UserWarning","filename":"/home/airflow/.local/lib/python3.13/site-packages/airflow/providers/standard/operators/python.py","lineno":194,"logger":"py.warnings"}
{"timestamp":"2026-07-13T11:37:29.481792Z","level":"info","event":"Filling up the DagBag from /opt/airflow/dags/scrape_dag.py","logger":"airflow.dag_processing.dagbag.BundleDagBag","filename":"dagbag.py","lineno":460}
{"timestamp":"2026-07-13T11:37:29.812915Z","level":"warning","event":"Setting email on a task is deprecated; please migrate to SmtpNotifier.","category":"UserWarning","filename":"/home/airflow/.local/lib/python3.13/site-packages/airflow/providers/standard/operators/python.py","lineno":194,"logger":"py.warnings"}
{"timestamp":"2026-07-13T11:37:29.813167Z","level":"warning","event":"Setting email_on_retry on a task is deprecated; please migrate to SmtpNotifier.","category":"UserWarning","filename":"/home/airflow/.local/lib/python3.13/site-packages/airflow/providers/standard/operators/python.py","lineno":194,"logger":"py.warnings"}
{"timestamp":"2026-07-13T11:37:29.813347Z","level":"warning","event":"Setting email_on_failure on a task is deprecated; please migrate to SmtpNotifier.","category":"UserWarning","filename":"/home/airflow/.local/lib/python3.13/site-packages/airflow/providers/standard/operators/python.py","lineno":194,"logger":"py.warnings"}
{"timestamp":"2026-07-13T11:38:00.939843Z","level":"info","event":"Filling up the DagBag from /opt/airflow/dags/scrape_dag.py","logger":"airflow.dag_processing.dagbag.BundleDagBag","filename":"dagbag.py","lineno":460}
{"timestamp":"2026-07-13T11:38:01.335179Z","level":"warning","event":"Setting email on a task is deprecated; please migrate to SmtpNotifier.","category":"UserWarning","filename":"/home/airflow/.local/lib/python3.13/site-packages/airflow/providers/standard/operators/python.py","lineno":194,"logger":"py.warnings"}
{"timestamp":"2026-07-13T11:38:01.335399Z","level":"warning","event":"Setting email_on_retry on a task is deprecated; please migrate to SmtpNotifier.","category":"UserWarning","filename":"/home/airflow/.local/lib/python3.13/site-packages/airflow/providers/standard/operators/python.py","lineno":194,"logger":"py.warnings"}
{"timestamp":"2026-07-13T11:38:01.335857Z","level":"warning","event":"Setting email_on_failure on a task is deprecated; please migrate to SmtpNotifier.","category":"UserWarning","filename":"/home/airflow/.local/lib/python3.13/site-packages/airflow/providers/standard/operators/python.py","lineno":194,"logger":"py.warnings"}
{"timestamp":"2026-07-13T11:38:32.135869Z","level":"info","event":"Filling up the DagBag from /opt/airflow/dags/scrape_dag.py","logger":"airflow.dag_processing.dagbag.BundleDagBag","filename":"dagbag.py","lineno":460}
{"timestamp":"2026-07-13T11:38:32.284853Z","level":"warning","event":"Setting email on a task is deprecated; please migrate to SmtpNotifier.","category":"UserWarning","filename":"/home/airflow/.local/lib/python3.13/site-packages/airflow/providers/standard/operators/python.py","lineno":194,"logger":"py.warnings"}
{"timestamp":"2026-07-13T11:38:32.284979Z","level":"warning","event":"Setting email_on_retry on a task is deprecated; please migrate to SmtpNotifier.","category":"UserWarning","filename":"/home/airflow/.local/lib/python3.13/site-packages/airflow/providers/standard/operators/python.py","lineno":194,"logger":"py.warnings"}
{"timestamp":"2026-07-13T11:38:32.285066Z","level":"warning","event":"Setting email_on_failure on a task is deprecated; please migrate to SmtpNotifier.","category":"UserWarning","filename":"/home/airflow/.local/lib/python3.13/site-packages/airflow/providers/standard/operators/python.py","lineno":194,"logger":"py.warnings"}
